{
  "type": "FeatureCollection",
  "features": [
    {
      "type": "Feature",
      "geometry": {
        "type": "Point",
        "coordinates": [
          -117.149373,
          32.712906
        ]
      },
      "properties": {
        "cluster_id": 1,
        "center_lat": 32.712906,
        "center_lng": -117.149373,
        "radius_m": 90.164017,
        "radius_km": 0.09016,
        "start_date": "2023/11/29",
        "end_date": "2024/2/27",
        "start_year": 2023,
        "start_month": 11,
        "end_year": 2024,
        "end_month": 2,
        "duration_days": 90,
        "duration_weeks": 12.86,
        "observed_cases": 750,
        "expected_cases": 107.99,
        "excess_cases": 642.01,
        "obs_exp_ratio": 6.94,
        "llr": 813.355291,
        "p_value": 0.01,
        "is_high_rate": true,
        "is_hierarchical": true,
        "is_gini": false,
        "slider_value": 0.01,
        "n_case_points": 1096,
        "cases_centroid_lat": 32.712995,
        "cases_centroid_lng": -117.149538,
        "center_to_case_centroid_km": 0.0183
      }
    },
    {
      "type": "Feature",
      "geometry": {
        "type": "Point",
        "coordinates": [
          -117.152421,
          32.714485
        ]
      },
      "properties": {
        "cluster_id": 2,
        "center_lat": 32.714485,
        "center_lng": -117.152421,
        "radius_m": 27.6205,
        "radius_km": 0.02762,
        "start_date": "2024/4/17",
        "end_date": "2024/8/13",
        "start_year": 2024,
        "start_month": 4,
        "end_year": 2024,
        "end_month": 8,
        "duration_days": 118,
        "duration_weeks": 16.86,
        "observed_cases": 424,
        "expected_cases": 57.44,
        "excess_cases": 366.56,
        "obs_exp_ratio": 7.38,
        "llr": 481.591534,
        "p_value": 0.01,
        "is_high_rate": true,
        "is_hierarchical": true,
        "is_gini": false,
        "slider_value": 0.01,
        "n_case_points": 519,
        "cases_centroid_lat": 32.714599,
        "cases_centroid_lng": -117.152416,
        "center_to_case_centroid_km": 0.0126
      }
    },
    {
      "type": "Feature",
      "geometry": {
        "type": "Point",
        "coordinates": [
          -117.158929,
          32.740215
        ]
      },
      "properties": {
        "cluster_id": 3,
        "center_lat": 32.740215,
        "center_lng": -117.158929,
        "radius_m": 87.015582,
        "radius_km": 0.08702,
        "start_date": "2022/2/23",
        "end_date": "2022/5/31",
        "start_year": 2022,
        "start_month": 2,
        "end_year": 2022,
        "end_month": 5,
        "duration_days": 97,
        "duration_weeks": 13.86,
        "observed_cases": 403,
        "expected_cases": 55.86,
        "excess_cases": 347.14,
        "obs_exp_ratio": 7.21,
        "llr": 449.776266,
        "p_value": 0.01,
        "is_high_rate": true,
        "is_hierarchical": true,
        "is_gini": false,
        "slider_value": 0.01,
        "n_case_points": 675,
        "cases_centroid_lat": 32.740134,
        "cases_centroid_lng": -117.159109,
        "center_to_case_centroid_km": 0.0191
      }
    },
    {
      "type": "Feature",
      "geometry": {
        "type": "Point",
        "coordinates": [
          -117.164844,
          32.709286
        ]
      },
      "properties": {
        "cluster_id": 4,
        "center_lat": 32.709286,
        "center_lng": -117.164844,
        "radius_m": 77.782289,
        "radius_km": 0.07778,
        "start_date": "2022/1/1",
        "end_date": "2022/3/15",
        "start_year": 2022,
        "start_month": 1,
        "end_year": 2022,
        "end_month": 3,
        "duration_days": 73,
        "duration_weeks": 10.43,
        "observed_cases": 252,
        "expected_cases": 17.79,
        "excess_cases": 234.21,
        "obs_exp_ratio": 14.17,
        "llr": 434.031761,
        "p_value": 0.01,
        "is_high_rate": true,
        "is_hierarchical": true,
        "is_gini": false,
        "slider_value": 0.01,
        "n_case_points": 312,
        "cases_centroid_lat": 32.709353,
        "cases_centroid_lng": -117.16456,
        "center_to_case_centroid_km": 0.0275
      }
    },
    {
      "type": "Feature",
      "geometry": {
        "type": "Point",
        "coordinates": [
          -117.16711,
          32.721997
        ]
      },
      "properties": {
        "cluster_id": 5,
        "center_lat": 32.721997,
        "center_lng": -117.16711,
        "radius_m": 335.657225,
        "radius_km": 0.33566,
        "start_date": "2024/8/14",
        "end_date": "2024/12/31",
        "start_year": 2024,
        "start_month": 8,
        "end_year": 2024,
        "end_month": 12,
        "duration_days": 139,
        "duration_weeks": 19.86,
        "observed_cases": 518,
        "expected_cases": 106.85,
        "excess_cases": 411.15,
        "obs_exp_ratio": 4.85,
        "llr": 407.280939,
        "p_value": 0.01,
        "is_high_rate": true,
        "is_hierarchical": true,
        "is_gini": false,
        "slider_value": 0.01,
        "n_case_points": 1084,
        "cases_centroid_lat": 32.721502,
        "cases_centroid_lng": -117.165787,
        "center_to_case_centroid_km": 0.1355
      }
    },
    {
      "type": "Feature",
      "geometry": {
        "type": "Point",
        "coordinates": [
          -117.158403,
          32.7151
        ]
      },
      "properties": {
        "cluster_id": 6,
        "center_lat": 32.7151,
        "center_lng": -117.158403,
        "radius_m": 50.344006,
        "radius_km": 0.05034,
        "start_date": "2022/10/5",
        "end_date": "2023/8/15",
        "start_year": 2022,
        "start_month": 10,
        "end_year": 2023,
        "end_month": 8,
        "duration_days": 314,
        "duration_weeks": 44.86,
        "observed_cases": 874,
        "expected_cases": 309.87,
        "excess_cases": 564.13,
        "obs_exp_ratio": 2.82,
        "llr": 343.581602,
        "p_value": 0.01,
        "is_high_rate": true,
        "is_hierarchical": true,
        "is_gini": false,
        "slider_value": 0.01,
        "n_case_points": 1106,
        "cases_centroid_lat": 32.714872,
        "cases_centroid_lng": -117.158336,
        "center_to_case_centroid_km": 0.0262
      }
    },
    {
      "type": "Feature",
      "geometry": {
        "type": "Point",
        "coordinates": [
          -117.150996,
          32.708397
        ]
      },
      "properties": {
        "cluster_id": 7,
        "center_lat": 32.708397,
        "center_lng": -117.150996,
        "radius_m": 80.795003,
        "radius_km": 0.0808,
        "start_date": "2023/8/16",
        "end_date": "2023/12/5",
        "start_year": 2023,
        "start_month": 8,
        "end_year": 2023,
        "end_month": 12,
        "duration_days": 111,
        "duration_weeks": 15.86,
        "observed_cases": 552,
        "expected_cases": 153.73,
        "excess_cases": 398.27,
        "obs_exp_ratio": 3.59,
        "llr": 308.081186,
        "p_value": 0.01,
        "is_high_rate": true,
        "is_hierarchical": true,
        "is_gini": false,
        "slider_value": 0.01,
        "n_case_points": 1079,
        "cases_centroid_lat": 32.708469,
        "cases_centroid_lng": -117.150987,
        "center_to_case_centroid_km": 0.0081
      }
    },
    {
      "type": "Feature",
      "geometry": {
        "type": "Point",
        "coordinates": [
          -117.155501,
          32.715755
        ]
      },
      "properties": {
        "cluster_id": 8,
        "center_lat": 32.715755,
        "center_lng": -117.155501,
        "radius_m": 82.1345,
        "radius_km": 0.08213,
        "start_date": "2023/12/20",
        "end_date": "2024/4/30",
        "start_year": 2023,
        "start_month": 12,
        "end_year": 2024,
        "end_month": 4,
        "duration_days": 132,
        "duration_weeks": 18.86,
        "observed_cases": 503,
        "expected_cases": 131.76,
        "excess_cases": 371.24,
        "obs_exp_ratio": 3.82,
        "llr": 303.193162,
        "p_value": 0.01,
        "is_high_rate": true,
        "is_hierarchical": true,
        "is_gini": false,
        "slider_value": 0.01,
        "n_case_points": 887,
        "cases_centroid_lat": 32.715859,
        "cases_centroid_lng": -117.155313,
        "center_to_case_centroid_km": 0.0211
      }
    },
    {
      "type": "Feature",
      "geometry": {
        "type": "Point",
        "coordinates": [
          -117.152998,
          32.715238
        ]
      },
      "properties": {
        "cluster_id": 9,
        "center_lat": 32.715238,
        "center_lng": -117.152998,
        "radius_m": 72.572579,
        "radius_km": 0.07257,
        "start_date": "2023/4/26",
        "end_date": "2024/1/30",
        "start_year": 2023,
        "start_month": 4,
        "end_year": 2024,
        "end_month": 1,
        "duration_days": 279,
        "duration_weeks": 39.86,
        "observed_cases": 909,
        "expected_cases": 359.78,
        "excess_cases": 549.22,
        "obs_exp_ratio": 2.53,
        "llr": 294.65053,
        "p_value": 0.01,
        "is_high_rate": true,
        "is_hierarchical": true,
        "is_gini": false,
        "slider_value": 0.01,
        "n_case_points": 1106,
        "cases_centroid_lat": 32.71518,
        "cases_centroid_lng": -117.153309,
        "center_to_case_centroid_km": 0.0298
      }
    },
    {
      "type": "Feature",
      "geometry": {
        "type": "Point",
        "coordinates": [
          -117.152035,
          32.710341
        ]
      },
      "properties": {
        "cluster_id": 10,
        "center_lat": 32.710341,
        "center_lng": -117.152035,
        "radius_m": 139.315611,
        "radius_km": 0.13932,
        "start_date": "2023/8/9",
        "end_date": "2023/12/12",
        "start_year": 2023,
        "start_month": 8,
        "end_year": 2023,
        "end_month": 12,
        "duration_days": 125,
        "duration_weeks": 17.86,
        "observed_cases": 532,
        "expected_cases": 163.85,
        "excess_cases": 368.15,
        "obs_exp_ratio": 3.25,
        "llr": 258.981786,
        "p_value": 0.01,
        "is_high_rate": true,
        "is_hierarchical": true,
        "is_gini": false,
        "slider_value": 0.01,
        "n_case_points": 1031,
        "cases_centroid_lat": 32.710307,
        "cases_centroid_lng": -117.152318,
        "center_to_case_centroid_km": 0.0267
      }
    },
    {
      "type": "Feature",
      "geometry": {
        "type": "Point",
        "coordinates": [
          -117.060285,
          32.76687
        ]
      },
      "properties": {
        "cluster_id": 11,
        "center_lat": 32.76687,
        "center_lng": -117.060285,
        "radius_m": 277.669799,
        "radius_km": 0.27767,
        "start_date": "2022/2/2",
        "end_date": "2023/1/24",
        "start_year": 2022,
        "start_month": 2,
        "end_year": 2023,
        "end_month": 1,
        "duration_days": 356,
        "duration_weeks": 50.86,
        "observed_cases": 798,
        "expected_cases": 318.61,
        "excess_cases": 479.39,
        "obs_exp_ratio": 2.5,
        "llr": 254.322959,
        "p_value": 0.01,
        "is_high_rate": true,
        "is_hierarchical": true,
        "is_gini": false,
        "slider_value": 0.01,
        "n_case_points": 1058,
        "cases_centroid_lat": 32.765926,
        "cases_centroid_lng": -117.059277,
        "center_to_case_centroid_km": 0.1411
      }
    },
    {
      "type": "Feature",
      "geometry": {
        "type": "Point",
        "coordinates": [
          -117.157615,
          32.711086
        ]
      },
      "properties": {
        "cluster_id": 12,
        "center_lat": 32.711086,
        "center_lng": -117.157615,
        "radius_m": 116.685439,
        "radius_km": 0.11669,
        "start_date": "2023/11/29",
        "end_date": "2024/2/13",
        "start_year": 2023,
        "start_month": 11,
        "end_year": 2024,
        "end_month": 2,
        "duration_days": 76,
        "duration_weeks": 10.86,
        "observed_cases": 368,
        "expected_cases": 86.6,
        "excess_cases": 281.4,
        "obs_exp_ratio": 4.25,
        "llr": 251.387604,
        "p_value": 0.01,
        "is_high_rate": true,
        "is_hierarchical": true,
        "is_gini": false,
        "slider_value": 0.01,
        "n_case_points": 1067,
        "cases_centroid_lat": 32.710793,
        "cases_centroid_lng": -117.158089,
        "center_to_case_centroid_km": 0.0551
      }
    },
    {
      "type": "Feature",
      "geometry": {
        "type": "Point",
        "coordinates": [
          -117.149028,
          32.715605
        ]
      },
      "properties": {
        "cluster_id": 13,
        "center_lat": 32.715605,
        "center_lng": -117.149028,
        "radius_m": 144.512974,
        "radius_km": 0.14451,
        "start_date": "2024/4/10",
        "end_date": "2024/4/23",
        "start_year": 2024,
        "start_month": 4,
        "end_year": 2024,
        "end_month": 4,
        "duration_days": 13,
        "duration_weeks": 1.86,
        "observed_cases": 113,
        "expected_cases": 5.26,
        "excess_cases": 107.74,
        "obs_exp_ratio": 21.48,
        "llr": 238.915136,
        "p_value": 0.01,
        "is_high_rate": true,
        "is_hierarchical": true,
        "is_gini": false,
        "slider_value": 0.01,
        "n_case_points": 395,
        "cases_centroid_lat": 32.715728,
        "cases_centroid_lng": -117.148559,
        "center_to_case_centroid_km": 0.0459
      }
    },
    {
      "type": "Feature",
      "geometry": {
        "type": "Point",
        "coordinates": [
          -117.146909,
          32.706986
        ]
      },
      "properties": {
        "cluster_id": 14,
        "center_lat": 32.706986,
        "center_lng": -117.146909,
        "radius_m": 194.799884,
        "radius_km": 0.1948,
        "start_date": "2023/8/2",
        "end_date": "2023/10/24",
        "start_year": 2023,
        "start_month": 8,
        "end_year": 2023,
        "end_month": 10,
        "duration_days": 83,
        "duration_weeks": 11.86,
        "observed_cases": 421,
        "expected_cases": 116.05,
        "excess_cases": 304.95,
        "obs_exp_ratio": 3.63,
        "llr": 237.965389,
        "p_value": 0.01,
        "is_high_rate": true,
        "is_hierarchical": true,
        "is_gini": false,
        "slider_value": 0.01,
        "n_case_points": 1006,
        "cases_centroid_lat": 32.707315,
        "cases_centroid_lng": -117.147499,
        "center_to_case_centroid_km": 0.0663
      }
    },
    {
      "type": "Feature",
      "geometry": {
        "type": "Point",
        "coordinates": [
          -117.16232,
          32.72027
        ]
      },
      "properties": {
        "cluster_id": 15,
        "center_lat": 32.72027,
        "center_lng": -117.16232,
        "radius_m": 142.884155,
        "radius_km": 0.14288,
        "start_date": "2024/1/24",
        "end_date": "2024/10/22",
        "start_year": 2024,
        "start_month": 1,
        "end_year": 2024,
        "end_month": 10,
        "duration_days": 272,
        "duration_weeks": 38.86,
        "observed_cases": 712,
        "expected_cases": 281.19,
        "excess_cases": 430.81,
        "obs_exp_ratio": 2.53,
        "llr": 231.499806,
        "p_value": 0.01,
        "is_high_rate": true,
        "is_hierarchical": true,
        "is_gini": false,
        "slider_value": 0.01,
        "n_case_points": 1091,
        "cases_centroid_lat": 32.720334,
        "cases_centroid_lng": -117.162411,
        "center_to_case_centroid_km": 0.0111
      }
    },
    {
      "type": "Feature",
      "geometry": {
        "type": "Point",
        "coordinates": [
          -117.150922,
          32.704088
        ]
      },
      "properties": {
        "cluster_id": 16,
        "center_lat": 32.704088,
        "center_lng": -117.150922,
        "radius_m": 264.406541,
        "radius_km": 0.26441,
        "start_date": "2023/5/10",
        "end_date": "2023/8/1",
        "start_year": 2023,
        "start_month": 5,
        "end_year": 2023,
        "end_month": 8,
        "duration_days": 83,
        "duration_weeks": 11.86,
        "observed_cases": 374,
        "expected_cases": 97.99,
        "excess_cases": 276.01,
        "obs_exp_ratio": 3.82,
        "llr": 225.273049,
        "p_value": 0.01,
        "is_high_rate": true,
        "is_hierarchical": true,
        "is_gini": false,
        "slider_value": 0.01,
        "n_case_points": 981,
        "cases_centroid_lat": 32.705182,
        "cases_centroid_lng": -117.150771,
        "center_to_case_centroid_km": 0.1225
      }
    },
    {
      "type": "Feature",
      "geometry": {
        "type": "Point",
        "coordinates": [
          -117.108254,
          32.756915
        ]
      },
      "properties": {
        "cluster_id": 17,
        "center_lat": 32.756915,
        "center_lng": -117.108254,
        "radius_m": 107.371186,
        "radius_km": 0.10737,
        "start_date": "2022/1/1",
        "end_date": "2022/1/25",
        "start_year": 2022,
        "start_month": 1,
        "end_year": 2022,
        "end_month": 1,
        "duration_days": 24,
        "duration_weeks": 3.43,
        "observed_cases": 95,
        "expected_cases": 3.45,
        "excess_cases": 91.55,
        "obs_exp_ratio": 27.51,
        "llr": 223.36956,
        "p_value": 0.01,
        "is_high_rate": true,
        "is_hierarchical": true,
        "is_gini": false,
        "slider_value": 0.01,
        "n_case_points": 187,
        "cases_centroid_lat": 32.75716,
        "cases_centroid_lng": -117.108829,
        "center_to_case_centroid_km": 0.0602
      }
    },
    {
      "type": "Feature",
      "geometry": {
        "type": "Point",
        "coordinates": [
          -117.122058,
          32.749724
        ]
      },
      "properties": {
        "cluster_id": 18,
        "center_lat": 32.749724,
        "center_lng": -117.122058,
        "radius_m": 82.527751,
        "radius_km": 0.08253,
        "start_date": "2023/1/11",
        "end_date": "2023/3/14",
        "start_year": 2023,
        "start_month": 1,
        "end_year": 2023,
        "end_month": 3,
        "duration_days": 62,
        "duration_weeks": 8.86,
        "observed_cases": 227,
        "expected_cases": 37.78,
        "excess_cases": 189.22,
        "obs_exp_ratio": 6.01,
        "llr": 218.005674,
        "p_value": 0.01,
        "is_high_rate": true,
        "is_hierarchical": true,
        "is_gini": false,
        "slider_value": 0.01,
        "n_case_points": 660,
        "cases_centroid_lat": 32.749547,
        "cases_centroid_lng": -117.122306,
        "center_to_case_centroid_km": 0.0304
      }
    },
    {
      "type": "Feature",
      "geometry": {
        "type": "Point",
        "coordinates": [
          -117.157504,
          32.714753
        ]
      },
      "properties": {
        "cluster_id": 19,
        "center_lat": 32.714753,
        "center_lng": -117.157504,
        "radius_m": 45.327172,
        "radius_km": 0.04533,
        "start_date": "2023/4/26",
        "end_date": "2023/8/8",
        "start_year": 2023,
        "start_month": 4,
        "end_year": 2023,
        "end_month": 8,
        "duration_days": 104,
        "duration_weeks": 14.86,
        "observed_cases": 420,
        "expected_cases": 124.63,
        "excess_cases": 295.37,
        "obs_exp_ratio": 3.37,
        "llr": 215.280815,
        "p_value": 0.01,
        "is_high_rate": true,
        "is_hierarchical": true,
        "is_gini": false,
        "slider_value": 0.01,
        "n_case_points": 1060,
        "cases_centroid_lat": 32.714728,
        "cases_centroid_lng": -117.157512,
        "center_to_case_centroid_km": 0.0029
      }
    },
    {
      "type": "Feature",
      "geometry": {
        "type": "Point",
        "coordinates": [
          -117.15818,
          32.713053
        ]
      },
      "properties": {
        "cluster_id": 20,
        "center_lat": 32.713053,
        "center_lng": -117.15818,
        "radius_m": 70.296141,
        "radius_km": 0.0703,
        "start_date": "2023/9/27",
        "end_date": "2023/12/19",
        "start_year": 2023,
        "start_month": 9,
        "end_year": 2023,
        "end_month": 12,
        "duration_days": 83,
        "duration_weeks": 11.86,
        "observed_cases": 252,
        "expected_cases": 48.03,
        "excess_cases": 203.97,
        "obs_exp_ratio": 5.25,
        "llr": 213.941938,
        "p_value": 0.01,
        "is_high_rate": true,
        "is_hierarchical": true,
        "is_gini": false,
        "slider_value": 0.01,
        "n_case_points": 487,
        "cases_centroid_lat": 32.713497,
        "cases_centroid_lng": -117.15813,
        "center_to_case_centroid_km": 0.0496
      }
    },
    {
      "type": "Feature",
      "geometry": {
        "type": "Point",
        "coordinates": [
          -117.161252,
          32.72257
        ]
      },
      "properties": {
        "cluster_id": 21,
        "center_lat": 32.72257,
        "center_lng": -117.161252,
        "radius_m": 71.8694,
        "radius_km": 0.07187,
        "start_date": "2023/7/26",
        "end_date": "2023/10/24",
        "start_year": 2023,
        "start_month": 7,
        "end_year": 2023,
        "end_month": 10,
        "duration_days": 90,
        "duration_weeks": 12.86,
        "observed_cases": 312,
        "expected_cases": 73.91,
        "excess_cases": 238.09,
        "obs_exp_ratio": 4.22,
        "llr": 211.494412,
        "p_value": 0.01,
        "is_high_rate": true,
        "is_hierarchical": true,
        "is_gini": false,
        "slider_value": 0.01,
        "n_case_points": 621,
        "cases_centroid_lat": 32.722816,
        "cases_centroid_lng": -117.161112,
        "center_to_case_centroid_km": 0.0303
      }
    },
    {
      "type": "Feature",
      "geometry": {
        "type": "Point",
        "coordinates": [
          -117.160993,
          32.725338
        ]
      },
      "properties": {
        "cluster_id": 22,
        "center_lat": 32.725338,
        "center_lng": -117.160993,
        "radius_m": 152.546505,
        "radius_km": 0.15255,
        "start_date": "2024/3/20",
        "end_date": "2024/6/18",
        "start_year": 2024,
        "start_month": 3,
        "end_year": 2024,
        "end_month": 6,
        "duration_days": 90,
        "duration_weeks": 12.86,
        "observed_cases": 247,
        "expected_cases": 46.74,
        "excess_cases": 200.26,
        "obs_exp_ratio": 5.28,
        "llr": 211.107575,
        "p_value": 0.01,
        "is_high_rate": true,
        "is_hierarchical": true,
        "is_gini": false,
        "slider_value": 0.01,
        "n_case_points": 523,
        "cases_centroid_lat": 32.72537,
        "cases_centroid_lng": -117.160344,
        "center_to_case_centroid_km": 0.0608
      }
    },
    {
      "type": "Feature",
      "geometry": {
        "type": "Point",
        "coordinates": [
          -117.055322,
          32.755529
        ]
      },
      "properties": {
        "cluster_id": 23,
        "center_lat": 32.755529,
        "center_lng": -117.055322,
        "radius_m": 977.692831,
        "radius_km": 0.97769,
        "start_date": "2022/4/6",
        "end_date": "2022/8/30",
        "start_year": 2022,
        "start_month": 4,
        "end_year": 2022,
        "end_month": 8,
        "duration_days": 146,
        "duration_weeks": 20.86,
        "observed_cases": 390,
        "expected_cases": 111.54,
        "excess_cases": 278.46,
        "obs_exp_ratio": 3.5,
        "llr": 210.08361,
        "p_value": 0.01,
        "is_high_rate": true,
        "is_hierarchical": true,
        "is_gini": false,
        "slider_value": 0.01,
        "n_case_points": 778,
        "cases_centroid_lat": 32.756083,
        "cases_centroid_lng": -117.05865,
        "center_to_case_centroid_km": 0.3172
      }
    },
    {
      "type": "Feature",
      "geometry": {
        "type": "Point",
        "coordinates": [
          -117.122477,
          32.751307
        ]
      },
      "properties": {
        "cluster_id": 24,
        "center_lat": 32.751307,
        "center_lng": -117.122477,
        "radius_m": 158.688109,
        "radius_km": 0.15869,
        "start_date": "2022/3/23",
        "end_date": "2022/10/25",
        "start_year": 2022,
        "start_month": 3,
        "end_year": 2022,
        "end_month": 10,
        "duration_days": 216,
        "duration_weeks": 30.86,
        "observed_cases": 392,
        "expected_cases": 117.09,
        "excess_cases": 274.91,
        "obs_exp_ratio": 3.35,
        "llr": 199.095391,
        "p_value": 0.01,
        "is_high_rate": true,
        "is_hierarchical": true,
        "is_gini": false,
        "slider_value": 0.01,
        "n_case_points": 548,
        "cases_centroid_lat": 32.750645,
        "cases_centroid_lng": -117.122939,
        "center_to_case_centroid_km": 0.0853
      }
    },
    {
      "type": "Feature",
      "geometry": {
        "type": "Point",
        "coordinates": [
          -117.161086,
          32.707572
        ]
      },
      "properties": {
        "cluster_id": 25,
        "center_lat": 32.707572,
        "center_lng": -117.161086,
        "radius_m": 265.293286,
        "radius_km": 0.26529,
        "start_date": "2022/4/6",
        "end_date": "2022/7/12",
        "start_year": 2022,
        "start_month": 4,
        "end_year": 2022,
        "end_month": 7,
        "duration_days": 97,
        "duration_weeks": 13.86,
        "observed_cases": 244,
        "expected_cases": 50.19,
        "excess_cases": 193.81,
        "obs_exp_ratio": 4.86,
        "llr": 192.204573,
        "p_value": 0.01,
        "is_high_rate": true,
        "is_hierarchical": true,
        "is_gini": false,
        "slider_value": 0.01,
        "n_case_points": 566,
        "cases_centroid_lat": 32.708351,
        "cases_centroid_lng": -117.162145,
        "center_to_case_centroid_km": 0.1316
      }
    },
    {
      "type": "Feature",
      "geometry": {
        "type": "Point",
        "coordinates": [
          -117.159171,
          32.714098
        ]
      },
      "properties": {
        "cluster_id": 26,
        "center_lat": 32.714098,
        "center_lng": -117.159171,
        "radius_m": 81.341396,
        "radius_km": 0.08134,
        "start_date": "2023/4/19",
        "end_date": "2023/5/23",
        "start_year": 2023,
        "start_month": 4,
        "end_year": 2023,
        "end_month": 5,
        "duration_days": 34,
        "duration_weeks": 4.86,
        "observed_cases": 185,
        "expected_cases": 30.36,
        "excess_cases": 154.64,
        "obs_exp_ratio": 6.09,
        "llr": 179.782245,
        "p_value": 0.01,
        "is_high_rate": true,
        "is_hierarchical": true,
        "is_gini": false,
        "slider_value": 0.01,
        "n_case_points": 724,
        "cases_centroid_lat": 32.714151,
        "cases_centroid_lng": -117.158515,
        "center_to_case_centroid_km": 0.0616
      }
    },
    {
      "type": "Feature",
      "geometry": {
        "type": "Point",
        "coordinates": [
          -117.15363,
          32.707465
        ]
      },
      "properties": {
        "cluster_id": 27,
        "center_lat": 32.707465,
        "center_lng": -117.15363,
        "radius_m": 97.88644,
        "radius_km": 0.09789,
        "start_date": "2023/7/5",
        "end_date": "2023/8/8",
        "start_year": 2023,
        "start_month": 7,
        "end_year": 2023,
        "end_month": 8,
        "duration_days": 34,
        "duration_weeks": 4.86,
        "observed_cases": 176,
        "expected_cases": 29.68,
        "excess_cases": 146.32,
        "obs_exp_ratio": 5.93,
        "llr": 167.049215,
        "p_value": 0.01,
        "is_high_rate": true,
        "is_hierarchical": true,
        "is_gini": false,
        "slider_value": 0.01,
        "n_case_points": 724,
        "cases_centroid_lat": 32.707877,
        "cases_centroid_lng": -117.153715,
        "center_to_case_centroid_km": 0.0465
      }
    },
    {
      "type": "Feature",
      "geometry": {
        "type": "Point",
        "coordinates": [
          -117.252019,
          32.751754
        ]
      },
      "properties": {
        "cluster_id": 28,
        "center_lat": 32.751754,
        "center_lng": -117.252019,
        "radius_m": 271.391672,
        "radius_km": 0.27139,
        "start_date": "2024/5/15",
        "end_date": "2024/10/8",
        "start_year": 2024,
        "start_month": 5,
        "end_year": 2024,
        "end_month": 10,
        "duration_days": 146,
        "duration_weeks": 20.86,
        "observed_cases": 412,
        "expected_cases": 144.28,
        "excess_cases": 267.72,
        "obs_exp_ratio": 2.86,
        "llr": 164.898571,
        "p_value": 0.01,
        "is_high_rate": true,
        "is_hierarchical": true,
        "is_gini": false,
        "slider_value": 0.01,
        "n_case_points": 1081,
        "cases_centroid_lat": 32.751456,
        "cases_centroid_lng": -117.252088,
        "center_to_case_centroid_km": 0.0337
      }
    },
    {
      "type": "Feature",
      "geometry": {
        "type": "Point",
        "coordinates": [
          -117.249498,
          32.772674
        ]
      },
      "properties": {
        "cluster_id": 29,
        "center_lat": 32.772674,
        "center_lng": -117.249498,
        "radius_m": 1335.751706,
        "radius_km": 1.33575,
        "start_date": "2022/1/1",
        "end_date": "2022/12/6",
        "start_year": 2022,
        "start_month": 1,
        "end_year": 2022,
        "end_month": 12,
        "duration_days": 339,
        "duration_weeks": 48.43,
        "observed_cases": 668,
        "expected_cases": 305.38,
        "excess_cases": 362.62,
        "obs_exp_ratio": 2.19,
        "llr": 160.841336,
        "p_value": 0.01,
        "is_high_rate": true,
        "is_hierarchical": true,
        "is_gini": false,
        "slider_value": 0.01,
        "n_case_points": 1043,
        "cases_centroid_lat": 32.774199,
        "cases_centroid_lng": -117.247501,
        "center_to_case_centroid_km": 0.2522
      }
    },
    {
      "type": "Feature",
      "geometry": {
        "type": "Point",
        "coordinates": [
          -117.064652,
          32.760458
        ]
      },
      "properties": {
        "cluster_id": 30,
        "center_lat": 32.760458,
        "center_lng": -117.064652,
        "radius_m": 169.314306,
        "radius_km": 0.16931,
        "start_date": "2023/6/14",
        "end_date": "2023/8/1",
        "start_year": 2023,
        "start_month": 6,
        "end_year": 2023,
        "end_month": 8,
        "duration_days": 48,
        "duration_weeks": 6.86,
        "observed_cases": 124,
        "expected_cases": 14.29,
        "excess_cases": 109.71,
        "obs_exp_ratio": 8.68,
        "llr": 158.243998,
        "p_value": 0.01,
        "is_high_rate": true,
        "is_hierarchical": true,
        "is_gini": false,
        "slider_value": 0.01,
        "n_case_points": 265,
        "cases_centroid_lat": 32.760458,
        "cases_centroid_lng": -117.065445,
        "center_to_case_centroid_km": 0.0742
      }
    },
    {
      "type": "Feature",
      "geometry": {
        "type": "Point",
        "coordinates": [
          -117.151733,
          32.70928
        ]
      },
      "properties": {
        "cluster_id": 31,
        "center_lat": 32.70928,
        "center_lng": -117.151733,
        "radius_m": 57.134885,
        "radius_km": 0.05713,
        "start_date": "2022/1/1",
        "end_date": "2022/3/15",
        "start_year": 2022,
        "start_month": 1,
        "end_year": 2022,
        "end_month": 3,
        "duration_days": 73,
        "duration_weeks": 10.43,
        "observed_cases": 152,
        "expected_cases": 23.42,
        "excess_cases": 128.58,
        "obs_exp_ratio": 6.49,
        "llr": 155.793219,
        "p_value": 0.01,
        "is_high_rate": true,
        "is_hierarchical": true,
        "is_gini": false,
        "slider_value": 0.01,
        "n_case_points": 412,
        "cases_centroid_lat": 32.709145,
        "cases_centroid_lng": -117.151914,
        "center_to_case_centroid_km": 0.0226
      }
    },
    {
      "type": "Feature",
      "geometry": {
        "type": "Point",
        "coordinates": [
          -117.068583,
          32.752792
        ]
      },
      "properties": {
        "cluster_id": 32,
        "center_lat": 32.752792,
        "center_lng": -117.068583,
        "radius_m": 259.098664,
        "radius_km": 0.2591,
        "start_date": "2024/2/14",
        "end_date": "2024/9/3",
        "start_year": 2024,
        "start_month": 2,
        "end_year": 2024,
        "end_month": 9,
        "duration_days": 202,
        "duration_weeks": 28.86,
        "observed_cases": 194,
        "expected_cases": 39.87,
        "excess_cases": 154.13,
        "obs_exp_ratio": 4.87,
        "llr": 152.934447,
        "p_value": 0.01,
        "is_high_rate": true,
        "is_hierarchical": true,
        "is_gini": false,
        "slider_value": 0.01,
        "n_case_points": 208,
        "cases_centroid_lat": 32.752334,
        "cases_centroid_lng": -117.066849,
        "center_to_case_centroid_km": 0.1699
      }
    },
    {
      "type": "Feature",
      "geometry": {
        "type": "Point",
        "coordinates": [
          -117.183398,
          32.745685
        ]
      },
      "properties": {
        "cluster_id": 33,
        "center_lat": 32.745685,
        "center_lng": -117.183398,
        "radius_m": 292.868333,
        "radius_km": 0.29287,
        "start_date": "2024/9/18",
        "end_date": "2024/9/24",
        "start_year": 2024,
        "start_month": 9,
        "end_year": 2024,
        "end_month": 9,
        "duration_days": 6,
        "duration_weeks": 0.86,
        "observed_cases": 47,
        "expected_cases": 0.76,
        "excess_cases": 46.24,
        "obs_exp_ratio": 61.94,
        "llr": 147.699952,
        "p_value": 0.01,
        "is_high_rate": true,
        "is_hierarchical": true,
        "is_gini": false,
        "slider_value": 0.01,
        "n_case_points": 106,
        "cases_centroid_lat": 32.74415,
        "cases_centroid_lng": -117.183869,
        "center_to_case_centroid_km": 0.1763
      }
    },
    {
      "type": "Feature",
      "geometry": {
        "type": "Point",
        "coordinates": [
          -117.124353,
          32.755505
        ]
      },
      "properties": {
        "cluster_id": 34,
        "center_lat": 32.755505,
        "center_lng": -117.124353,
        "radius_m": 165.573233,
        "radius_km": 0.16557,
        "start_date": "2024/7/31",
        "end_date": "2024/12/31",
        "start_year": 2024,
        "start_month": 7,
        "end_year": 2024,
        "end_month": 12,
        "duration_days": 153,
        "duration_weeks": 21.86,
        "observed_cases": 224,
        "expected_cases": 54.5,
        "excess_cases": 169.5,
        "obs_exp_ratio": 4.11,
        "llr": 147.251703,
        "p_value": 0.01,
        "is_high_rate": true,
        "is_hierarchical": true,
        "is_gini": false,
        "slider_value": 0.01,
        "n_case_points": 492,
        "cases_centroid_lat": 32.755373,
        "cases_centroid_lng": -117.12537,
        "center_to_case_centroid_km": 0.0962
      }
    },
    {
      "type": "Feature",
      "geometry": {
        "type": "Point",
        "coordinates": [
          -117.148972,
          32.707629
        ]
      },
      "properties": {
        "cluster_id": 35,
        "center_lat": 32.707629,
        "center_lng": -117.148972,
        "radius_m": 46.708473,
        "radius_km": 0.04671,
        "start_date": "2024/11/20",
        "end_date": "2024/12/31",
        "start_year": 2024,
        "start_month": 11,
        "end_year": 2024,
        "end_month": 12,
        "duration_days": 41,
        "duration_weeks": 5.86,
        "observed_cases": 77,
        "expected_cases": 4.59,
        "excess_cases": 72.41,
        "obs_exp_ratio": 16.76,
        "llr": 144.698641,
        "p_value": 0.01,
        "is_high_rate": true,
        "is_hierarchical": true,
        "is_gini": false,
        "slider_value": 0.01,
        "n_case_points": 197,
        "cases_centroid_lat": 32.7077,
        "cases_centroid_lng": -117.148845,
        "center_to_case_centroid_km": 0.0143
      }
    },
    {
      "type": "Feature",
      "geometry": {
        "type": "Point",
        "coordinates": [
          -117.214264,
          32.778642
        ]
      },
      "properties": {
        "cluster_id": 36,
        "center_lat": 32.778642,
        "center_lng": -117.214264,
        "radius_m": 1250.482721,
        "radius_km": 1.25048,
        "start_date": "2022/6/29",
        "end_date": "2022/10/18",
        "start_year": 2022,
        "start_month": 6,
        "end_year": 2022,
        "end_month": 10,
        "duration_days": 111,
        "duration_weeks": 15.86,
        "observed_cases": 312,
        "expected_cases": 99.4,
        "excess_cases": 212.6,
        "obs_exp_ratio": 3.14,
        "llr": 144.495081,
        "p_value": 0.01,
        "is_high_rate": true,
        "is_hierarchical": true,
        "is_gini": false,
        "slider_value": 0.01,
        "n_case_points": 936,
        "cases_centroid_lat": 32.775452,
        "cases_centroid_lng": -117.209502,
        "center_to_case_centroid_km": 0.5693
      }
    },
    {
      "type": "Feature",
      "geometry": {
        "type": "Point",
        "coordinates": [
          -117.152724,
          32.707659
        ]
      },
      "properties": {
        "cluster_id": 37,
        "center_lat": 32.707659,
        "center_lng": -117.152724,
        "radius_m": 94.883651,
        "radius_km": 0.09488,
        "start_date": "2023/11/1",
        "end_date": "2023/12/5",
        "start_year": 2023,
        "start_month": 11,
        "end_year": 2023,
        "end_month": 12,
        "duration_days": 34,
        "duration_weeks": 4.86,
        "observed_cases": 207,
        "expected_cases": 47.86,
        "excess_cases": 159.14,
        "obs_exp_ratio": 4.33,
        "llr": 144.128951,
        "p_value": 0.01,
        "is_high_rate": true,
        "is_hierarchical": true,
        "is_gini": false,
        "slider_value": 0.01,
        "n_case_points": 1106,
        "cases_centroid_lat": 32.70803,
        "cases_centroid_lng": -117.152673,
        "center_to_case_centroid_km": 0.0415
      }
    },
    {
      "type": "Feature",
      "geometry": {
        "type": "Point",
        "coordinates": [
          -117.050141,
          32.767709
        ]
      },
      "properties": {
        "cluster_id": 38,
        "center_lat": 32.767709,
        "center_lng": -117.050141,
        "radius_m": 174.33805,
        "radius_km": 0.17434,
        "start_date": "2022/2/2",
        "end_date": "2022/6/28",
        "start_year": 2022,
        "start_month": 2,
        "end_year": 2022,
        "end_month": 6,
        "duration_days": 146,
        "duration_weeks": 20.86,
        "observed_cases": 216,
        "expected_cases": 53.29,
        "excess_cases": 162.71,
        "obs_exp_ratio": 4.05,
        "llr": 139.694965,
        "p_value": 0.01,
        "is_high_rate": true,
        "is_hierarchical": true,
        "is_gini": false,
        "slider_value": 0.01,
        "n_case_points": 419,
        "cases_centroid_lat": 32.768496,
        "cases_centroid_lng": -117.050287,
        "center_to_case_centroid_km": 0.0885
      }
    },
    {
      "type": "Feature",
      "geometry": {
        "type": "Point",
        "coordinates": [
          -117.229402,
          32.866975
        ]
      },
      "properties": {
        "cluster_id": 39,
        "center_lat": 32.866975,
        "center_lng": -117.229402,
        "radius_m": 263.992522,
        "radius_km": 0.26399,
        "start_date": "2022/2/16",
        "end_date": "2022/4/12",
        "start_year": 2022,
        "start_month": 2,
        "end_year": 2022,
        "end_month": 4,
        "duration_days": 55,
        "duration_weeks": 7.86,
        "observed_cases": 82,
        "expected_cases": 6.11,
        "excess_cases": 75.89,
        "obs_exp_ratio": 13.42,
        "llr": 137.060775,
        "p_value": 0.01,
        "is_high_rate": true,
        "is_hierarchical": true,
        "is_gini": false,
        "slider_value": 0.01,
        "n_case_points": 127,
        "cases_centroid_lat": 32.868148,
        "cases_centroid_lng": -117.230026,
        "center_to_case_centroid_km": 0.1429
      }
    },
    {
      "type": "Feature",
      "geometry": {
        "type": "Point",
        "coordinates": [
          -117.067318,
          32.760573
        ]
      },
      "properties": {
        "cluster_id": 40,
        "center_lat": 32.760573,
        "center_lng": -117.067318,
        "radius_m": 82.098789,
        "radius_km": 0.0821,
        "start_date": "2024/7/17",
        "end_date": "2024/11/19",
        "start_year": 2024,
        "start_month": 7,
        "end_year": 2024,
        "end_month": 11,
        "duration_days": 125,
        "duration_weeks": 17.86,
        "observed_cases": 160,
        "expected_cases": 30.36,
        "excess_cases": 129.64,
        "obs_exp_ratio": 5.27,
        "llr": 136.37473,
        "p_value": 0.01,
        "is_high_rate": true,
        "is_hierarchical": true,
        "is_gini": false,
        "slider_value": 0.01,
        "n_case_points": 287,
        "cases_centroid_lat": 32.760558,
        "cases_centroid_lng": -117.067337,
        "center_to_case_centroid_km": 0.0025
      }
    },
    {
      "type": "Feature",
      "geometry": {
        "type": "Point",
        "coordinates": [
          -117.153473,
          32.751746
        ]
      },
      "properties": {
        "cluster_id": 41,
        "center_lat": 32.751746,
        "center_lng": -117.153473,
        "radius_m": 341.371574,
        "radius_km": 0.34137,
        "start_date": "2024/4/17",
        "end_date": "2024/5/28",
        "start_year": 2024,
        "start_month": 4,
        "end_year": 2024,
        "end_month": 5,
        "duration_days": 41,
        "duration_weeks": 5.86,
        "observed_cases": 174,
        "expected_cases": 36.56,
        "excess_cases": 137.44,
        "obs_exp_ratio": 4.76,
        "llr": 134.120648,
        "p_value": 0.01,
        "is_high_rate": true,
        "is_hierarchical": true,
        "is_gini": false,
        "slider_value": 0.01,
        "n_case_points": 877,
        "cases_centroid_lat": 32.750812,
        "cases_centroid_lng": -117.154244,
        "center_to_case_centroid_km": 0.1264
      }
    },
    {
      "type": "Feature",
      "geometry": {
        "type": "Point",
        "coordinates": [
          -117.126921,
          32.763901
        ]
      },
      "properties": {
        "cluster_id": 42,
        "center_lat": 32.763901,
        "center_lng": -117.126921,
        "radius_m": 79.629945,
        "radius_km": 0.07963,
        "start_date": "2023/8/30",
        "end_date": "2023/10/17",
        "start_year": 2023,
        "start_month": 8,
        "end_year": 2023,
        "end_month": 10,
        "duration_days": 48,
        "duration_weeks": 6.86,
        "observed_cases": 93,
        "expected_cases": 9.0,
        "excess_cases": 84.0,
        "obs_exp_ratio": 10.34,
        "llr": 133.25892,
        "p_value": 0.01,
        "is_high_rate": true,
        "is_hierarchical": true,
        "is_gini": false,
        "slider_value": 0.01,
        "n_case_points": 139,
        "cases_centroid_lat": 32.763461,
        "cases_centroid_lng": -117.126753,
        "center_to_case_centroid_km": 0.0514
      }
    },
    {
      "type": "Feature",
      "geometry": {
        "type": "Point",
        "coordinates": [
          -117.141132,
          32.747924
        ]
      },
      "properties": {
        "cluster_id": 43,
        "center_lat": 32.747924,
        "center_lng": -117.141132,
        "radius_m": 73.360447,
        "radius_km": 0.07336,
        "start_date": "2023/3/8",
        "end_date": "2023/4/4",
        "start_year": 2023,
        "start_month": 3,
        "end_year": 2023,
        "end_month": 4,
        "duration_days": 27,
        "duration_weeks": 3.86,
        "observed_cases": 61,
        "expected_cases": 2.66,
        "excess_cases": 58.34,
        "obs_exp_ratio": 22.92,
        "llr": 132.736629,
        "p_value": 0.01,
        "is_high_rate": true,
        "is_hierarchical": true,
        "is_gini": false,
        "slider_value": 0.01,
        "n_case_points": 119,
        "cases_centroid_lat": 32.748004,
        "cases_centroid_lng": -117.141075,
        "center_to_case_centroid_km": 0.0104
      }
    },
    {
      "type": "Feature",
      "geometry": {
        "type": "Point",
        "coordinates": [
          -117.157172,
          32.715554
        ]
      },
      "properties": {
        "cluster_id": 44,
        "center_lat": 32.715554,
        "center_lng": -117.157172,
        "radius_m": 47.151016,
        "radius_km": 0.04715,
        "start_date": "2023/9/27",
        "end_date": "2024/2/20",
        "start_year": 2023,
        "start_month": 9,
        "end_year": 2024,
        "end_month": 2,
        "duration_days": 146,
        "duration_weeks": 20.86,
        "observed_cases": 270,
        "expected_cases": 83.42,
        "excess_cases": 186.58,
        "obs_exp_ratio": 3.24,
        "llr": 130.705409,
        "p_value": 0.01,
        "is_high_rate": true,
        "is_hierarchical": true,
        "is_gini": false,
        "slider_value": 0.01,
        "n_case_points": 446,
        "cases_centroid_lat": 32.715456,
        "cases_centroid_lng": -117.157359,
        "center_to_case_centroid_km": 0.0206
      }
    },
    {
      "type": "Feature",
      "geometry": {
        "type": "Point",
        "coordinates": [
          -117.16025,
          32.712383
        ]
      },
      "properties": {
        "cluster_id": 45,
        "center_lat": 32.712383,
        "center_lng": -117.16025,
        "radius_m": 159.085766,
        "radius_km": 0.15909,
        "start_date": "2022/1/1",
        "end_date": "2022/4/26",
        "start_year": 2022,
        "start_month": 1,
        "end_year": 2022,
        "end_month": 4,
        "duration_days": 115,
        "duration_weeks": 16.43,
        "observed_cases": 188,
        "expected_cases": 43.56,
        "excess_cases": 144.44,
        "obs_exp_ratio": 4.32,
        "llr": 130.556391,
        "p_value": 0.01,
        "is_high_rate": true,
        "is_hierarchical": true,
        "is_gini": false,
        "slider_value": 0.01,
        "n_case_points": 472,
        "cases_centroid_lat": 32.712416,
        "cases_centroid_lng": -117.161045,
        "center_to_case_centroid_km": 0.0745
      }
    },
    {
      "type": "Feature",
      "geometry": {
        "type": "Point",
        "coordinates": [
          -117.156634,
          32.721668
        ]
      },
      "properties": {
        "cluster_id": 46,
        "center_lat": 32.721668,
        "center_lng": -117.156634,
        "radius_m": 341.743982,
        "radius_km": 0.34174,
        "start_date": "2024/8/7",
        "end_date": "2024/12/31",
        "start_year": 2024,
        "start_month": 8,
        "end_year": 2024,
        "end_month": 12,
        "duration_days": 146,
        "duration_weeks": 20.86,
        "observed_cases": 315,
        "expected_cases": 108.25,
        "excess_cases": 206.75,
        "obs_exp_ratio": 2.91,
        "llr": 129.903494,
        "p_value": 0.01,
        "is_high_rate": true,
        "is_hierarchical": true,
        "is_gini": false,
        "slider_value": 0.01,
        "n_case_points": 1021,
        "cases_centroid_lat": 32.721346,
        "cases_centroid_lng": -117.157268,
        "center_to_case_centroid_km": 0.0693
      }
    },
    {
      "type": "Feature",
      "geometry": {
        "type": "Point",
        "coordinates": [
          -117.112323,
          32.781559
        ]
      },
      "properties": {
        "cluster_id": 47,
        "center_lat": 32.781559,
        "center_lng": -117.112323,
        "radius_m": 76.276597,
        "radius_km": 0.07628,
        "start_date": "2022/12/21",
        "end_date": "2023/1/17",
        "start_year": 2022,
        "start_month": 12,
        "end_year": 2023,
        "end_month": 1,
        "duration_days": 27,
        "duration_weeks": 3.86,
        "observed_cases": 51,
        "expected_cases": 1.53,
        "excess_cases": 49.47,
        "obs_exp_ratio": 33.26,
        "llr": 129.270273,
        "p_value": 0.01,
        "is_high_rate": true,
        "is_hierarchical": true,
        "is_gini": false,
        "slider_value": 0.01,
        "n_case_points": 76,
        "cases_centroid_lat": 32.781676,
        "cases_centroid_lng": -117.112646,
        "center_to_case_centroid_km": 0.0329
      }
    },
    {
      "type": "Feature",
      "geometry": {
        "type": "Point",
        "coordinates": [
          -117.157818,
          32.71817
        ]
      },
      "properties": {
        "cluster_id": 48,
        "center_lat": 32.71817,
        "center_lng": -117.157818,
        "radius_m": 153.062336,
        "radius_km": 0.15306,
        "start_date": "2022/7/13",
        "end_date": "2023/1/31",
        "start_year": 2022,
        "start_month": 7,
        "end_year": 2023,
        "end_month": 1,
        "duration_days": 202,
        "duration_weeks": 28.86,
        "observed_cases": 387,
        "expected_cases": 151.71,
        "excess_cases": 235.29,
        "obs_exp_ratio": 2.55,
        "llr": 127.373955,
        "p_value": 0.01,
        "is_high_rate": true,
        "is_hierarchical": true,
        "is_gini": false,
        "slider_value": 0.01,
        "n_case_points": 908,
        "cases_centroid_lat": 32.71783,
        "cases_centroid_lng": -117.156842,
        "center_to_case_centroid_km": 0.0988
      }
    },
    {
      "type": "Feature",
      "geometry": {
        "type": "Point",
        "coordinates": [
          -117.146374,
          32.74149
        ]
      },
      "properties": {
        "cluster_id": 49,
        "center_lat": 32.74149,
        "center_lng": -117.146374,
        "radius_m": 109.79805,
        "radius_km": 0.1098,
        "start_date": "2022/10/26",
        "end_date": "2022/11/22",
        "start_year": 2022,
        "start_month": 10,
        "end_year": 2022,
        "end_month": 11,
        "duration_days": 27,
        "duration_weeks": 3.86,
        "observed_cases": 58,
        "expected_cases": 2.5,
        "excess_cases": 55.5,
        "obs_exp_ratio": 23.24,
        "llr": 126.960392,
        "p_value": 0.01,
        "is_high_rate": true,
        "is_hierarchical": true,
        "is_gini": false,
        "slider_value": 0.01,
        "n_case_points": 112,
        "cases_centroid_lat": 32.740921,
        "cases_centroid_lng": -117.146537,
        "center_to_case_centroid_km": 0.0651
      }
    },
    {
      "type": "Feature",
      "geometry": {
        "type": "Point",
        "coordinates": [
          -117.156357,
          32.714161
        ]
      },
      "properties": {
        "cluster_id": 50,
        "center_lat": 32.714161,
        "center_lng": -117.156357,
        "radius_m": 50.690137,
        "radius_km": 0.05069,
        "start_date": "2023/10/4",
        "end_date": "2024/2/20",
        "start_year": 2023,
        "start_month": 10,
        "end_year": 2024,
        "end_month": 2,
        "duration_days": 139,
        "duration_weeks": 19.86,
        "observed_cases": 213,
        "expected_cases": 58.78,
        "excess_cases": 154.22,
        "obs_exp_ratio": 3.62,
        "llr": 120.11163,
        "p_value": 0.01,
        "is_high_rate": true,
        "is_hierarchical": true,
        "is_gini": false,
        "slider_value": 0.01,
        "n_case_points": 373,
        "cases_centroid_lat": 32.71419,
        "cases_centroid_lng": -117.156523,
        "center_to_case_centroid_km": 0.0159
      }
    },
    {
      "type": "Feature",
      "geometry": {
        "type": "Point",
        "coordinates": [
          -117.108926,
          32.744862
        ]
      },
      "properties": {
        "cluster_id": 51,
        "center_lat": 32.744862,
        "center_lng": -117.108926,
        "radius_m": 9.242491,
        "radius_km": 0.00924,
        "start_date": "2022/5/4",
        "end_date": "2022/10/4",
        "start_year": 2022,
        "start_month": 5,
        "end_year": 2022,
        "end_month": 10,
        "duration_days": 153,
        "duration_weeks": 21.86,
        "observed_cases": 115,
        "expected_cases": 17.88,
        "excess_cases": 97.12,
        "obs_exp_ratio": 6.43,
        "llr": 116.950129,
        "p_value": 0.01,
        "is_high_rate": true,
        "is_hierarchical": true,
        "is_gini": false,
        "slider_value": 0.01,
        "n_case_points": 124,
        "cases_centroid_lat": 32.744884,
        "cases_centroid_lng": -117.108897,
        "center_to_case_centroid_km": 0.0037
      }
    },
    {
      "type": "Feature",
      "geometry": {
        "type": "Point",
        "coordinates": [
          -117.250822,
          32.747325
        ]
      },
      "properties": {
        "cluster_id": 52,
        "center_lat": 32.747325,
        "center_lng": -117.250822,
        "radius_m": 37.061744,
        "radius_km": 0.03706,
        "start_date": "2024/1/31",
        "end_date": "2024/2/13",
        "start_year": 2024,
        "start_month": 1,
        "end_year": 2024,
        "end_month": 2,
        "duration_days": 13,
        "duration_weeks": 1.86,
        "observed_cases": 47,
        "expected_cases": 1.5,
        "excess_cases": 45.5,
        "obs_exp_ratio": 31.34,
        "llr": 116.419557,
        "p_value": 0.01,
        "is_high_rate": true,
        "is_hierarchical": true,
        "is_gini": false,
        "slider_value": 0.01,
        "n_case_points": 98,
        "cases_centroid_lat": 32.747168,
        "cases_centroid_lng": -117.250886,
        "center_to_case_centroid_km": 0.0184
      }
    },
    {
      "type": "Feature",
      "geometry": {
        "type": "Point",
        "coordinates": [
          -117.117964,
          32.90623
        ]
      },
      "properties": {
        "cluster_id": 53,
        "center_lat": 32.90623,
        "center_lng": -117.117964,
        "radius_m": 1243.431892,
        "radius_km": 1.24343,
        "start_date": "2024/11/27",
        "end_date": "2024/12/24",
        "start_year": 2024,
        "start_month": 11,
        "end_year": 2024,
        "end_month": 12,
        "duration_days": 27,
        "duration_weeks": 3.86,
        "observed_cases": 62,
        "expected_cases": 3.78,
        "excess_cases": 58.22,
        "obs_exp_ratio": 16.4,
        "llr": 115.209804,
        "p_value": 0.01,
        "is_high_rate": true,
        "is_hierarchical": true,
        "is_gini": false,
        "slider_value": 0.01,
        "n_case_points": 254,
        "cases_centroid_lat": 32.914423,
        "cases_centroid_lng": -117.117207,
        "center_to_case_centroid_km": 0.9137
      }
    },
    {
      "type": "Feature",
      "geometry": {
        "type": "Point",
        "coordinates": [
          -117.184429,
          32.820302
        ]
      },
      "properties": {
        "cluster_id": 54,
        "center_lat": 32.820302,
        "center_lng": -117.184429,
        "radius_m": 238.352034,
        "radius_km": 0.23835,
        "start_date": "2022/8/31",
        "end_date": "2022/9/20",
        "start_year": 2022,
        "start_month": 8,
        "end_year": 2022,
        "end_month": 9,
        "duration_days": 20,
        "duration_weeks": 2.86,
        "observed_cases": 51,
        "expected_cases": 2.23,
        "excess_cases": 48.77,
        "obs_exp_ratio": 22.82,
        "llr": 110.763632,
        "p_value": 0.01,
        "is_high_rate": true,
        "is_hierarchical": true,
        "is_gini": false,
        "slider_value": 0.01,
        "n_case_points": 120,
        "cases_centroid_lat": 32.820881,
        "cases_centroid_lng": -117.184338,
        "center_to_case_centroid_km": 0.065
      }
    },
    {
      "type": "Feature",
      "geometry": {
        "type": "Point",
        "coordinates": [
          -117.213958,
          32.797045
        ]
      },
      "properties": {
        "cluster_id": 55,
        "center_lat": 32.797045,
        "center_lng": -117.213958,
        "radius_m": 526.593964,
        "radius_km": 0.52659,
        "start_date": "2024/6/19",
        "end_date": "2024/12/17",
        "start_year": 2024,
        "start_month": 6,
        "end_year": 2024,
        "end_month": 12,
        "duration_days": 181,
        "duration_weeks": 25.86,
        "observed_cases": 146,
        "expected_cases": 31.25,
        "excess_cases": 114.75,
        "obs_exp_ratio": 4.67,
        "llr": 110.372344,
        "p_value": 0.01,
        "is_high_rate": true,
        "is_hierarchical": true,
        "is_gini": false,
        "slider_value": 0.01,
        "n_case_points": 217,
        "cases_centroid_lat": 32.796573,
        "cases_centroid_lng": -117.214672,
        "center_to_case_centroid_km": 0.0849
      }
    },
    {
      "type": "Feature",
      "geometry": {
        "type": "Point",
        "coordinates": [
          -117.157404,
          32.713851
        ]
      },
      "properties": {
        "cluster_id": 56,
        "center_lat": 32.713851,
        "center_lng": -117.157404,
        "radius_m": 42.673822,
        "radius_km": 0.04267,
        "start_date": "2023/4/26",
        "end_date": "2023/5/30",
        "start_year": 2023,
        "start_month": 4,
        "end_year": 2023,
        "end_month": 5,
        "duration_days": 34,
        "duration_weeks": 4.86,
        "observed_cases": 165,
        "expected_cases": 39.92,
        "excess_cases": 125.08,
        "obs_exp_ratio": 4.13,
        "llr": 109.138551,
        "p_value": 0.01,
        "is_high_rate": true,
        "is_hierarchical": true,
        "is_gini": false,
        "slider_value": 0.01,
        "n_case_points": 967,
        "cases_centroid_lat": 32.713816,
        "cases_centroid_lng": -117.157448,
        "center_to_case_centroid_km": 0.0057
      }
    },
    {
      "type": "Feature",
      "geometry": {
        "type": "Point",
        "coordinates": [
          -117.252335,
          32.748335
        ]
      },
      "properties": {
        "cluster_id": 57,
        "center_lat": 32.748335,
        "center_lng": -117.252335,
        "radius_m": 57.444867,
        "radius_km": 0.05744,
        "start_date": "2022/6/8",
        "end_date": "2022/6/21",
        "start_year": 2022,
        "start_month": 6,
        "end_year": 2022,
        "end_month": 6,
        "duration_days": 13,
        "duration_weeks": 1.86,
        "observed_cases": 49,
        "expected_cases": 2.09,
        "excess_cases": 46.91,
        "obs_exp_ratio": 23.43,
        "llr": 107.638609,
        "p_value": 0.01,
        "is_high_rate": true,
        "is_hierarchical": true,
        "is_gini": false,
        "slider_value": 0.01,
        "n_case_points": 147,
        "cases_centroid_lat": 32.748478,
        "cases_centroid_lng": -117.252571,
        "center_to_case_centroid_km": 0.0272
      }
    },
    {
      "type": "Feature",
      "geometry": {
        "type": "Point",
        "coordinates": [
          -117.203806,
          32.754241
        ]
      },
      "properties": {
        "cluster_id": 58,
        "center_lat": 32.754241,
        "center_lng": -117.203806,
        "radius_m": 167.013679,
        "radius_km": 0.16701,
        "start_date": "2022/6/29",
        "end_date": "2022/7/12",
        "start_year": 2022,
        "start_month": 6,
        "end_year": 2022,
        "end_month": 7,
        "duration_days": 13,
        "duration_weeks": 1.86,
        "observed_cases": 49,
        "expected_cases": 2.2,
        "excess_cases": 46.8,
        "obs_exp_ratio": 22.28,
        "llr": 105.290817,
        "p_value": 0.01,
        "is_high_rate": true,
        "is_hierarchical": true,
        "is_gini": false,
        "slider_value": 0.01,
        "n_case_points": 163,
        "cases_centroid_lat": 32.754589,
        "cases_centroid_lng": -117.20452,
        "center_to_case_centroid_km": 0.0771
      }
    },
    {
      "type": "Feature",
      "geometry": {
        "type": "Point",
        "coordinates": [
          -117.17105,
          32.730571
        ]
      },
      "properties": {
        "cluster_id": 59,
        "center_lat": 32.730571,
        "center_lng": -117.17105,
        "radius_m": 73.614859,
        "radius_km": 0.07361,
        "start_date": "2022/7/20",
        "end_date": "2022/8/23",
        "start_year": 2022,
        "start_month": 7,
        "end_year": 2022,
        "end_month": 8,
        "duration_days": 34,
        "duration_weeks": 4.86,
        "observed_cases": 62,
        "expected_cases": 4.49,
        "excess_cases": 57.51,
        "obs_exp_ratio": 13.81,
        "llr": 105.260472,
        "p_value": 0.01,
        "is_high_rate": true,
        "is_hierarchical": true,
        "is_gini": false,
        "slider_value": 0.01,
        "n_case_points": 134,
        "cases_centroid_lat": 32.730443,
        "cases_centroid_lng": -117.170673,
        "center_to_case_centroid_km": 0.038
      }
    },
    {
      "type": "Feature",
      "geometry": {
        "type": "Point",
        "coordinates": [
          -117.140696,
          32.712685
        ]
      },
      "properties": {
        "cluster_id": 60,
        "center_lat": 32.712685,
        "center_lng": -117.140696,
        "radius_m": 473.350317,
        "radius_km": 0.47335,
        "start_date": "2022/1/26",
        "end_date": "2022/3/1",
        "start_year": 2022,
        "start_month": 1,
        "end_year": 2022,
        "end_month": 3,
        "duration_days": 34,
        "duration_weeks": 4.86,
        "observed_cases": 115,
        "expected_cases": 20.22,
        "excess_cases": 94.78,
        "obs_exp_ratio": 5.69,
        "llr": 105.138445,
        "p_value": 0.01,
        "is_high_rate": true,
        "is_hierarchical": true,
        "is_gini": false,
        "slider_value": 0.01,
        "n_case_points": 697,
        "cases_centroid_lat": 32.712838,
        "cases_centroid_lng": -117.142458,
        "center_to_case_centroid_km": 0.1657
      }
    },
    {
      "type": "Feature",
      "geometry": {
        "type": "Point",
        "coordinates": [
          -117.054962,
          32.769839
        ]
      },
      "properties": {
        "cluster_id": 61,
        "center_lat": 32.769839,
        "center_lng": -117.054962,
        "radius_m": 270.525085,
        "radius_km": 0.27053,
        "start_date": "2023/2/15",
        "end_date": "2023/6/6",
        "start_year": 2023,
        "start_month": 2,
        "end_year": 2023,
        "end_month": 6,
        "duration_days": 111,
        "duration_weeks": 15.86,
        "observed_cases": 131,
        "expected_cases": 26.93,
        "excess_cases": 104.07,
        "obs_exp_ratio": 4.86,
        "llr": 103.20845,
        "p_value": 0.01,
        "is_high_rate": true,
        "is_hierarchical": true,
        "is_gini": false,
        "slider_value": 0.01,
        "n_case_points": 254,
        "cases_centroid_lat": 32.768946,
        "cases_centroid_lng": -117.054439,
        "center_to_case_centroid_km": 0.1107
      }
    },
    {
      "type": "Feature",
      "geometry": {
        "type": "Point",
        "coordinates": [
          -117.214894,
          32.734446
        ]
      },
      "properties": {
        "cluster_id": 62,
        "center_lat": 32.734446,
        "center_lng": -117.214894,
        "radius_m": 71.696988,
        "radius_km": 0.0717,
        "start_date": "2023/5/17",
        "end_date": "2023/5/30",
        "start_year": 2023,
        "start_month": 5,
        "end_year": 2023,
        "end_month": 5,
        "duration_days": 13,
        "duration_weeks": 1.86,
        "observed_cases": 36,
        "expected_cases": 0.78,
        "excess_cases": 35.22,
        "obs_exp_ratio": 45.92,
        "llr": 102.558833,
        "p_value": 0.01,
        "is_high_rate": true,
        "is_hierarchical": true,
        "is_gini": false,
        "slider_value": 0.01,
        "n_case_points": 42,
        "cases_centroid_lat": 32.734125,
        "cases_centroid_lng": -117.214897,
        "center_to_case_centroid_km": 0.0356
      }
    },
    {
      "type": "Feature",
      "geometry": {
        "type": "Point",
        "coordinates": [
          -117.156996,
          32.714017
        ]
      },
      "properties": {
        "cluster_id": 63,
        "center_lat": 32.714017,
        "center_lng": -117.156996,
        "radius_m": 40.334941,
        "radius_km": 0.04033,
        "start_date": "2024/7/24",
        "end_date": "2024/11/12",
        "start_year": 2024,
        "start_month": 7,
        "end_year": 2024,
        "end_month": 11,
        "duration_days": 111,
        "duration_weeks": 15.86,
        "observed_cases": 162,
        "expected_cases": 41.18,
        "excess_cases": 120.82,
        "obs_exp_ratio": 3.93,
        "llr": 101.127831,
        "p_value": 0.01,
        "is_high_rate": true,
        "is_hierarchical": true,
        "is_gini": false,
        "slider_value": 0.01,
        "n_case_points": 437,
        "cases_centroid_lat": 32.713895,
        "cases_centroid_lng": -117.15707,
        "center_to_case_centroid_km": 0.0152
      }
    },
    {
      "type": "Feature",
      "geometry": {
        "type": "Point",
        "coordinates": [
          -117.093906,
          32.750753
        ]
      },
      "properties": {
        "cluster_id": 64,
        "center_lat": 32.750753,
        "center_lng": -117.093906,
        "radius_m": 184.038041,
        "radius_km": 0.18404,
        "start_date": "2022/1/1",
        "end_date": "2022/7/12",
        "start_year": 2022,
        "start_month": 1,
        "end_year": 2022,
        "end_month": 7,
        "duration_days": 192,
        "duration_weeks": 27.43,
        "observed_cases": 174,
        "expected_cases": 47.1,
        "excess_cases": 126.9,
        "obs_exp_ratio": 3.69,
        "llr": 100.54022,
        "p_value": 0.01,
        "is_high_rate": true,
        "is_hierarchical": true,
        "is_gini": false,
        "slider_value": 0.01,
        "n_case_points": 283,
        "cases_centroid_lat": 32.750255,
        "cases_centroid_lng": -117.094183,
        "center_to_case_centroid_km": 0.0611
      }
    },
    {
      "type": "Feature",
      "geometry": {
        "type": "Point",
        "coordinates": [
          -117.152536,
          32.718701
        ]
      },
      "properties": {
        "cluster_id": 65,
        "center_lat": 32.718701,
        "center_lng": -117.152536,
        "radius_m": 260.435009,
        "radius_km": 0.26044,
        "start_date": "2024/1/10",
        "end_date": "2024/3/19",
        "start_year": 2024,
        "start_month": 1,
        "end_year": 2024,
        "end_month": 3,
        "duration_days": 69,
        "duration_weeks": 9.86,
        "observed_cases": 221,
        "expected_cases": 71.48,
        "excess_cases": 149.52,
        "obs_exp_ratio": 3.09,
        "llr": 100.040748,
        "p_value": 0.01,
        "is_high_rate": true,
        "is_hierarchical": true,
        "is_gini": false,
        "slider_value": 0.01,
        "n_case_points": 770,
        "cases_centroid_lat": 32.717905,
        "cases_centroid_lng": -117.153896,
        "center_to_case_centroid_km": 0.1549
      }
    },
    {
      "type": "Feature",
      "geometry": {
        "type": "Point",
        "coordinates": [
          -117.165326,
          32.717818
        ]
      },
      "properties": {
        "cluster_id": 66,
        "center_lat": 32.717818,
        "center_lng": -117.165326,
        "radius_m": 109.458977,
        "radius_km": 0.10946,
        "start_date": "2022/4/27",
        "end_date": "2022/5/24",
        "start_year": 2022,
        "start_month": 4,
        "end_year": 2022,
        "end_month": 5,
        "duration_days": 27,
        "duration_weeks": 3.86,
        "observed_cases": 55,
        "expected_cases": 3.52,
        "excess_cases": 51.48,
        "obs_exp_ratio": 15.64,
        "llr": 99.759781,
        "p_value": 0.01,
        "is_high_rate": true,
        "is_hierarchical": true,
        "is_gini": false,
        "slider_value": 0.01,
        "n_case_points": 138,
        "cases_centroid_lat": 32.717893,
        "cases_centroid_lng": -117.165574,
        "center_to_case_centroid_km": 0.0247
      }
    },
    {
      "type": "Feature",
      "geometry": {
        "type": "Point",
        "coordinates": [
          -117.158274,
          32.714536
        ]
      },
      "properties": {
        "cluster_id": 67,
        "center_lat": 32.714536,
        "center_lng": -117.158274,
        "radius_m": 14.911956,
        "radius_km": 0.01491,
        "start_date": "2022/1/26",
        "end_date": "2022/3/22",
        "start_year": 2022,
        "start_month": 1,
        "end_year": 2022,
        "end_month": 3,
        "duration_days": 55,
        "duration_weeks": 7.86,
        "observed_cases": 86,
        "expected_cases": 11.41,
        "excess_cases": 74.59,
        "obs_exp_ratio": 7.54,
        "llr": 99.12909,
        "p_value": 0.01,
        "is_high_rate": true,
        "is_hierarchical": true,
        "is_gini": false,
        "slider_value": 0.01,
        "n_case_points": 255,
        "cases_centroid_lat": 32.714536,
        "cases_centroid_lng": -117.158293,
        "center_to_case_centroid_km": 0.0018
      }
    },
    {
      "type": "Feature",
      "geometry": {
        "type": "Point",
        "coordinates": [
          -117.24783,
          32.744547
        ]
      },
      "properties": {
        "cluster_id": 68,
        "center_lat": 32.744547,
        "center_lng": -117.24783,
        "radius_m": 63.299321,
        "radius_km": 0.0633,
        "start_date": "2023/7/19",
        "end_date": "2023/7/25",
        "start_year": 2023,
        "start_month": 7,
        "end_year": 2023,
        "end_month": 7,
        "duration_days": 6,
        "duration_weeks": 0.86,
        "observed_cases": 31,
        "expected_cases": 0.47,
        "excess_cases": 30.53,
        "obs_exp_ratio": 65.42,
        "llr": 99.081887,
        "p_value": 0.01,
        "is_high_rate": true,
        "is_hierarchical": true,
        "is_gini": false,
        "slider_value": 0.01,
        "n_case_points": 58,
        "cases_centroid_lat": 32.744585,
        "cases_centroid_lng": -117.247886,
        "center_to_case_centroid_km": 0.0068
      }
    },
    {
      "type": "Feature",
      "geometry": {
        "type": "Point",
        "coordinates": [
          -117.162346,
          32.966303
        ]
      },
      "properties": {
        "cluster_id": 69,
        "center_lat": 32.966303,
        "center_lng": -117.162346,
        "radius_m": 6349.712643,
        "radius_km": 6.34971,
        "start_date": "2022/3/16",
        "end_date": "2022/7/26",
        "start_year": 2022,
        "start_month": 3,
        "end_year": 2022,
        "end_month": 7,
        "duration_days": 132,
        "duration_weeks": 18.86,
        "observed_cases": 282,
        "expected_cases": 107.71,
        "excess_cases": 174.29,
        "obs_exp_ratio": 2.62,
        "llr": 97.26276,
        "p_value": 0.01,
        "is_high_rate": true,
        "is_hierarchical": true,
        "is_gini": false,
        "slider_value": 0.01,
        "n_case_points": 837,
        "cases_centroid_lat": 32.931482,
        "cases_centroid_lng": -117.132828,
        "center_to_case_centroid_km": 4.7516
      }
    },
    {
      "type": "Feature",
      "geometry": {
        "type": "Point",
        "coordinates": [
          -117.224512,
          32.74643
        ]
      },
      "properties": {
        "cluster_id": 70,
        "center_lat": 32.74643,
        "center_lng": -117.224512,
        "radius_m": 867.166817,
        "radius_km": 0.86717,
        "start_date": "2024/4/17",
        "end_date": "2024/11/26",
        "start_year": 2024,
        "start_month": 4,
        "end_year": 2024,
        "end_month": 11,
        "duration_days": 223,
        "duration_weeks": 31.86,
        "observed_cases": 231,
        "expected_cases": 78.38,
        "excess_cases": 152.62,
        "obs_exp_ratio": 2.95,
        "llr": 97.158275,
        "p_value": 0.01,
        "is_high_rate": true,
        "is_hierarchical": true,
        "is_gini": false,
        "slider_value": 0.01,
        "n_case_points": 401,
        "cases_centroid_lat": 32.748917,
        "cases_centroid_lng": -117.228019,
        "center_to_case_centroid_km": 0.429
      }
    },
    {
      "type": "Feature",
      "geometry": {
        "type": "Point",
        "coordinates": [
          -117.167635,
          32.711298
        ]
      },
      "properties": {
        "cluster_id": 71,
        "center_lat": 32.711298,
        "center_lng": -117.167635,
        "radius_m": 67.823789,
        "radius_km": 0.06782,
        "start_date": "2024/1/3",
        "end_date": "2024/1/23",
        "start_year": 2024,
        "start_month": 1,
        "end_year": 2024,
        "end_month": 1,
        "duration_days": 20,
        "duration_weeks": 2.86,
        "observed_cases": 49,
        "expected_cases": 2.63,
        "excess_cases": 46.37,
        "obs_exp_ratio": 18.64,
        "llr": 96.987199,
        "p_value": 0.01,
        "is_high_rate": true,
        "is_hierarchical": true,
        "is_gini": false,
        "slider_value": 0.01,
        "n_case_points": 81,
        "cases_centroid_lat": 32.711156,
        "cases_centroid_lng": -117.167707,
        "center_to_case_centroid_km": 0.0171
      }
    },
    {
      "type": "Feature",
      "geometry": {
        "type": "Point",
        "coordinates": [
          -117.150825,
          32.713345
        ]
      },
      "properties": {
        "cluster_id": 72,
        "center_lat": 32.713345,
        "center_lng": -117.150825,
        "radius_m": 96.11113,
        "radius_km": 0.09611,
        "start_date": "2023/2/15",
        "end_date": "2023/6/27",
        "start_year": 2023,
        "start_month": 2,
        "end_year": 2023,
        "end_month": 6,
        "duration_days": 132,
        "duration_weeks": 18.86,
        "observed_cases": 242,
        "expected_cases": 86.38,
        "excess_cases": 155.62,
        "obs_exp_ratio": 2.8,
        "llr": 93.791869,
        "p_value": 0.01,
        "is_high_rate": true,
        "is_hierarchical": true,
        "is_gini": false,
        "slider_value": 0.01,
        "n_case_points": 689,
        "cases_centroid_lat": 32.713407,
        "cases_centroid_lng": -117.150484,
        "center_to_case_centroid_km": 0.0327
      }
    },
    {
      "type": "Feature",
      "geometry": {
        "type": "Point",
        "coordinates": [
          -117.201775,
          32.773992
        ]
      },
      "properties": {
        "cluster_id": 73,
        "center_lat": 32.773992,
        "center_lng": -117.201775,
        "radius_m": 160.683803,
        "radius_km": 0.16068,
        "start_date": "2023/2/15",
        "end_date": "2023/3/21",
        "start_year": 2023,
        "start_month": 2,
        "end_year": 2023,
        "end_month": 3,
        "duration_days": 34,
        "duration_weeks": 4.86,
        "observed_cases": 41,
        "expected_cases": 1.6,
        "excess_cases": 39.4,
        "obs_exp_ratio": 25.63,
        "llr": 93.603643,
        "p_value": 0.01,
        "is_high_rate": true,
        "is_hierarchical": true,
        "is_gini": false,
        "slider_value": 0.01,
        "n_case_points": 61,
        "cases_centroid_lat": 32.773768,
        "cases_centroid_lng": -117.202114,
        "center_to_case_centroid_km": 0.0403
      }
    },
    {
      "type": "Feature",
      "geometry": {
        "type": "Point",
        "coordinates": [
          -117.097149,
          32.784856
        ]
      },
      "properties": {
        "cluster_id": 74,
        "center_lat": 32.784856,
        "center_lng": -117.097149,
        "radius_m": 55.838532,
        "radius_km": 0.05584,
        "start_date": "2022/1/1",
        "end_date": "2022/1/25",
        "start_year": 2022,
        "start_month": 1,
        "end_year": 2022,
        "end_month": 1,
        "duration_days": 24,
        "duration_weeks": 3.43,
        "observed_cases": 38,
        "expected_cases": 1.27,
        "excess_cases": 36.73,
        "obs_exp_ratio": 29.98,
        "llr": 92.494652,
        "p_value": 0.01,
        "is_high_rate": true,
        "is_hierarchical": true,
        "is_gini": false,
        "slider_value": 0.01,
        "n_case_points": 62,
        "cases_centroid_lat": 32.784957,
        "cases_centroid_lng": -117.097518,
        "center_to_case_centroid_km": 0.0363
      }
    },
    {
      "type": "Feature",
      "geometry": {
        "type": "Point",
        "coordinates": [
          -117.109363,
          32.755869
        ]
      },
      "properties": {
        "cluster_id": 75,
        "center_lat": 32.755869,
        "center_lng": -117.109363,
        "radius_m": 55.047967,
        "radius_km": 0.05505,
        "start_date": "2023/3/8",
        "end_date": "2023/5/9",
        "start_year": 2023,
        "start_month": 3,
        "end_year": 2023,
        "end_month": 5,
        "duration_days": 62,
        "duration_weeks": 8.86,
        "observed_cases": 72,
        "expected_cases": 8.26,
        "excess_cases": 63.74,
        "obs_exp_ratio": 8.72,
        "llr": 92.19247,
        "p_value": 0.01,
        "is_high_rate": true,
        "is_hierarchical": true,
        "is_gini": false,
        "slider_value": 0.01,
        "n_case_points": 141,
        "cases_centroid_lat": 32.755925,
        "cases_centroid_lng": -117.109545,
        "center_to_case_centroid_km": 0.0181
      }
    },
    {
      "type": "Feature",
      "geometry": {
        "type": "Point",
        "coordinates": [
          -117.157762,
          32.810626
        ]
      },
      "properties": {
        "cluster_id": 76,
        "center_lat": 32.810626,
        "center_lng": -117.157762,
        "radius_m": 1119.471503,
        "radius_km": 1.11947,
        "start_date": "2024/3/13",
        "end_date": "2024/12/24",
        "start_year": 2024,
        "start_month": 3,
        "end_year": 2024,
        "end_month": 12,
        "duration_days": 286,
        "duration_weeks": 40.86,
        "observed_cases": 259,
        "expected_cases": 97.37,
        "excess_cases": 161.63,
        "obs_exp_ratio": 2.66,
        "llr": 91.866945,
        "p_value": 0.01,
        "is_high_rate": true,
        "is_hierarchical": true,
        "is_gini": false,
        "slider_value": 0.01,
        "n_case_points": 404,
        "cases_centroid_lat": 32.808323,
        "cases_centroid_lng": -117.155976,
        "center_to_case_centroid_km": 0.3057
      }
    },
    {
      "type": "Feature",
      "geometry": {
        "type": "Point",
        "coordinates": [
          -117.146348,
          32.715963
        ]
      },
      "properties": {
        "cluster_id": 77,
        "center_lat": 32.715963,
        "center_lng": -117.146348,
        "radius_m": 325.997239,
        "radius_km": 0.326,
        "start_date": "2024/5/1",
        "end_date": "2024/12/3",
        "start_year": 2024,
        "start_month": 5,
        "end_year": 2024,
        "end_month": 12,
        "duration_days": 216,
        "duration_weeks": 30.86,
        "observed_cases": 399,
        "expected_cases": 187.22,
        "excess_cases": 211.78,
        "obs_exp_ratio": 2.13,
        "llr": 90.338189,
        "p_value": 0.01,
        "is_high_rate": true,
        "is_hierarchical": true,
        "is_gini": false,
        "slider_value": 0.01,
        "n_case_points": 1003,
        "cases_centroid_lat": 32.716234,
        "cases_centroid_lng": -117.147698,
        "center_to_case_centroid_km": 0.1299
      }
    },
    {
      "type": "Feature",
      "geometry": {
        "type": "Point",
        "coordinates": [
          -117.167287,
          32.720992
        ]
      },
      "properties": {
        "cluster_id": 78,
        "center_lat": 32.720992,
        "center_lng": -117.167287,
        "radius_m": 254.586582,
        "radius_km": 0.25459,
        "start_date": "2024/3/13",
        "end_date": "2024/8/6",
        "start_year": 2024,
        "start_month": 3,
        "end_year": 2024,
        "end_month": 8,
        "duration_days": 146,
        "duration_weeks": 20.86,
        "observed_cases": 219,
        "expected_cases": 75.24,
        "excess_cases": 143.76,
        "obs_exp_ratio": 2.91,
        "llr": 90.306887,
        "p_value": 0.01,
        "is_high_rate": true,
        "is_hierarchical": true,
        "is_gini": false,
        "slider_value": 0.01,
        "n_case_points": 553,
        "cases_centroid_lat": 32.71987,
        "cases_centroid_lng": -117.166254,
        "center_to_case_centroid_km": 0.1578
      }
    },
    {
      "type": "Feature",
      "geometry": {
        "type": "Point",
        "coordinates": [
          -117.16481,
          32.726149
        ]
      },
      "properties": {
        "cluster_id": 79,
        "center_lat": 32.726149,
        "center_lng": -117.16481,
        "radius_m": 310.381853,
        "radius_km": 0.31038,
        "start_date": "2024/1/3",
        "end_date": "2024/3/5",
        "start_year": 2024,
        "start_month": 1,
        "end_year": 2024,
        "end_month": 3,
        "duration_days": 62,
        "duration_weeks": 8.86,
        "observed_cases": 234,
        "expected_cases": 84.01,
        "excess_cases": 149.99,
        "obs_exp_ratio": 2.79,
        "llr": 89.825904,
        "p_value": 0.01,
        "is_high_rate": true,
        "is_hierarchical": true,
        "is_gini": false,
        "slider_value": 0.01,
        "n_case_points": 1087,
        "cases_centroid_lat": 32.725876,
        "cases_centroid_lng": -117.166477,
        "center_to_case_centroid_km": 0.1589
      }
    },
    {
      "type": "Feature",
      "geometry": {
        "type": "Point",
        "coordinates": [
          -117.159338,
          32.726884
        ]
      },
      "properties": {
        "cluster_id": 80,
        "center_lat": 32.726884,
        "center_lng": -117.159338,
        "radius_m": 133.161578,
        "radius_km": 0.13316,
        "start_date": "2022/1/12",
        "end_date": "2022/7/19",
        "start_year": 2022,
        "start_month": 1,
        "end_year": 2022,
        "end_month": 7,
        "duration_days": 188,
        "duration_weeks": 26.86,
        "observed_cases": 124,
        "expected_cases": 27.65,
        "excess_cases": 96.35,
        "obs_exp_ratio": 4.48,
        "llr": 89.764811,
        "p_value": 0.01,
        "is_high_rate": true,
        "is_hierarchical": true,
        "is_gini": false,
        "slider_value": 0.01,
        "n_case_points": 167,
        "cases_centroid_lat": 32.726739,
        "cases_centroid_lng": -117.159303,
        "center_to_case_centroid_km": 0.0165
      }
    },
    {
      "type": "Feature",
      "geometry": {
        "type": "Point",
        "coordinates": [
          -117.0629,
          32.763412
        ]
      },
      "properties": {
        "cluster_id": 81,
        "center_lat": 32.763412,
        "center_lng": -117.0629,
        "radius_m": 25.089904,
        "radius_km": 0.02509,
        "start_date": "2022/1/26",
        "end_date": "2022/3/8",
        "start_year": 2022,
        "start_month": 1,
        "end_year": 2022,
        "end_month": 3,
        "duration_days": 41,
        "duration_weeks": 5.86,
        "observed_cases": 47,
        "expected_cases": 2.77,
        "excess_cases": 44.23,
        "obs_exp_ratio": 16.95,
        "llr": 88.805766,
        "p_value": 0.01,
        "is_high_rate": true,
        "is_hierarchical": true,
        "is_gini": false,
        "slider_value": 0.01,
        "n_case_points": 84,
        "cases_centroid_lat": 32.763395,
        "cases_centroid_lng": -117.062958,
        "center_to_case_centroid_km": 0.0057
      }
    },
    {
      "type": "Feature",
      "geometry": {
        "type": "Point",
        "coordinates": [
          -117.1026,
          32.748387
        ]
      },
      "properties": {
        "cluster_id": 82,
        "center_lat": 32.748387,
        "center_lng": -117.1026,
        "radius_m": 124.439063,
        "radius_km": 0.12444,
        "start_date": "2024/4/3",
        "end_date": "2024/6/11",
        "start_year": 2024,
        "start_month": 4,
        "end_year": 2024,
        "end_month": 6,
        "duration_days": 69,
        "duration_weeks": 9.86,
        "observed_cases": 62,
        "expected_cases": 6.01,
        "excess_cases": 55.99,
        "obs_exp_ratio": 10.31,
        "llr": 88.674432,
        "p_value": 0.01,
        "is_high_rate": true,
        "is_hierarchical": true,
        "is_gini": false,
        "slider_value": 0.01,
        "n_case_points": 77,
        "cases_centroid_lat": 32.748978,
        "cases_centroid_lng": -117.102709,
        "center_to_case_centroid_km": 0.0665
      }
    },
    {
      "type": "Feature",
      "geometry": {
        "type": "Point",
        "coordinates": [
          -117.182472,
          32.742864
        ]
      },
      "properties": {
        "cluster_id": 83,
        "center_lat": 32.742864,
        "center_lng": -117.182472,
        "radius_m": 65.169876,
        "radius_km": 0.06517,
        "start_date": "2023/7/5",
        "end_date": "2023/7/18",
        "start_year": 2023,
        "start_month": 7,
        "end_year": 2023,
        "end_month": 7,
        "duration_days": 13,
        "duration_weeks": 1.86,
        "observed_cases": 40,
        "expected_cases": 1.68,
        "excess_cases": 38.32,
        "obs_exp_ratio": 23.88,
        "llr": 88.6038,
        "p_value": 0.01,
        "is_high_rate": true,
        "is_hierarchical": true,
        "is_gini": false,
        "slider_value": 0.01,
        "n_case_points": 108,
        "cases_centroid_lat": 32.742674,
        "cases_centroid_lng": -117.18239,
        "center_to_case_centroid_km": 0.0225
      }
    },
    {
      "type": "Feature",
      "geometry": {
        "type": "Point",
        "coordinates": [
          -117.158212,
          32.714353
        ]
      },
      "properties": {
        "cluster_id": 84,
        "center_lat": 32.714353,
        "center_lng": -117.158212,
        "radius_m": 26.120371,
        "radius_km": 0.02612,
        "start_date": "2022/8/24",
        "end_date": "2023/2/21",
        "start_year": 2022,
        "start_month": 8,
        "end_year": 2023,
        "end_month": 2,
        "duration_days": 181,
        "duration_weeks": 25.86,
        "observed_cases": 311,
        "expected_cases": 131.59,
        "excess_cases": 179.41,
        "obs_exp_ratio": 2.36,
        "llr": 88.223262,
        "p_value": 0.01,
        "is_high_rate": true,
        "is_hierarchical": true,
        "is_gini": false,
        "slider_value": 0.01,
        "n_case_points": 937,
        "cases_centroid_lat": 32.714311,
        "cases_centroid_lng": -117.158289,
        "center_to_case_centroid_km": 0.0086
      }
    },
    {
      "type": "Feature",
      "geometry": {
        "type": "Point",
        "coordinates": [
          -117.156379,
          32.716309
        ]
      },
      "properties": {
        "cluster_id": 85,
        "center_lat": 32.716309,
        "center_lng": -117.156379,
        "radius_m": 43.64671,
        "radius_km": 0.04365,
        "start_date": "2024/8/28",
        "end_date": "2024/12/3",
        "start_year": 2024,
        "start_month": 8,
        "end_year": 2024,
        "end_month": 12,
        "duration_days": 97,
        "duration_weeks": 13.86,
        "observed_cases": 92,
        "expected_cases": 15.37,
        "excess_cases": 76.63,
        "obs_exp_ratio": 5.99,
        "llr": 88.018763,
        "p_value": 0.01,
        "is_high_rate": true,
        "is_hierarchical": true,
        "is_gini": false,
        "slider_value": 0.01,
        "n_case_points": 160,
        "cases_centroid_lat": 32.716399,
        "cases_centroid_lng": -117.156453,
        "center_to_case_centroid_km": 0.0121
      }
    },
    {
      "type": "Feature",
      "geometry": {
        "type": "Point",
        "coordinates": [
          -117.208067,
          32.735522
        ]
      },
      "properties": {
        "cluster_id": 86,
        "center_lat": 32.735522,
        "center_lng": -117.208067,
        "radius_m": 1609.287909,
        "radius_km": 1.60929,
        "start_date": "2023/8/16",
        "end_date": "2023/11/14",
        "start_year": 2023,
        "start_month": 8,
        "end_year": 2023,
        "end_month": 11,
        "duration_days": 90,
        "duration_weeks": 12.86,
        "observed_cases": 295,
        "expected_cases": 122.12,
        "excess_cases": 172.88,
        "obs_exp_ratio": 2.42,
        "llr": 87.430496,
        "p_value": 0.01,
        "is_high_rate": true,
        "is_hierarchical": true,
        "is_gini": false,
        "slider_value": 0.01,
        "n_case_points": 1043,
        "cases_centroid_lat": 32.739865,
        "cases_centroid_lng": -117.209788,
        "center_to_case_centroid_km": 0.509
      }
    },
    {
      "type": "Feature",
      "geometry": {
        "type": "Point",
        "coordinates": [
          -117.123384,
          32.74862
        ]
      },
      "properties": {
        "cluster_id": 87,
        "center_lat": 32.74862,
        "center_lng": -117.123384,
        "radius_m": 31.104936,
        "radius_km": 0.0311,
        "start_date": "2022/8/3",
        "end_date": "2022/8/30",
        "start_year": 2022,
        "start_month": 8,
        "end_year": 2022,
        "end_month": 8,
        "duration_days": 27,
        "duration_weeks": 3.86,
        "observed_cases": 50,
        "expected_cases": 3.43,
        "excess_cases": 46.57,
        "obs_exp_ratio": 14.58,
        "llr": 87.42252,
        "p_value": 0.01,
        "is_high_rate": true,
        "is_hierarchical": true,
        "is_gini": false,
        "slider_value": 0.01,
        "n_case_points": 117,
        "cases_centroid_lat": 32.748648,
        "cases_centroid_lng": -117.12321,
        "center_to_case_centroid_km": 0.0166
      }
    },
    {
      "type": "Feature",
      "geometry": {
        "type": "Point",
        "coordinates": [
          -117.14978,
          32.711668
        ]
      },
      "properties": {
        "cluster_id": 88,
        "center_lat": 32.711668,
        "center_lng": -117.14978,
        "radius_m": 24.090118,
        "radius_km": 0.02409,
        "start_date": "2023/12/20",
        "end_date": "2024/4/9",
        "start_year": 2023,
        "start_month": 12,
        "end_year": 2024,
        "end_month": 4,
        "duration_days": 111,
        "duration_weeks": 15.86,
        "observed_cases": 92,
        "expected_cases": 15.9,
        "excess_cases": 76.1,
        "obs_exp_ratio": 5.79,
        "llr": 85.431112,
        "p_value": 0.01,
        "is_high_rate": true,
        "is_hierarchical": true,
        "is_gini": false,
        "slider_value": 0.01,
        "n_case_points": 140,
        "cases_centroid_lat": 32.711613,
        "cases_centroid_lng": -117.149796,
        "center_to_case_centroid_km": 0.0063
      }
    },
    {
      "type": "Feature",
      "geometry": {
        "type": "Point",
        "coordinates": [
          -117.116141,
          32.917026
        ]
      },
      "properties": {
        "cluster_id": 89,
        "center_lat": 32.917026,
        "center_lng": -117.116141,
        "radius_m": 86.913035,
        "radius_km": 0.08691,
        "start_date": "2023/11/29",
        "end_date": "2024/1/9",
        "start_year": 2023,
        "start_month": 11,
        "end_year": 2024,
        "end_month": 1,
        "duration_days": 41,
        "duration_weeks": 5.86,
        "observed_cases": 47,
        "expected_cases": 3.02,
        "excess_cases": 43.98,
        "obs_exp_ratio": 15.55,
        "llr": 85.005898,
        "p_value": 0.01,
        "is_high_rate": true,
        "is_hierarchical": true,
        "is_gini": false,
        "slider_value": 0.01,
        "n_case_points": 78,
        "cases_centroid_lat": 32.91692,
        "cases_centroid_lng": -117.116668,
        "center_to_case_centroid_km": 0.0506
      }
    },
    {
      "type": "Feature",
      "geometry": {
        "type": "Point",
        "coordinates": [
          -117.176013,
          32.900266
        ]
      },
      "properties": {
        "cluster_id": 90,
        "center_lat": 32.900266,
        "center_lng": -117.176013,
        "radius_m": 249.544374,
        "radius_km": 0.24954,
        "start_date": "2022/7/13",
        "end_date": "2022/8/2",
        "start_year": 2022,
        "start_month": 7,
        "end_year": 2022,
        "end_month": 8,
        "duration_days": 20,
        "duration_weeks": 2.86,
        "observed_cases": 30,
        "expected_cases": 0.67,
        "excess_cases": 29.33,
        "obs_exp_ratio": 45.07,
        "llr": 84.915139,
        "p_value": 0.01,
        "is_high_rate": true,
        "is_hierarchical": true,
        "is_gini": false,
        "slider_value": 0.01,
        "n_case_points": 22,
        "cases_centroid_lat": 32.899838,
        "cases_centroid_lng": -117.176349,
        "center_to_case_centroid_km": 0.057
      }
    },
    {
      "type": "Feature",
      "geometry": {
        "type": "Point",
        "coordinates": [
          -117.067847,
          32.76105
        ]
      },
      "properties": {
        "cluster_id": 91,
        "center_lat": 32.76105,
        "center_lng": -117.067847,
        "radius_m": 214.049143,
        "radius_km": 0.21405,
        "start_date": "2022/8/24",
        "end_date": "2022/10/4",
        "start_year": 2022,
        "start_month": 8,
        "end_year": 2022,
        "end_month": 10,
        "duration_days": 41,
        "duration_weeks": 5.86,
        "observed_cases": 141,
        "expected_cases": 36.97,
        "excess_cases": 104.03,
        "obs_exp_ratio": 3.81,
        "llr": 84.771626,
        "p_value": 0.01,
        "is_high_rate": true,
        "is_hierarchical": true,
        "is_gini": false,
        "slider_value": 0.01,
        "n_case_points": 932,
        "cases_centroid_lat": 32.76077,
        "cases_centroid_lng": -117.067306,
        "center_to_case_centroid_km": 0.0594
      }
    },
    {
      "type": "Feature",
      "geometry": {
        "type": "Point",
        "coordinates": [
          -117.122571,
          32.749683
        ]
      },
      "properties": {
        "cluster_id": 92,
        "center_lat": 32.749683,
        "center_lng": -117.122571,
        "radius_m": 76.723255,
        "radius_km": 0.07672,
        "start_date": "2024/2/14",
        "end_date": "2024/5/7",
        "start_year": 2024,
        "start_month": 2,
        "end_year": 2024,
        "end_month": 5,
        "duration_days": 83,
        "duration_weeks": 11.86,
        "observed_cases": 187,
        "expected_cases": 60.48,
        "excess_cases": 126.52,
        "obs_exp_ratio": 3.09,
        "llr": 84.639719,
        "p_value": 0.01,
        "is_high_rate": true,
        "is_hierarchical": true,
        "is_gini": false,
        "slider_value": 0.01,
        "n_case_points": 651,
        "cases_centroid_lat": 32.749632,
        "cases_centroid_lng": -117.122366,
        "center_to_case_centroid_km": 0.02
      }
    },
    {
      "type": "Feature",
      "geometry": {
        "type": "Point",
        "coordinates": [
          -117.253638,
          32.747282
        ]
      },
      "properties": {
        "cluster_id": 93,
        "center_lat": 32.747282,
        "center_lng": -117.253638,
        "radius_m": 110.46211,
        "radius_km": 0.11046,
        "start_date": "2023/6/21",
        "end_date": "2024/2/13",
        "start_year": 2023,
        "start_month": 6,
        "end_year": 2024,
        "end_month": 2,
        "duration_days": 237,
        "duration_weeks": 33.86,
        "observed_cases": 261,
        "expected_cases": 103.51,
        "excess_cases": 157.49,
        "obs_exp_ratio": 2.52,
        "llr": 84.013188,
        "p_value": 0.01,
        "is_high_rate": true,
        "is_hierarchical": true,
        "is_gini": false,
        "slider_value": 0.01,
        "n_case_points": 346,
        "cases_centroid_lat": 32.747233,
        "cases_centroid_lng": -117.25353,
        "center_to_case_centroid_km": 0.0115
      }
    },
    {
      "type": "Feature",
      "geometry": {
        "type": "Point",
        "coordinates": [
          -117.20782,
          32.790049
        ]
      },
      "properties": {
        "cluster_id": 94,
        "center_lat": 32.790049,
        "center_lng": -117.20782,
        "radius_m": 184.59356,
        "radius_km": 0.18459,
        "start_date": "2024/7/24",
        "end_date": "2024/10/1",
        "start_year": 2024,
        "start_month": 7,
        "end_year": 2024,
        "end_month": 10,
        "duration_days": 69,
        "duration_weeks": 9.86,
        "observed_cases": 69,
        "expected_cases": 8.5,
        "excess_cases": 60.5,
        "obs_exp_ratio": 8.12,
        "llr": 84.008545,
        "p_value": 0.01,
        "is_high_rate": true,
        "is_hierarchical": true,
        "is_gini": false,
        "slider_value": 0.01,
        "n_case_points": 140,
        "cases_centroid_lat": 32.79023,
        "cases_centroid_lng": -117.20743,
        "center_to_case_centroid_km": 0.0417
      }
    },
    {
      "type": "Feature",
      "geometry": {
        "type": "Point",
        "coordinates": [
          -117.152475,
          32.706427
        ]
      },
      "properties": {
        "cluster_id": 95,
        "center_lat": 32.706427,
        "center_lng": -117.152475,
        "radius_m": 32.051006,
        "radius_km": 0.03205,
        "start_date": "2023/12/27",
        "end_date": "2024/3/12",
        "start_year": 2023,
        "start_month": 12,
        "end_year": 2024,
        "end_month": 3,
        "duration_days": 76,
        "duration_weeks": 10.86,
        "observed_cases": 62,
        "expected_cases": 6.64,
        "excess_cases": 55.36,
        "obs_exp_ratio": 9.34,
        "llr": 83.166779,
        "p_value": 0.01,
        "is_high_rate": true,
        "is_hierarchical": true,
        "is_gini": false,
        "slider_value": 0.01,
        "n_case_points": 77,
        "cases_centroid_lat": 32.706362,
        "cases_centroid_lng": -117.152469,
        "center_to_case_centroid_km": 0.0073
      }
    },
    {
      "type": "Feature",
      "geometry": {
        "type": "Point",
        "coordinates": [
          -117.163184,
          32.770024
        ]
      },
      "properties": {
        "cluster_id": 96,
        "center_lat": 32.770024,
        "center_lng": -117.163184,
        "radius_m": 401.815828,
        "radius_km": 0.40182,
        "start_date": "2022/11/2",
        "end_date": "2023/2/7",
        "start_year": 2022,
        "start_month": 11,
        "end_year": 2023,
        "end_month": 2,
        "duration_days": 97,
        "duration_weeks": 13.86,
        "observed_cases": 120,
        "expected_cases": 27.91,
        "excess_cases": 92.09,
        "obs_exp_ratio": 4.3,
        "llr": 82.970345,
        "p_value": 0.01,
        "is_high_rate": true,
        "is_hierarchical": true,
        "is_gini": false,
        "slider_value": 0.01,
        "n_case_points": 411,
        "cases_centroid_lat": 32.769081,
        "cases_centroid_lng": -117.161258,
        "center_to_case_centroid_km": 0.2084
      }
    },
    {
      "type": "Feature",
      "geometry": {
        "type": "Point",
        "coordinates": [
          -117.156221,
          32.750022
        ]
      },
      "properties": {
        "cluster_id": 97,
        "center_lat": 32.750022,
        "center_lng": -117.156221,
        "radius_m": 95.91099,
        "radius_km": 0.09591,
        "start_date": "2023/5/17",
        "end_date": "2023/6/13",
        "start_year": 2023,
        "start_month": 5,
        "end_year": 2023,
        "end_month": 6,
        "duration_days": 27,
        "duration_weeks": 3.86,
        "observed_cases": 77,
        "expected_cases": 11.29,
        "excess_cases": 65.71,
        "obs_exp_ratio": 6.82,
        "llr": 82.134846,
        "p_value": 0.01,
        "is_high_rate": true,
        "is_hierarchical": true,
        "is_gini": false,
        "slider_value": 0.01,
        "n_case_points": 345,
        "cases_centroid_lat": 32.750221,
        "cases_centroid_lng": -117.156425,
        "center_to_case_centroid_km": 0.0292
      }
    },
    {
      "type": "Feature",
      "geometry": {
        "type": "Point",
        "coordinates": [
          -117.165032,
          32.720997
        ]
      },
      "properties": {
        "cluster_id": 98,
        "center_lat": 32.720997,
        "center_lng": -117.165032,
        "radius_m": 130.976795,
        "radius_km": 0.13098,
        "start_date": "2022/5/25",
        "end_date": "2022/6/14",
        "start_year": 2022,
        "start_month": 5,
        "end_year": 2022,
        "end_month": 6,
        "duration_days": 20,
        "duration_weeks": 2.86,
        "observed_cases": 47,
        "expected_cases": 3.23,
        "excess_cases": 43.77,
        "obs_exp_ratio": 14.53,
        "llr": 82.025783,
        "p_value": 0.01,
        "is_high_rate": true,
        "is_hierarchical": true,
        "is_gini": false,
        "slider_value": 0.01,
        "n_case_points": 167,
        "cases_centroid_lat": 32.720801,
        "cases_centroid_lng": -117.164928,
        "center_to_case_centroid_km": 0.0239
      }
    },
    {
      "type": "Feature",
      "geometry": {
        "type": "Point",
        "coordinates": [
          -117.148925,
          32.709512
        ]
      },
      "properties": {
        "cluster_id": 99,
        "center_lat": 32.709512,
        "center_lng": -117.148925,
        "radius_m": 44.667058,
        "radius_km": 0.04467,
        "start_date": "2023/12/27",
        "end_date": "2024/4/2",
        "start_year": 2023,
        "start_month": 12,
        "end_year": 2024,
        "end_month": 4,
        "duration_days": 97,
        "duration_weeks": 13.86,
        "observed_cases": 96,
        "expected_cases": 18.21,
        "excess_cases": 77.79,
        "obs_exp_ratio": 5.27,
        "llr": 81.812313,
        "p_value": 0.01,
        "is_high_rate": true,
        "is_hierarchical": true,
        "is_gini": false,
        "slider_value": 0.01,
        "n_case_points": 175,
        "cases_centroid_lat": 32.709452,
        "cases_centroid_lng": -117.148993,
        "center_to_case_centroid_km": 0.0092
      }
    },
    {
      "type": "Feature",
      "geometry": {
        "type": "Point",
        "coordinates": [
          -117.206626,
          32.7492
        ]
      },
      "properties": {
        "cluster_id": 100,
        "center_lat": 32.7492,
        "center_lng": -117.206626,
        "radius_m": 50.233604,
        "radius_km": 0.05023,
        "start_date": "2024/2/28",
        "end_date": "2024/4/2",
        "start_year": 2024,
        "start_month": 2,
        "end_year": 2024,
        "end_month": 4,
        "duration_days": 34,
        "duration_weeks": 4.86,
        "observed_cases": 40,
        "expected_cases": 2.02,
        "excess_cases": 37.98,
        "obs_exp_ratio": 19.79,
        "llr": 81.428578,
        "p_value": 0.01,
        "is_high_rate": true,
        "is_hierarchical": true,
        "is_gini": false,
        "slider_value": 0.01,
        "n_case_points": 61,
        "cases_centroid_lat": 32.749373,
        "cases_centroid_lng": -117.206673,
        "center_to_case_centroid_km": 0.0198
      }
    },
    {
      "type": "Feature",
      "geometry": {
        "type": "Point",
        "coordinates": [
          -117.149957,
          32.711191
        ]
      },
      "properties": {
        "cluster_id": 101,
        "center_lat": 32.711191,
        "center_lng": -117.149957,
        "radius_m": 47.887741,
        "radius_km": 0.04789,
        "start_date": "2023/3/29",
        "end_date": "2023/5/2",
        "start_year": 2023,
        "start_month": 3,
        "end_year": 2023,
        "end_month": 5,
        "duration_days": 34,
        "duration_weeks": 4.86,
        "observed_cases": 115,
        "expected_cases": 26.45,
        "excess_cases": 88.55,
        "obs_exp_ratio": 4.35,
        "llr": 80.490915,
        "p_value": 0.01,
        "is_high_rate": true,
        "is_hierarchical": true,
        "is_gini": false,
        "slider_value": 0.01,
        "n_case_points": 824,
        "cases_centroid_lat": 32.7113,
        "cases_centroid_lng": -117.150096,
        "center_to_case_centroid_km": 0.0178
      }
    },
    {
      "type": "Feature",
      "geometry": {
        "type": "Point",
        "coordinates": [
          -117.101358,
          32.779629
        ]
      },
      "properties": {
        "cluster_id": 102,
        "center_lat": 32.779629,
        "center_lng": -117.101358,
        "radius_m": 57.067886,
        "radius_km": 0.05707,
        "start_date": "2024/1/10",
        "end_date": "2024/2/20",
        "start_year": 2024,
        "start_month": 1,
        "end_year": 2024,
        "end_month": 2,
        "duration_days": 41,
        "duration_weeks": 5.86,
        "observed_cases": 56,
        "expected_cases": 5.48,
        "excess_cases": 50.52,
        "obs_exp_ratio": 10.21,
        "llr": 79.612619,
        "p_value": 0.01,
        "is_high_rate": true,
        "is_hierarchical": true,
        "is_gini": false,
        "slider_value": 0.01,
        "n_case_points": 110,
        "cases_centroid_lat": 32.779659,
        "cases_centroid_lng": -117.101302,
        "center_to_case_centroid_km": 0.0062
      }
    },
    {
      "type": "Feature",
      "geometry": {
        "type": "Point",
        "coordinates": [
          -117.157099,
          32.716988
        ]
      },
      "properties": {
        "cluster_id": 103,
        "center_lat": 32.716988,
        "center_lng": -117.157099,
        "radius_m": 64.567035,
        "radius_km": 0.06457,
        "start_date": "2023/3/15",
        "end_date": "2023/5/30",
        "start_year": 2023,
        "start_month": 3,
        "end_year": 2023,
        "end_month": 5,
        "duration_days": 76,
        "duration_weeks": 10.86,
        "observed_cases": 129,
        "expected_cases": 33.22,
        "excess_cases": 95.78,
        "obs_exp_ratio": 3.88,
        "llr": 79.267762,
        "p_value": 0.01,
        "is_high_rate": true,
        "is_hierarchical": true,
        "is_gini": false,
        "slider_value": 0.01,
        "n_case_points": 428,
        "cases_centroid_lat": 32.71696,
        "cases_centroid_lng": -117.15677,
        "center_to_case_centroid_km": 0.0309
      }
    },
    {
      "type": "Feature",
      "geometry": {
        "type": "Point",
        "coordinates": [
          -117.156582,
          32.747057
        ]
      },
      "properties": {
        "cluster_id": 104,
        "center_lat": 32.747057,
        "center_lng": -117.156582,
        "radius_m": 57.751021,
        "radius_km": 0.05775,
        "start_date": "2022/6/15",
        "end_date": "2022/9/13",
        "start_year": 2022,
        "start_month": 6,
        "end_year": 2022,
        "end_month": 9,
        "duration_days": 90,
        "duration_weeks": 12.86,
        "observed_cases": 60,
        "expected_cases": 6.58,
        "excess_cases": 53.42,
        "obs_exp_ratio": 9.11,
        "llr": 79.183522,
        "p_value": 0.01,
        "is_high_rate": true,
        "is_hierarchical": true,
        "is_gini": false,
        "slider_value": 0.01,
        "n_case_points": 75,
        "cases_centroid_lat": 32.746903,
        "cases_centroid_lng": -117.156721,
        "center_to_case_centroid_km": 0.0215
      }
    },
    {
      "type": "Feature",
      "geometry": {
        "type": "Point",
        "coordinates": [
          -117.149632,
          32.710621
        ]
      },
      "properties": {
        "cluster_id": 105,
        "center_lat": 32.710621,
        "center_lng": -117.149632,
        "radius_m": 70.177594,
        "radius_km": 0.07018,
        "start_date": "2023/9/27",
        "end_date": "2023/10/31",
        "start_year": 2023,
        "start_month": 9,
        "end_year": 2023,
        "end_month": 10,
        "duration_days": 34,
        "duration_weeks": 4.86,
        "observed_cases": 154,
        "expected_cases": 45.65,
        "excess_cases": 108.35,
        "obs_exp_ratio": 3.37,
        "llr": 78.955939,
        "p_value": 0.01,
        "is_high_rate": true,
        "is_hierarchical": true,
        "is_gini": false,
        "slider_value": 0.01,
        "n_case_points": 1084,
        "cases_centroid_lat": 32.710644,
        "cases_centroid_lng": -117.14969,
        "center_to_case_centroid_km": 0.006
      }
    },
    {
      "type": "Feature",
      "geometry": {
        "type": "Point",
        "coordinates": [
          -117.173612,
          32.731164
        ]
      },
      "properties": {
        "cluster_id": 106,
        "center_lat": 32.731164,
        "center_lng": -117.173612,
        "radius_m": 653.069011,
        "radius_km": 0.65307,
        "start_date": "2024/3/13",
        "end_date": "2024/4/9",
        "start_year": 2024,
        "start_month": 3,
        "end_year": 2024,
        "end_month": 4,
        "duration_days": 27,
        "duration_weeks": 3.86,
        "observed_cases": 77,
        "expected_cases": 12.1,
        "excess_cases": 64.9,
        "obs_exp_ratio": 6.36,
        "llr": 77.624342,
        "p_value": 0.01,
        "is_high_rate": true,
        "is_hierarchical": true,
        "is_gini": false,
        "slider_value": 0.01,
        "n_case_points": 466,
        "cases_centroid_lat": 32.730353,
        "cases_centroid_lng": -117.171339,
        "center_to_case_centroid_km": 0.2309
      }
    },
    {
      "type": "Feature",
      "geometry": {
        "type": "Point",
        "coordinates": [
          -117.158522,
          32.775034
        ]
      },
      "properties": {
        "cluster_id": 107,
        "center_lat": 32.775034,
        "center_lng": -117.158522,
        "radius_m": 450.179885,
        "radius_km": 0.45018,
        "start_date": "2024/1/31",
        "end_date": "2024/4/2",
        "start_year": 2024,
        "start_month": 1,
        "end_year": 2024,
        "end_month": 4,
        "duration_days": 62,
        "duration_weeks": 8.86,
        "observed_cases": 85,
        "expected_cases": 15.01,
        "excess_cases": 69.99,
        "obs_exp_ratio": 5.66,
        "llr": 77.432525,
        "p_value": 0.01,
        "is_high_rate": true,
        "is_hierarchical": true,
        "is_gini": false,
        "slider_value": 0.01,
        "n_case_points": 226,
        "cases_centroid_lat": 32.774576,
        "cases_centroid_lng": -117.156245,
        "center_to_case_centroid_km": 0.2189
      }
    },
    {
      "type": "Feature",
      "geometry": {
        "type": "Point",
        "coordinates": [
          -117.161216,
          32.733901
        ]
      },
      "properties": {
        "cluster_id": 108,
        "center_lat": 32.733901,
        "center_lng": -117.161216,
        "radius_m": 257.538575,
        "radius_km": 0.25754,
        "start_date": "2023/7/26",
        "end_date": "2023/10/3",
        "start_year": 2023,
        "start_month": 7,
        "end_year": 2023,
        "end_month": 10,
        "duration_days": 69,
        "duration_weeks": 9.86,
        "observed_cases": 105,
        "expected_cases": 23.06,
        "excess_cases": 81.94,
        "obs_exp_ratio": 4.55,
        "llr": 77.253576,
        "p_value": 0.01,
        "is_high_rate": true,
        "is_hierarchical": true,
        "is_gini": false,
        "slider_value": 0.01,
        "n_case_points": 251,
        "cases_centroid_lat": 32.734083,
        "cases_centroid_lng": -117.160288,
        "center_to_case_centroid_km": 0.0891
      }
    },
    {
      "type": "Feature",
      "geometry": {
        "type": "Point",
        "coordinates": [
          -117.098394,
          32.749836
        ]
      },
      "properties": {
        "cluster_id": 109,
        "center_lat": 32.749836,
        "center_lng": -117.098394,
        "radius_m": 243.236865,
        "radius_km": 0.24324,
        "start_date": "2024/5/22",
        "end_date": "2024/11/26",
        "start_year": 2024,
        "start_month": 5,
        "end_year": 2024,
        "end_month": 11,
        "duration_days": 188,
        "duration_weeks": 26.86,
        "observed_cases": 161,
        "expected_cases": 50.36,
        "excess_cases": 110.64,
        "obs_exp_ratio": 3.2,
        "llr": 76.532753,
        "p_value": 0.01,
        "is_high_rate": true,
        "is_hierarchical": true,
        "is_gini": false,
        "slider_value": 0.01,
        "n_case_points": 296,
        "cases_centroid_lat": 32.750234,
        "cases_centroid_lng": -117.098806,
        "center_to_case_centroid_km": 0.0587
      }
    },
    {
      "type": "Feature",
      "geometry": {
        "type": "Point",
        "coordinates": [
          -117.160227,
          32.715122
        ]
      },
      "properties": {
        "cluster_id": 110,
        "center_lat": 32.715122,
        "center_lng": -117.160227,
        "radius_m": 38.638473,
        "radius_km": 0.03864,
        "start_date": "2024/2/14",
        "end_date": "2024/4/9",
        "start_year": 2024,
        "start_month": 2,
        "end_year": 2024,
        "end_month": 4,
        "duration_days": 55,
        "duration_weeks": 7.86,
        "observed_cases": 47,
        "expected_cases": 3.7,
        "excess_cases": 43.3,
        "obs_exp_ratio": 12.7,
        "llr": 76.15225,
        "p_value": 0.01,
        "is_high_rate": true,
        "is_hierarchical": true,
        "is_gini": false,
        "slider_value": 0.01,
        "n_case_points": 67,
        "cases_centroid_lat": 32.7152,
        "cases_centroid_lng": -117.160092,
        "center_to_case_centroid_km": 0.0153
      }
    },
    {
      "type": "Feature",
      "geometry": {
        "type": "Point",
        "coordinates": [
          -117.199707,
          32.767898
        ]
      },
      "properties": {
        "cluster_id": 111,
        "center_lat": 32.767898,
        "center_lng": -117.199707,
        "radius_m": 62.492447,
        "radius_km": 0.06249,
        "start_date": "2022/10/19",
        "end_date": "2022/12/6",
        "start_year": 2022,
        "start_month": 10,
        "end_year": 2022,
        "end_month": 12,
        "duration_days": 48,
        "duration_weeks": 6.86,
        "observed_cases": 38,
        "expected_cases": 2.0,
        "excess_cases": 36.0,
        "obs_exp_ratio": 18.99,
        "llr": 75.879648,
        "p_value": 0.01,
        "is_high_rate": true,
        "is_hierarchical": true,
        "is_gini": false,
        "slider_value": 0.01,
        "n_case_points": 48,
        "cases_centroid_lat": 32.767735,
        "cases_centroid_lng": -117.199554,
        "center_to_case_centroid_km": 0.0232
      }
    },
    {
      "type": "Feature",
      "geometry": {
        "type": "Point",
        "coordinates": [
          -117.149722,
          32.774778
        ]
      },
      "properties": {
        "cluster_id": 112,
        "center_lat": 32.774778,
        "center_lng": -117.149722,
        "radius_m": 252.014248,
        "radius_km": 0.25201,
        "start_date": "2022/1/19",
        "end_date": "2022/3/29",
        "start_year": 2022,
        "start_month": 1,
        "end_year": 2022,
        "end_month": 3,
        "duration_days": 69,
        "duration_weeks": 9.86,
        "observed_cases": 51,
        "expected_cases": 4.74,
        "excess_cases": 46.26,
        "obs_exp_ratio": 10.75,
        "llr": 74.887806,
        "p_value": 0.01,
        "is_high_rate": true,
        "is_hierarchical": true,
        "is_gini": false,
        "slider_value": 0.01,
        "n_case_points": 75,
        "cases_centroid_lat": 32.774177,
        "cases_centroid_lng": -117.149389,
        "center_to_case_centroid_km": 0.0738
      }
    },
    {
      "type": "Feature",
      "geometry": {
        "type": "Point",
        "coordinates": [
          -117.125797,
          32.747125
        ]
      },
      "properties": {
        "cluster_id": 113,
        "center_lat": 32.747125,
        "center_lng": -117.125797,
        "radius_m": 402.550915,
        "radius_km": 0.40255,
        "start_date": "2022/2/23",
        "end_date": "2022/4/26",
        "start_year": 2022,
        "start_month": 2,
        "end_year": 2022,
        "end_month": 4,
        "duration_days": 62,
        "duration_weeks": 8.86,
        "observed_cases": 160,
        "expected_cases": 50.65,
        "excess_cases": 109.35,
        "obs_exp_ratio": 3.16,
        "llr": 74.730917,
        "p_value": 0.01,
        "is_high_rate": true,
        "is_hierarchical": true,
        "is_gini": false,
        "slider_value": 0.01,
        "n_case_points": 941,
        "cases_centroid_lat": 32.748621,
        "cases_centroid_lng": -117.124156,
        "center_to_case_centroid_km": 0.2263
      }
    },
    {
      "type": "Feature",
      "geometry": {
        "type": "Point",
        "coordinates": [
          -117.129578,
          32.759036
        ]
      },
      "properties": {
        "cluster_id": 114,
        "center_lat": 32.759036,
        "center_lng": -117.129578,
        "radius_m": 364.774526,
        "radius_km": 0.36477,
        "start_date": "2024/5/8",
        "end_date": "2024/8/13",
        "start_year": 2024,
        "start_month": 5,
        "end_year": 2024,
        "end_month": 8,
        "duration_days": 97,
        "duration_weeks": 13.86,
        "observed_cases": 141,
        "expected_cases": 40.84,
        "excess_cases": 100.16,
        "obs_exp_ratio": 3.45,
        "llr": 74.591155,
        "p_value": 0.01,
        "is_high_rate": true,
        "is_hierarchical": true,
        "is_gini": false,
        "slider_value": 0.01,
        "n_case_points": 420,
        "cases_centroid_lat": 32.758251,
        "cases_centroid_lng": -117.127088,
        "center_to_case_centroid_km": 0.2486
      }
    },
    {
      "type": "Feature",
      "geometry": {
        "type": "Point",
        "coordinates": [
          -117.109505,
          32.76254
        ]
      },
      "properties": {
        "cluster_id": 115,
        "center_lat": 32.76254,
        "center_lng": -117.109505,
        "radius_m": 76.824152,
        "radius_km": 0.07682,
        "start_date": "2023/4/19",
        "end_date": "2023/7/11",
        "start_year": 2023,
        "start_month": 4,
        "end_year": 2023,
        "end_month": 7,
        "duration_days": 83,
        "duration_weeks": 11.86,
        "observed_cases": 60,
        "expected_cases": 7.2,
        "excess_cases": 52.8,
        "obs_exp_ratio": 8.34,
        "llr": 74.460144,
        "p_value": 0.01,
        "is_high_rate": true,
        "is_hierarchical": true,
        "is_gini": false,
        "slider_value": 0.01,
        "n_case_points": 78,
        "cases_centroid_lat": 32.762371,
        "cases_centroid_lng": -117.109813,
        "center_to_case_centroid_km": 0.0344
      }
    },
    {
      "type": "Feature",
      "geometry": {
        "type": "Point",
        "coordinates": [
          -117.120617,
          32.749644
        ]
      },
      "properties": {
        "cluster_id": 116,
        "center_lat": 32.749644,
        "center_lng": -117.120617,
        "radius_m": 46.73356,
        "radius_km": 0.04673,
        "start_date": "2023/3/29",
        "end_date": "2023/4/18",
        "start_year": 2023,
        "start_month": 3,
        "end_year": 2023,
        "end_month": 4,
        "duration_days": 20,
        "duration_weeks": 2.86,
        "observed_cases": 25,
        "expected_cases": 0.51,
        "excess_cases": 24.49,
        "obs_exp_ratio": 49.48,
        "llr": 73.047432,
        "p_value": 0.01,
        "is_high_rate": true,
        "is_hierarchical": true,
        "is_gini": false,
        "slider_value": 0.01,
        "n_case_points": 31,
        "cases_centroid_lat": 32.749737,
        "cases_centroid_lng": -117.120646,
        "center_to_case_centroid_km": 0.0108
      }
    },
    {
      "type": "Feature",
      "geometry": {
        "type": "Point",
        "coordinates": [
          -117.166948,
          32.72619
        ]
      },
      "properties": {
        "cluster_id": 117,
        "center_lat": 32.72619,
        "center_lng": -117.166948,
        "radius_m": 54.209075,
        "radius_km": 0.05421,
        "start_date": "2023/2/1",
        "end_date": "2023/11/7",
        "start_year": 2023,
        "start_month": 2,
        "end_year": 2023,
        "end_month": 11,
        "duration_days": 279,
        "duration_weeks": 39.86,
        "observed_cases": 304,
        "expected_cases": 139.55,
        "excess_cases": 164.45,
        "obs_exp_ratio": 2.18,
        "llr": 72.366819,
        "p_value": 0.01,
        "is_high_rate": true,
        "is_hierarchical": true,
        "is_gini": false,
        "slider_value": 0.01,
        "n_case_points": 459,
        "cases_centroid_lat": 32.726025,
        "cases_centroid_lng": -117.167011,
        "center_to_case_centroid_km": 0.0193
      }
    },
    {
      "type": "Feature",
      "geometry": {
        "type": "Point",
        "coordinates": [
          -117.074148,
          32.758762
        ]
      },
      "properties": {
        "cluster_id": 118,
        "center_lat": 32.758762,
        "center_lng": -117.074148,
        "radius_m": 12.375245,
        "radius_km": 0.01238,
        "start_date": "2024/1/3",
        "end_date": "2024/3/12",
        "start_year": 2024,
        "start_month": 1,
        "end_year": 2024,
        "end_month": 3,
        "duration_days": 69,
        "duration_weeks": 9.86,
        "observed_cases": 51,
        "expected_cases": 5.1,
        "excess_cases": 45.9,
        "obs_exp_ratio": 9.99,
        "llr": 71.503661,
        "p_value": 0.01,
        "is_high_rate": true,
        "is_hierarchical": true,
        "is_gini": false,
        "slider_value": 0.01,
        "n_case_points": 62,
        "cases_centroid_lat": 32.758724,
        "cases_centroid_lng": -117.074119,
        "center_to_case_centroid_km": 0.005
      }
    },
    {
      "type": "Feature",
      "geometry": {
        "type": "Point",
        "coordinates": [
          -117.160324,
          32.744268
        ]
      },
      "properties": {
        "cluster_id": 119,
        "center_lat": 32.744268,
        "center_lng": -117.160324,
        "radius_m": 195.295785,
        "radius_km": 0.1953,
        "start_date": "2023/8/2",
        "end_date": "2023/10/10",
        "start_year": 2023,
        "start_month": 8,
        "end_year": 2023,
        "end_month": 10,
        "duration_days": 69,
        "duration_weeks": 9.86,
        "observed_cases": 98,
        "expected_cases": 21.78,
        "excess_cases": 76.22,
        "obs_exp_ratio": 4.5,
        "llr": 71.185851,
        "p_value": 0.01,
        "is_high_rate": true,
        "is_hierarchical": true,
        "is_gini": false,
        "slider_value": 0.01,
        "n_case_points": 236,
        "cases_centroid_lat": 32.744894,
        "cases_centroid_lng": -117.160109,
        "center_to_case_centroid_km": 0.0725
      }
    },
    {
      "type": "Feature",
      "geometry": {
        "type": "Point",
        "coordinates": [
          -117.092959,
          32.757626
        ]
      },
      "properties": {
        "cluster_id": 120,
        "center_lat": 32.757626,
        "center_lng": -117.092959,
        "radius_m": 69.386274,
        "radius_km": 0.06939,
        "start_date": "2023/8/2",
        "end_date": "2023/10/31",
        "start_year": 2023,
        "start_month": 8,
        "end_year": 2023,
        "end_month": 10,
        "duration_days": 90,
        "duration_weeks": 12.86,
        "observed_cases": 68,
        "expected_cases": 10.21,
        "excess_cases": 57.79,
        "obs_exp_ratio": 6.66,
        "llr": 71.173079,
        "p_value": 0.01,
        "is_high_rate": true,
        "is_hierarchical": true,
        "is_gini": false,
        "slider_value": 0.01,
        "n_case_points": 80,
        "cases_centroid_lat": 32.757385,
        "cases_centroid_lng": -117.092872,
        "center_to_case_centroid_km": 0.028
      }
    },
    {
      "type": "Feature",
      "geometry": {
        "type": "Point",
        "coordinates": [
          -117.152932,
          32.70834
        ]
      },
      "properties": {
        "cluster_id": 121,
        "center_lat": 32.70834,
        "center_lng": -117.152932,
        "radius_m": 82.553339,
        "radius_km": 0.08255,
        "start_date": "2022/12/14",
        "end_date": "2023/2/28",
        "start_year": 2022,
        "start_month": 12,
        "end_year": 2023,
        "end_month": 2,
        "duration_days": 76,
        "duration_weeks": 10.86,
        "observed_cases": 147,
        "expected_cases": 45.4,
        "excess_cases": 101.6,
        "obs_exp_ratio": 3.24,
        "llr": 71.164171,
        "p_value": 0.01,
        "is_high_rate": true,
        "is_hierarchical": true,
        "is_gini": false,
        "slider_value": 0.01,
        "n_case_points": 849,
        "cases_centroid_lat": 32.708298,
        "cases_centroid_lng": -117.152996,
        "center_to_case_centroid_km": 0.0076
      }
    },
    {
      "type": "Feature",
      "geometry": {
        "type": "Point",
        "coordinates": [
          -117.155082,
          32.712553
        ]
      },
      "properties": {
        "cluster_id": 122,
        "center_lat": 32.712553,
        "center_lng": -117.155082,
        "radius_m": 12.537571,
        "radius_km": 0.01254,
        "start_date": "2023/3/29",
        "end_date": "2023/5/16",
        "start_year": 2023,
        "start_month": 3,
        "end_year": 2023,
        "end_month": 5,
        "duration_days": 48,
        "duration_weeks": 6.86,
        "observed_cases": 48,
        "expected_cases": 4.44,
        "excess_cases": 43.56,
        "obs_exp_ratio": 10.82,
        "llr": 70.742356,
        "p_value": 0.01,
        "is_high_rate": true,
        "is_hierarchical": true,
        "is_gini": false,
        "slider_value": 0.01,
        "n_case_points": 93,
        "cases_centroid_lat": 32.712544,
        "cases_centroid_lng": -117.155085,
        "center_to_case_centroid_km": 0.0011
      }
    },
    {
      "type": "Feature",
      "geometry": {
        "type": "Point",
        "coordinates": [
          -117.147041,
          32.710705
        ]
      },
      "properties": {
        "cluster_id": 123,
        "center_lat": 32.710705,
        "center_lng": -117.147041,
        "radius_m": 207.647155,
        "radius_km": 0.20765,
        "start_date": "2023/7/12",
        "end_date": "2023/9/5",
        "start_year": 2023,
        "start_month": 7,
        "end_year": 2023,
        "end_month": 9,
        "duration_days": 55,
        "duration_weeks": 7.86,
        "observed_cases": 205,
        "expected_cases": 78.27,
        "excess_cases": 126.73,
        "obs_exp_ratio": 2.62,
        "llr": 70.732346,
        "p_value": 0.01,
        "is_high_rate": true,
        "is_hierarchical": true,
        "is_gini": false,
        "slider_value": 0.01,
        "n_case_points": 1091,
        "cases_centroid_lat": 32.710651,
        "cases_centroid_lng": -117.147963,
        "center_to_case_centroid_km": 0.0865
      }
    },
    {
      "type": "Feature",
      "geometry": {
        "type": "Point",
        "coordinates": [
          -117.136885,
          32.754336
        ]
      },
      "properties": {
        "cluster_id": 124,
        "center_lat": 32.754336,
        "center_lng": -117.136885,
        "radius_m": 247.256313,
        "radius_km": 0.24726,
        "start_date": "2022/5/18",
        "end_date": "2022/8/23",
        "start_year": 2022,
        "start_month": 5,
        "end_year": 2022,
        "end_month": 8,
        "duration_days": 97,
        "duration_weeks": 13.86,
        "observed_cases": 66,
        "expected_cases": 9.73,
        "excess_cases": 56.27,
        "obs_exp_ratio": 6.78,
        "llr": 70.086242,
        "p_value": 0.01,
        "is_high_rate": true,
        "is_hierarchical": true,
        "is_gini": false,
        "slider_value": 0.01,
        "n_case_points": 91,
        "cases_centroid_lat": 32.754927,
        "cases_centroid_lng": -117.135435,
        "center_to_case_centroid_km": 0.1506
      }
    },
    {
      "type": "Feature",
      "geometry": {
        "type": "Point",
        "coordinates": [
          -117.155974,
          32.71677
        ]
      },
      "properties": {
        "cluster_id": 125,
        "center_lat": 32.71677,
        "center_lng": -117.155974,
        "radius_m": 23.284812,
        "radius_km": 0.02328,
        "start_date": "2023/8/16",
        "end_date": "2023/10/3",
        "start_year": 2023,
        "start_month": 8,
        "end_year": 2023,
        "end_month": 10,
        "duration_days": 48,
        "duration_weeks": 6.86,
        "observed_cases": 90,
        "expected_cases": 18.8,
        "excess_cases": 71.2,
        "obs_exp_ratio": 4.79,
        "llr": 69.739675,
        "p_value": 0.01,
        "is_high_rate": true,
        "is_hierarchical": true,
        "is_gini": false,
        "slider_value": 0.01,
        "n_case_points": 296,
        "cases_centroid_lat": 32.716763,
        "cases_centroid_lng": -117.155983,
        "center_to_case_centroid_km": 0.0011
      }
    },
    {
      "type": "Feature",
      "geometry": {
        "type": "Point",
        "coordinates": [
          -117.118894,
          32.736719
        ]
      },
      "properties": {
        "cluster_id": 126,
        "center_lat": 32.736719,
        "center_lng": -117.118894,
        "radius_m": 19.484671,
        "radius_km": 0.01948,
        "start_date": "2024/6/12",
        "end_date": "2024/6/25",
        "start_year": 2024,
        "start_month": 6,
        "end_year": 2024,
        "end_month": 6,
        "duration_days": 13,
        "duration_weeks": 1.86,
        "observed_cases": 21,
        "expected_cases": 0.29,
        "excess_cases": 20.71,
        "obs_exp_ratio": 71.45,
        "llr": 68.943776,
        "p_value": 0.01,
        "is_high_rate": true,
        "is_hierarchical": true,
        "is_gini": false,
        "slider_value": 0.01,
        "n_case_points": 26,
        "cases_centroid_lat": 32.736712,
        "cases_centroid_lng": -117.118903,
        "center_to_case_centroid_km": 0.0011
      }
    },
    {
      "type": "Feature",
      "geometry": {
        "type": "Point",
        "coordinates": [
          -117.119237,
          32.917839
        ]
      },
      "properties": {
        "cluster_id": 127,
        "center_lat": 32.917839,
        "center_lng": -117.119237,
        "radius_m": 98.840093,
        "radius_km": 0.09884,
        "start_date": "2022/4/13",
        "end_date": "2022/5/31",
        "start_year": 2022,
        "start_month": 4,
        "end_year": 2022,
        "end_month": 5,
        "duration_days": 48,
        "duration_weeks": 6.86,
        "observed_cases": 46,
        "expected_cases": 4.14,
        "excess_cases": 41.86,
        "obs_exp_ratio": 11.11,
        "llr": 68.915194,
        "p_value": 0.01,
        "is_high_rate": true,
        "is_hierarchical": true,
        "is_gini": false,
        "slider_value": 0.01,
        "n_case_points": 76,
        "cases_centroid_lat": 32.917513,
        "cases_centroid_lng": -117.118912,
        "center_to_case_centroid_km": 0.0473
      }
    },
    {
      "type": "Feature",
      "geometry": {
        "type": "Point",
        "coordinates": [
          -117.151402,
          32.713763
        ]
      },
      "properties": {
        "cluster_id": 128,
        "center_lat": 32.713763,
        "center_lng": -117.151402,
        "radius_m": 123.891734,
        "radius_km": 0.12389,
        "start_date": "2023/12/13",
        "end_date": "2024/2/13",
        "start_year": 2023,
        "start_month": 12,
        "end_year": 2024,
        "end_month": 2,
        "duration_days": 62,
        "duration_weeks": 8.86,
        "observed_cases": 129,
        "expected_cases": 37.26,
        "excess_cases": 91.74,
        "obs_exp_ratio": 3.46,
        "llr": 68.49135,
        "p_value": 0.01,
        "is_high_rate": true,
        "is_hierarchical": true,
        "is_gini": false,
        "slider_value": 0.01,
        "n_case_points": 579,
        "cases_centroid_lat": 32.713612,
        "cases_centroid_lng": -117.150885,
        "center_to_case_centroid_km": 0.0512
      }
    },
    {
      "type": "Feature",
      "geometry": {
        "type": "Point",
        "coordinates": [
          -117.134051,
          32.718855
        ]
      },
      "properties": {
        "cluster_id": 129,
        "center_lat": 32.718855,
        "center_lng": -117.134051,
        "radius_m": 538.666043,
        "radius_km": 0.53867,
        "start_date": "2024/10/23",
        "end_date": "2024/12/3",
        "start_year": 2024,
        "start_month": 10,
        "end_year": 2024,
        "end_month": 12,
        "duration_days": 41,
        "duration_weeks": 5.86,
        "observed_cases": 42,
        "expected_cases": 3.31,
        "excess_cases": 38.69,
        "obs_exp_ratio": 12.7,
        "llr": 68.075663,
        "p_value": 0.01,
        "is_high_rate": true,
        "is_hierarchical": true,
        "is_gini": false,
        "slider_value": 0.01,
        "n_case_points": 109,
        "cases_centroid_lat": 32.719314,
        "cases_centroid_lng": -117.134778,
        "center_to_case_centroid_km": 0.0851
      }
    },
    {
      "type": "Feature",
      "geometry": {
        "type": "Point",
        "coordinates": [
          -117.067275,
          32.76306
        ]
      },
      "properties": {
        "cluster_id": 130,
        "center_lat": 32.76306,
        "center_lng": -117.067275,
        "radius_m": 279.977845,
        "radius_km": 0.27998,
        "start_date": "2022/1/26",
        "end_date": "2022/3/8",
        "start_year": 2022,
        "start_month": 1,
        "end_year": 2022,
        "end_month": 3,
        "duration_days": 41,
        "duration_weeks": 5.86,
        "observed_cases": 94,
        "expected_cases": 21.03,
        "excess_cases": 72.97,
        "obs_exp_ratio": 4.47,
        "llr": 67.815407,
        "p_value": 0.01,
        "is_high_rate": true,
        "is_hierarchical": true,
        "is_gini": false,
        "slider_value": 0.01,
        "n_case_points": 626,
        "cases_centroid_lat": 32.761769,
        "cases_centroid_lng": -117.066739,
        "center_to_case_centroid_km": 0.152
      }
    },
    {
      "type": "Feature",
      "geometry": {
        "type": "Point",
        "coordinates": [
          -117.158402,
          32.710783
        ]
      },
      "properties": {
        "cluster_id": 131,
        "center_lat": 32.710783,
        "center_lng": -117.158402,
        "radius_m": 79.648678,
        "radius_km": 0.07965,
        "start_date": "2024/2/21",
        "end_date": "2024/6/11",
        "start_year": 2024,
        "start_month": 2,
        "end_year": 2024,
        "end_month": 6,
        "duration_days": 111,
        "duration_weeks": 15.86,
        "observed_cases": 246,
        "expected_cases": 105.59,
        "excess_cases": 140.41,
        "obs_exp_ratio": 2.33,
        "llr": 67.73366,
        "p_value": 0.01,
        "is_high_rate": true,
        "is_hierarchical": true,
        "is_gini": false,
        "slider_value": 0.01,
        "n_case_points": 972,
        "cases_centroid_lat": 32.710664,
        "cases_centroid_lng": -117.158345,
        "center_to_case_centroid_km": 0.0143
      }
    },
    {
      "type": "Feature",
      "geometry": {
        "type": "Point",
        "coordinates": [
          -117.079266,
          32.736553
        ]
      },
      "properties": {
        "cluster_id": 132,
        "center_lat": 32.736553,
        "center_lng": -117.079266,
        "radius_m": 77.247226,
        "radius_km": 0.07725,
        "start_date": "2023/9/27",
        "end_date": "2023/10/10",
        "start_year": 2023,
        "start_month": 9,
        "end_year": 2023,
        "end_month": 10,
        "duration_days": 13,
        "duration_weeks": 1.86,
        "observed_cases": 23,
        "expected_cases": 0.46,
        "excess_cases": 22.54,
        "obs_exp_ratio": 50.24,
        "llr": 67.547445,
        "p_value": 0.01,
        "is_high_rate": true,
        "is_hierarchical": true,
        "is_gini": false,
        "slider_value": 0.01,
        "n_case_points": 21,
        "cases_centroid_lat": 32.736704,
        "cases_centroid_lng": -117.079344,
        "center_to_case_centroid_km": 0.0183
      }
    },
    {
      "type": "Feature",
      "geometry": {
        "type": "Point",
        "coordinates": [
          -117.226161,
          32.728411
        ]
      },
      "properties": {
        "cluster_id": 133,
        "center_lat": 32.728411,
        "center_lng": -117.226161,
        "radius_m": 36.103105,
        "radius_km": 0.0361,
        "start_date": "2022/5/18",
        "end_date": "2022/5/31",
        "start_year": 2022,
        "start_month": 5,
        "end_year": 2022,
        "end_month": 5,
        "duration_days": 13,
        "duration_weeks": 1.86,
        "observed_cases": 22,
        "expected_cases": 0.39,
        "excess_cases": 21.61,
        "obs_exp_ratio": 56.06,
        "llr": 66.976985,
        "p_value": 0.01,
        "is_high_rate": true,
        "is_hierarchical": true,
        "is_gini": false,
        "slider_value": 0.01,
        "n_case_points": 30,
        "cases_centroid_lat": 32.728391,
        "cases_centroid_lng": -117.226187,
        "center_to_case_centroid_km": 0.0033
      }
    },
    {
      "type": "Feature",
      "geometry": {
        "type": "Point",
        "coordinates": [
          -117.255433,
          32.791291
        ]
      },
      "properties": {
        "cluster_id": 134,
        "center_lat": 32.791291,
        "center_lng": -117.255433,
        "radius_m": 486.9394,
        "radius_km": 0.48694,
        "start_date": "2024/7/3",
        "end_date": "2024/10/1",
        "start_year": 2024,
        "start_month": 7,
        "end_year": 2024,
        "end_month": 10,
        "duration_days": 90,
        "duration_weeks": 12.86,
        "observed_cases": 151,
        "expected_cases": 49.61,
        "excess_cases": 101.39,
        "obs_exp_ratio": 3.04,
        "llr": 66.730012,
        "p_value": 0.01,
        "is_high_rate": true,
        "is_hierarchical": true,
        "is_gini": false,
        "slider_value": 0.01,
        "n_case_points": 609,
        "cases_centroid_lat": 32.792559,
        "cases_centroid_lng": -117.255245,
        "center_to_case_centroid_km": 0.1421
      }
    },
    {
      "type": "Feature",
      "geometry": {
        "type": "Point",
        "coordinates": [
          -117.087016,
          32.757627
        ]
      },
      "properties": {
        "cluster_id": 135,
        "center_lat": 32.757627,
        "center_lng": -117.087016,
        "radius_m": 174.269213,
        "radius_km": 0.17427,
        "start_date": "2022/2/16",
        "end_date": "2022/7/12",
        "start_year": 2022,
        "start_month": 2,
        "end_year": 2022,
        "end_month": 7,
        "duration_days": 146,
        "duration_weeks": 20.86,
        "observed_cases": 63,
        "expected_cases": 9.4,
        "excess_cases": 53.6,
        "obs_exp_ratio": 6.71,
        "llr": 66.293018,
        "p_value": 0.01,
        "is_high_rate": true,
        "is_hierarchical": true,
        "is_gini": false,
        "slider_value": 0.01,
        "n_case_points": 71,
        "cases_centroid_lat": 32.75724,
        "cases_centroid_lng": -117.0868,
        "center_to_case_centroid_km": 0.0475
      }
    },
    {
      "type": "Feature",
      "geometry": {
        "type": "Point",
        "coordinates": [
          -117.170962,
          32.714466
        ]
      },
      "properties": {
        "cluster_id": 136,
        "center_lat": 32.714466,
        "center_lng": -117.170962,
        "radius_m": 62.10659,
        "radius_km": 0.06211,
        "start_date": "2022/7/20",
        "end_date": "2022/8/2",
        "start_year": 2022,
        "start_month": 7,
        "end_year": 2022,
        "end_month": 8,
        "duration_days": 13,
        "duration_weeks": 1.86,
        "observed_cases": 32,
        "expected_cases": 1.56,
        "excess_cases": 30.44,
        "obs_exp_ratio": 20.45,
        "llr": 66.14627,
        "p_value": 0.01,
        "is_high_rate": true,
        "is_hierarchical": true,
        "is_gini": false,
        "slider_value": 0.01,
        "n_case_points": 109,
        "cases_centroid_lat": 32.714192,
        "cases_centroid_lng": -117.170899,
        "center_to_case_centroid_km": 0.031
      }
    },
    {
      "type": "Feature",
      "geometry": {
        "type": "Point",
        "coordinates": [
          -117.126882,
          32.758904
        ]
      },
      "properties": {
        "cluster_id": 137,
        "center_lat": 32.758904,
        "center_lng": -117.126882,
        "radius_m": 143.251009,
        "radius_km": 0.14325,
        "start_date": "2022/8/17",
        "end_date": "2022/10/4",
        "start_year": 2022,
        "start_month": 8,
        "end_year": 2022,
        "end_month": 10,
        "duration_days": 48,
        "duration_weeks": 6.86,
        "observed_cases": 40,
        "expected_cases": 3.1,
        "excess_cases": 36.9,
        "obs_exp_ratio": 12.9,
        "llr": 65.406212,
        "p_value": 0.01,
        "is_high_rate": true,
        "is_hierarchical": true,
        "is_gini": false,
        "slider_value": 0.01,
        "n_case_points": 68,
        "cases_centroid_lat": 32.758419,
        "cases_centroid_lng": -117.126652,
        "center_to_case_centroid_km": 0.0581
      }
    },
    {
      "type": "Feature",
      "geometry": {
        "type": "Point",
        "coordinates": [
          -117.110963,
          32.763108
        ]
      },
      "properties": {
        "cluster_id": 138,
        "center_lat": 32.763108,
        "center_lng": -117.110963,
        "radius_m": 18.317267,
        "radius_km": 0.01832,
        "start_date": "2024/6/26",
        "end_date": "2024/7/30",
        "start_year": 2024,
        "start_month": 6,
        "end_year": 2024,
        "end_month": 7,
        "duration_days": 34,
        "duration_weeks": 4.86,
        "observed_cases": 40,
        "expected_cases": 3.12,
        "excess_cases": 36.88,
        "obs_exp_ratio": 12.83,
        "llr": 65.190472,
        "p_value": 0.01,
        "is_high_rate": true,
        "is_hierarchical": true,
        "is_gini": false,
        "slider_value": 0.01,
        "n_case_points": 94,
        "cases_centroid_lat": 32.763073,
        "cases_centroid_lng": -117.110981,
        "center_to_case_centroid_km": 0.0043
      }
    },
    {
      "type": "Feature",
      "geometry": {
        "type": "Point",
        "coordinates": [
          -117.120779,
          32.747997
        ]
      },
      "properties": {
        "cluster_id": 139,
        "center_lat": 32.747997,
        "center_lng": -117.120779,
        "radius_m": 96.149626,
        "radius_km": 0.09615,
        "start_date": "2024/4/24",
        "end_date": "2024/8/27",
        "start_year": 2024,
        "start_month": 4,
        "end_year": 2024,
        "end_month": 8,
        "duration_days": 125,
        "duration_weeks": 17.86,
        "observed_cases": 57,
        "expected_cases": 7.65,
        "excess_cases": 49.35,
        "obs_exp_ratio": 7.46,
        "llr": 65.163652,
        "p_value": 0.01,
        "is_high_rate": true,
        "is_hierarchical": true,
        "is_gini": false,
        "slider_value": 0.01,
        "n_case_points": 65,
        "cases_centroid_lat": 32.748064,
        "cases_centroid_lng": -117.12082,
        "center_to_case_centroid_km": 0.0083
      }
    },
    {
      "type": "Feature",
      "geometry": {
        "type": "Point",
        "coordinates": [
          -117.16163,
          32.70981
        ]
      },
      "properties": {
        "cluster_id": 140,
        "center_lat": 32.70981,
        "center_lng": -117.16163,
        "radius_m": 115.544485,
        "radius_km": 0.11554,
        "start_date": "2022/8/10",
        "end_date": "2022/9/20",
        "start_year": 2022,
        "start_month": 8,
        "end_year": 2022,
        "end_month": 9,
        "duration_days": 41,
        "duration_weeks": 5.86,
        "observed_cases": 38,
        "expected_cases": 2.72,
        "excess_cases": 35.28,
        "obs_exp_ratio": 13.97,
        "llr": 64.932099,
        "p_value": 0.01,
        "is_high_rate": true,
        "is_hierarchical": true,
        "is_gini": false,
        "slider_value": 0.01,
        "n_case_points": 70,
        "cases_centroid_lat": 32.709942,
        "cases_centroid_lng": -117.16121,
        "center_to_case_centroid_km": 0.042
      }
    },
    {
      "type": "Feature",
      "geometry": {
        "type": "Point",
        "coordinates": [
          -117.158079,
          32.713945
        ]
      },
      "properties": {
        "cluster_id": 141,
        "center_lat": 32.713945,
        "center_lng": -117.158079,
        "radius_m": 24.604627,
        "radius_km": 0.0246,
        "start_date": "2022/3/2",
        "end_date": "2022/6/14",
        "start_year": 2022,
        "start_month": 3,
        "end_year": 2022,
        "end_month": 6,
        "duration_days": 104,
        "duration_weeks": 14.86,
        "observed_cases": 173,
        "expected_cases": 63.17,
        "excess_cases": 109.83,
        "obs_exp_ratio": 2.74,
        "llr": 64.521107,
        "p_value": 0.01,
        "is_high_rate": true,
        "is_hierarchical": true,
        "is_gini": false,
        "slider_value": 0.01,
        "n_case_points": 669,
        "cases_centroid_lat": 32.713903,
        "cases_centroid_lng": -117.158252,
        "center_to_case_centroid_km": 0.0168
      }
    },
    {
      "type": "Feature",
      "geometry": {
        "type": "Point",
        "coordinates": [
          -117.168286,
          32.712152
        ]
      },
      "properties": {
        "cluster_id": 142,
        "center_lat": 32.712152,
        "center_lng": -117.168286,
        "radius_m": 89.402581,
        "radius_km": 0.0894,
        "start_date": "2024/7/3",
        "end_date": "2024/7/9",
        "start_year": 2024,
        "start_month": 7,
        "end_year": 2024,
        "end_month": 7,
        "duration_days": 6,
        "duration_weeks": 0.86,
        "observed_cases": 19,
        "expected_cases": 0.24,
        "excess_cases": 18.76,
        "obs_exp_ratio": 79.67,
        "llr": 64.421208,
        "p_value": 0.01,
        "is_high_rate": true,
        "is_hierarchical": true,
        "is_gini": false,
        "slider_value": 0.01,
        "n_case_points": 40,
        "cases_centroid_lat": 32.712463,
        "cases_centroid_lng": -117.168147,
        "center_to_case_centroid_km": 0.0369
      }
    },
    {
      "type": "Feature",
      "geometry": {
        "type": "Point",
        "coordinates": [
          -117.249593,
          32.746412
        ]
      },
      "properties": {
        "cluster_id": 143,
        "center_lat": 32.746412,
        "center_lng": -117.249593,
        "radius_m": 117.421888,
        "radius_km": 0.11742,
        "start_date": "2024/7/10",
        "end_date": "2024/7/16",
        "start_year": 2024,
        "start_month": 7,
        "end_year": 2024,
        "end_month": 7,
        "duration_days": 6,
        "duration_weeks": 0.86,
        "observed_cases": 27,
        "expected_cases": 0.95,
        "excess_cases": 26.05,
        "obs_exp_ratio": 28.45,
        "llr": 64.35452,
        "p_value": 0.01,
        "is_high_rate": true,
        "is_hierarchical": true,
        "is_gini": false,
        "slider_value": 0.01,
        "n_case_points": 142,
        "cases_centroid_lat": 32.746868,
        "cases_centroid_lng": -117.249624,
        "center_to_case_centroid_km": 0.0508
      }
    },
    {
      "type": "Feature",
      "geometry": {
        "type": "Point",
        "coordinates": [
          -117.105102,
          32.749656
        ]
      },
      "properties": {
        "cluster_id": 144,
        "center_lat": 32.749656,
        "center_lng": -117.105102,
        "radius_m": 183.725891,
        "radius_km": 0.18373,
        "start_date": "2022/2/16",
        "end_date": "2022/4/26",
        "start_year": 2022,
        "start_month": 2,
        "end_year": 2022,
        "end_month": 4,
        "duration_days": 69,
        "duration_weeks": 9.86,
        "observed_cases": 55,
        "expected_cases": 7.18,
        "excess_cases": 47.82,
        "obs_exp_ratio": 7.66,
        "llr": 64.173192,
        "p_value": 0.01,
        "is_high_rate": true,
        "is_hierarchical": true,
        "is_gini": false,
        "slider_value": 0.01,
        "n_case_points": 124,
        "cases_centroid_lat": 32.749757,
        "cases_centroid_lng": -117.105778,
        "center_to_case_centroid_km": 0.0642
      }
    },
    {
      "type": "Feature",
      "geometry": {
        "type": "Point",
        "coordinates": [
          -117.154419,
          32.714672
        ]
      },
      "properties": {
        "cluster_id": 145,
        "center_lat": 32.714672,
        "center_lng": -117.154419,
        "radius_m": 59.419093,
        "radius_km": 0.05942,
        "start_date": "2023/10/25",
        "end_date": "2023/11/28",
        "start_year": 2023,
        "start_month": 10,
        "end_year": 2023,
        "end_month": 11,
        "duration_days": 34,
        "duration_weeks": 4.86,
        "observed_cases": 88,
        "expected_cases": 19.52,
        "excess_cases": 68.48,
        "obs_exp_ratio": 4.51,
        "llr": 64.06717,
        "p_value": 0.01,
        "is_high_rate": true,
        "is_hierarchical": true,
        "is_gini": false,
        "slider_value": 0.01,
        "n_case_points": 367,
        "cases_centroid_lat": 32.714709,
        "cases_centroid_lng": -117.154303,
        "center_to_case_centroid_km": 0.0117
      }
    },
    {
      "type": "Feature",
      "geometry": {
        "type": "Point",
        "coordinates": [
          -117.212308,
          32.755182
        ]
      },
      "properties": {
        "cluster_id": 146,
        "center_lat": 32.755182,
        "center_lng": -117.212308,
        "radius_m": 381.29342,
        "radius_km": 0.38129,
        "start_date": "2022/9/14",
        "end_date": "2023/2/28",
        "start_year": 2022,
        "start_month": 9,
        "end_year": 2023,
        "end_month": 2,
        "duration_days": 167,
        "duration_weeks": 23.86,
        "observed_cases": 165,
        "expected_cases": 58.86,
        "excess_cases": 106.14,
        "obs_exp_ratio": 2.8,
        "llr": 63.991615,
        "p_value": 0.01,
        "is_high_rate": true,
        "is_hierarchical": true,
        "is_gini": false,
        "slider_value": 0.01,
        "n_case_points": 353,
        "cases_centroid_lat": 32.75712,
        "cases_centroid_lng": -117.212891,
        "center_to_case_centroid_km": 0.2223
      }
    },
    {
      "type": "Feature",
      "geometry": {
        "type": "Point",
        "coordinates": [
          -117.23705,
          32.745011
        ]
      },
      "properties": {
        "cluster_id": 147,
        "center_lat": 32.745011,
        "center_lng": -117.23705,
        "radius_m": 458.367865,
        "radius_km": 0.45837,
        "start_date": "2022/12/14",
        "end_date": "2023/1/17",
        "start_year": 2022,
        "start_month": 12,
        "end_year": 2023,
        "end_month": 1,
        "duration_days": 34,
        "duration_weeks": 4.86,
        "observed_cases": 41,
        "expected_cases": 3.47,
        "excess_cases": 37.53,
        "obs_exp_ratio": 11.83,
        "llr": 63.7531,
        "p_value": 0.01,
        "is_high_rate": true,
        "is_hierarchical": true,
        "is_gini": false,
        "slider_value": 0.01,
        "n_case_points": 171,
        "cases_centroid_lat": 32.746713,
        "cases_centroid_lng": -117.234755,
        "center_to_case_centroid_km": 0.2862
      }
    },
    {
      "type": "Feature",
      "geometry": {
        "type": "Point",
        "coordinates": [
          -117.154011,
          32.715379
        ]
      },
      "properties": {
        "cluster_id": 148,
        "center_lat": 32.715379,
        "center_lng": -117.154011,
        "radius_m": 24.533179,
        "radius_km": 0.02453,
        "start_date": "2022/10/19",
        "end_date": "2023/3/14",
        "start_year": 2022,
        "start_month": 10,
        "end_year": 2023,
        "end_month": 3,
        "duration_days": 146,
        "duration_weeks": 20.86,
        "observed_cases": 104,
        "expected_cases": 26.88,
        "excess_cases": 77.12,
        "obs_exp_ratio": 3.87,
        "llr": 63.627613,
        "p_value": 0.01,
        "is_high_rate": true,
        "is_hierarchical": true,
        "is_gini": false,
        "slider_value": 0.01,
        "n_case_points": 249,
        "cases_centroid_lat": 32.715378,
        "cases_centroid_lng": -117.153842,
        "center_to_case_centroid_km": 0.0158
      }
    },
    {
      "type": "Feature",
      "geometry": {
        "type": "Point",
        "coordinates": [
          -117.154633,
          32.714505
        ]
      },
      "properties": {
        "cluster_id": 149,
        "center_lat": 32.714505,
        "center_lng": -117.154633,
        "radius_m": 23.365457,
        "radius_km": 0.02337,
        "start_date": "2022/6/15",
        "end_date": "2022/8/23",
        "start_year": 2022,
        "start_month": 6,
        "end_year": 2022,
        "end_month": 8,
        "duration_days": 69,
        "duration_weeks": 9.86,
        "observed_cases": 43,
        "expected_cases": 3.95,
        "excess_cases": 39.05,
        "obs_exp_ratio": 10.88,
        "llr": 63.610053,
        "p_value": 0.01,
        "is_high_rate": true,
        "is_hierarchical": true,
        "is_gini": false,
        "slider_value": 0.01,
        "n_case_points": 59,
        "cases_centroid_lat": 32.714522,
        "cases_centroid_lng": -117.154607,
        "center_to_case_centroid_km": 0.0031
      }
    },
    {
      "type": "Feature",
      "geometry": {
        "type": "Point",
        "coordinates": [
          -117.154863,
          32.715256
        ]
      },
      "properties": {
        "cluster_id": 150,
        "center_lat": 32.715256,
        "center_lng": -117.154863,
        "radius_m": 9.634879,
        "radius_km": 0.00963,
        "start_date": "2024/5/8",
        "end_date": "2024/9/3",
        "start_year": 2024,
        "start_month": 5,
        "end_year": 2024,
        "end_month": 9,
        "duration_days": 118,
        "duration_weeks": 16.86,
        "observed_cases": 67,
        "expected_cases": 11.31,
        "excess_cases": 55.69,
        "obs_exp_ratio": 5.92,
        "llr": 63.501282,
        "p_value": 0.01,
        "is_high_rate": true,
        "is_hierarchical": true,
        "is_gini": false,
        "slider_value": 0.01,
        "n_case_points": 104,
        "cases_centroid_lat": 32.715236,
        "cases_centroid_lng": -117.154835,
        "center_to_case_centroid_km": 0.0035
      }
    },
    {
      "type": "Feature",
      "geometry": {
        "type": "Point",
        "coordinates": [
          -117.143004,
          32.762682
        ]
      },
      "properties": {
        "cluster_id": 151,
        "center_lat": 32.762682,
        "center_lng": -117.143004,
        "radius_m": 171.753289,
        "radius_km": 0.17175,
        "start_date": "2023/8/23",
        "end_date": "2023/12/19",
        "start_year": 2023,
        "start_month": 8,
        "end_year": 2023,
        "end_month": 12,
        "duration_days": 118,
        "duration_weeks": 16.86,
        "observed_cases": 69,
        "expected_cases": 12.05,
        "excess_cases": 56.95,
        "obs_exp_ratio": 5.73,
        "llr": 63.463161,
        "p_value": 0.01,
        "is_high_rate": true,
        "is_hierarchical": true,
        "is_gini": false,
        "slider_value": 0.01,
        "n_case_points": 81,
        "cases_centroid_lat": 32.76294,
        "cases_centroid_lng": -117.143557,
        "center_to_case_centroid_km": 0.0591
      }
    },
    {
      "type": "Feature",
      "geometry": {
        "type": "Point",
        "coordinates": [
          -117.163023,
          32.766215
        ]
      },
      "properties": {
        "cluster_id": 152,
        "center_lat": 32.766215,
        "center_lng": -117.163023,
        "radius_m": 83.812434,
        "radius_km": 0.08381,
        "start_date": "2024/3/13",
        "end_date": "2024/5/14",
        "start_year": 2024,
        "start_month": 3,
        "end_year": 2024,
        "end_month": 5,
        "duration_days": 62,
        "duration_weeks": 8.86,
        "observed_cases": 73,
        "expected_cases": 13.75,
        "excess_cases": 59.25,
        "obs_exp_ratio": 5.31,
        "llr": 62.638614,
        "p_value": 0.01,
        "is_high_rate": true,
        "is_hierarchical": true,
        "is_gini": false,
        "slider_value": 0.01,
        "n_case_points": 233,
        "cases_centroid_lat": 32.766235,
        "cases_centroid_lng": -117.162887,
        "center_to_case_centroid_km": 0.0129
      }
    },
    {
      "type": "Feature",
      "geometry": {
        "type": "Point",
        "coordinates": [
          -117.150303,
          32.702984
        ]
      },
      "properties": {
        "cluster_id": 153,
        "center_lat": 32.702984,
        "center_lng": -117.150303,
        "radius_m": 210.328606,
        "radius_km": 0.21033,
        "start_date": "2022/5/18",
        "end_date": "2023/2/28",
        "start_year": 2022,
        "start_month": 5,
        "end_year": 2023,
        "end_month": 2,
        "duration_days": 286,
        "duration_weeks": 40.86,
        "observed_cases": 180,
        "expected_cases": 68.88,
        "excess_cases": 111.12,
        "obs_exp_ratio": 2.61,
        "llr": 61.845218,
        "p_value": 0.01,
        "is_high_rate": true,
        "is_hierarchical": true,
        "is_gini": false,
        "slider_value": 0.01,
        "n_case_points": 242,
        "cases_centroid_lat": 32.703783,
        "cases_centroid_lng": -117.149638,
        "center_to_case_centroid_km": 0.1084
      }
    },
    {
      "type": "Feature",
      "geometry": {
        "type": "Point",
        "coordinates": [
          -117.250046,
          32.756232
        ]
      },
      "properties": {
        "cluster_id": 154,
        "center_lat": 32.756232,
        "center_lng": -117.250046,
        "radius_m": 158.968869,
        "radius_km": 0.15897,
        "start_date": "2024/7/17",
        "end_date": "2024/7/23",
        "start_year": 2024,
        "start_month": 7,
        "end_year": 2024,
        "end_month": 7,
        "duration_days": 6,
        "duration_weeks": 0.86,
        "observed_cases": 29,
        "expected_cases": 1.34,
        "excess_cases": 27.66,
        "obs_exp_ratio": 21.69,
        "llr": 61.56285,
        "p_value": 0.01,
        "is_high_rate": true,
        "is_hierarchical": true,
        "is_gini": false,
        "slider_value": 0.01,
        "n_case_points": 182,
        "cases_centroid_lat": 32.755492,
        "cases_centroid_lng": -117.250109,
        "center_to_case_centroid_km": 0.0825
      }
    },
    {
      "type": "Feature",
      "geometry": {
        "type": "Point",
        "coordinates": [
          -117.193519,
          32.845432
        ]
      },
      "properties": {
        "cluster_id": 155,
        "center_lat": 32.845432,
        "center_lng": -117.193519,
        "radius_m": 940.218355,
        "radius_km": 0.94022,
        "start_date": "2022/1/26",
        "end_date": "2022/3/15",
        "start_year": 2022,
        "start_month": 1,
        "end_year": 2022,
        "end_month": 3,
        "duration_days": 48,
        "duration_weeks": 6.86,
        "observed_cases": 31,
        "expected_cases": 1.65,
        "excess_cases": 29.35,
        "obs_exp_ratio": 18.74,
        "llr": 61.509575,
        "p_value": 0.01,
        "is_high_rate": true,
        "is_hierarchical": true,
        "is_gini": false,
        "slider_value": 0.01,
        "n_case_points": 41,
        "cases_centroid_lat": 32.842907,
        "cases_centroid_lng": -117.196135,
        "center_to_case_centroid_km": 0.3722
      }
    },
    {
      "type": "Feature",
      "geometry": {
        "type": "Point",
        "coordinates": [
          -117.156679,
          32.768558
        ]
      },
      "properties": {
        "cluster_id": 156,
        "center_lat": 32.768558,
        "center_lng": -117.156679,
        "radius_m": 167.894338,
        "radius_km": 0.16789,
        "start_date": "2024/6/26",
        "end_date": "2024/7/16",
        "start_year": 2024,
        "start_month": 6,
        "end_year": 2024,
        "end_month": 7,
        "duration_days": 20,
        "duration_weeks": 2.86,
        "observed_cases": 26,
        "expected_cases": 0.93,
        "excess_cases": 25.07,
        "obs_exp_ratio": 27.88,
        "llr": 61.457014,
        "p_value": 0.01,
        "is_high_rate": true,
        "is_hierarchical": true,
        "is_gini": false,
        "slider_value": 0.01,
        "n_case_points": 51,
        "cases_centroid_lat": 32.768552,
        "cases_centroid_lng": -117.156259,
        "center_to_case_centroid_km": 0.0393
      }
    },
    {
      "type": "Feature",
      "geometry": {
        "type": "Point",
        "coordinates": [
          -117.239827,
          32.752542
        ]
      },
      "properties": {
        "cluster_id": 157,
        "center_lat": 32.752542,
        "center_lng": -117.239827,
        "radius_m": 46.948709,
        "radius_km": 0.04695,
        "start_date": "2024/1/24",
        "end_date": "2024/5/14",
        "start_year": 2024,
        "start_month": 1,
        "end_year": 2024,
        "end_month": 5,
        "duration_days": 111,
        "duration_weeks": 15.86,
        "observed_cases": 56,
        "expected_cases": 7.92,
        "excess_cases": 48.08,
        "obs_exp_ratio": 7.07,
        "llr": 61.454704,
        "p_value": 0.01,
        "is_high_rate": true,
        "is_hierarchical": true,
        "is_gini": false,
        "slider_value": 0.01,
        "n_case_points": 70,
        "cases_centroid_lat": 32.752572,
        "cases_centroid_lng": -117.239665,
        "center_to_case_centroid_km": 0.0155
      }
    },
    {
      "type": "Feature",
      "geometry": {
        "type": "Point",
        "coordinates": [
          -117.060748,
          32.765037
        ]
      },
      "properties": {
        "cluster_id": 158,
        "center_lat": 32.765037,
        "center_lng": -117.060748,
        "radius_m": 38.018825,
        "radius_km": 0.03802,
        "start_date": "2023/9/13",
        "end_date": "2023/9/19",
        "start_year": 2023,
        "start_month": 9,
        "end_year": 2023,
        "end_month": 9,
        "duration_days": 6,
        "duration_weeks": 0.86,
        "observed_cases": 25,
        "expected_cases": 0.82,
        "excess_cases": 24.18,
        "obs_exp_ratio": 30.48,
        "llr": 61.249156,
        "p_value": 0.01,
        "is_high_rate": true,
        "is_hierarchical": true,
        "is_gini": false,
        "slider_value": 0.01,
        "n_case_points": 87,
        "cases_centroid_lat": 32.764996,
        "cases_centroid_lng": -117.06059,
        "center_to_case_centroid_km": 0.0154
      }
    },
    {
      "type": "Feature",
      "geometry": {
        "type": "Point",
        "coordinates": [
          -117.180881,
          32.834622
        ]
      },
      "properties": {
        "cluster_id": 159,
        "center_lat": 32.834622,
        "center_lng": -117.180881,
        "radius_m": 299.660875,
        "radius_km": 0.29966,
        "start_date": "2022/6/1",
        "end_date": "2022/8/16",
        "start_year": 2022,
        "start_month": 6,
        "end_year": 2022,
        "end_month": 8,
        "duration_days": 76,
        "duration_weeks": 10.86,
        "observed_cases": 47,
        "expected_cases": 5.26,
        "excess_cases": 41.74,
        "obs_exp_ratio": 8.93,
        "llr": 61.16408,
        "p_value": 0.01,
        "is_high_rate": true,
        "is_hierarchical": true,
        "is_gini": false,
        "slider_value": 0.01,
        "n_case_points": 70,
        "cases_centroid_lat": 32.834395,
        "cases_centroid_lng": -117.182931,
        "center_to_case_centroid_km": 0.1931
      }
    },
    {
      "type": "Feature",
      "geometry": {
        "type": "Point",
        "coordinates": [
          -117.244992,
          32.798439
        ]
      },
      "properties": {
        "cluster_id": 160,
        "center_lat": 32.798439,
        "center_lng": -117.244992,
        "radius_m": 672.90285,
        "radius_km": 0.6729,
        "start_date": "2022/1/1",
        "end_date": "2022/6/21",
        "start_year": 2022,
        "start_month": 1,
        "end_year": 2022,
        "end_month": 6,
        "duration_days": 171,
        "duration_weeks": 24.43,
        "observed_cases": 197,
        "expected_cases": 79.64,
        "excess_cases": 117.36,
        "obs_exp_ratio": 2.47,
        "llr": 61.11636,
        "p_value": 0.01,
        "is_high_rate": true,
        "is_hierarchical": true,
        "is_gini": false,
        "slider_value": 0.01,
        "n_case_points": 539,
        "cases_centroid_lat": 32.798146,
        "cases_centroid_lng": -117.245442,
        "center_to_case_centroid_km": 0.0532
      }
    },
    {
      "type": "Feature",
      "geometry": {
        "type": "Point",
        "coordinates": [
          -117.146714,
          32.706279
        ]
      },
      "properties": {
        "cluster_id": 161,
        "center_lat": 32.706279,
        "center_lng": -117.146714,
        "radius_m": 136.364497,
        "radius_km": 0.13636,
        "start_date": "2022/9/21",
        "end_date": "2022/10/18",
        "start_year": 2022,
        "start_month": 9,
        "end_year": 2022,
        "end_month": 10,
        "duration_days": 27,
        "duration_weeks": 3.86,
        "observed_cases": 55,
        "expected_cases": 7.7,
        "excess_cases": 47.3,
        "obs_exp_ratio": 7.14,
        "llr": 60.84957,
        "p_value": 0.01,
        "is_high_rate": true,
        "is_hierarchical": true,
        "is_gini": false,
        "slider_value": 0.01,
        "n_case_points": 281,
        "cases_centroid_lat": 32.7067,
        "cases_centroid_lng": -117.146849,
        "center_to_case_centroid_km": 0.0485
      }
    },
    {
      "type": "Feature",
      "geometry": {
        "type": "Point",
        "coordinates": [
          -117.158229,
          32.713846
        ]
      },
      "properties": {
        "cluster_id": 162,
        "center_lat": 32.713846,
        "center_lng": -117.158229,
        "radius_m": 13.44096,
        "radius_km": 0.01344,
        "start_date": "2022/11/2",
        "end_date": "2023/2/28",
        "start_year": 2022,
        "start_month": 11,
        "end_year": 2023,
        "end_month": 2,
        "duration_days": 118,
        "duration_weeks": 16.86,
        "observed_cases": 152,
        "expected_cases": 53.26,
        "excess_cases": 98.74,
        "obs_exp_ratio": 2.85,
        "llr": 60.709869,
        "p_value": 0.01,
        "is_high_rate": true,
        "is_hierarchical": true,
        "is_gini": false,
        "slider_value": 0.01,
        "n_case_points": 645,
        "cases_centroid_lat": 32.713851,
        "cases_centroid_lng": -117.158259,
        "center_to_case_centroid_km": 0.0028
      }
    },
    {
      "type": "Feature",
      "geometry": {
        "type": "Point",
        "coordinates": [
          -117.181501,
          32.741682
        ]
      },
      "properties": {
        "cluster_id": 163,
        "center_lat": 32.741682,
        "center_lng": -117.181501,
        "radius_m": 114.590551,
        "radius_km": 0.11459,
        "start_date": "2022/11/9",
        "end_date": "2023/1/10",
        "start_year": 2022,
        "start_month": 11,
        "end_year": 2023,
        "end_month": 1,
        "duration_days": 62,
        "duration_weeks": 8.86,
        "observed_cases": 34,
        "expected_cases": 2.25,
        "excess_cases": 31.75,
        "obs_exp_ratio": 15.12,
        "llr": 60.592847,
        "p_value": 0.01,
        "is_high_rate": true,
        "is_hierarchical": true,
        "is_gini": false,
        "slider_value": 0.01,
        "n_case_points": 59,
        "cases_centroid_lat": 32.742096,
        "cases_centroid_lng": -117.181668,
        "center_to_case_centroid_km": 0.0486
      }
    },
    {
      "type": "Feature",
      "geometry": {
        "type": "Point",
        "coordinates": [
          -117.158108,
          32.710586
        ]
      },
      "properties": {
        "cluster_id": 164,
        "center_lat": 32.710586,
        "center_lng": -117.158108,
        "radius_m": 44.982454,
        "radius_km": 0.04498,
        "start_date": "2023/3/1",
        "end_date": "2023/3/28",
        "start_year": 2023,
        "start_month": 3,
        "end_year": 2023,
        "end_month": 3,
        "duration_days": 27,
        "duration_weeks": 3.86,
        "observed_cases": 66,
        "expected_cases": 11.67,
        "excess_cases": 54.33,
        "obs_exp_ratio": 5.66,
        "llr": 60.049897,
        "p_value": 0.01,
        "is_high_rate": true,
        "is_hierarchical": true,
        "is_gini": false,
        "slider_value": 0.01,
        "n_case_points": 533,
        "cases_centroid_lat": 32.710592,
        "cases_centroid_lng": -117.158255,
        "center_to_case_centroid_km": 0.0137
      }
    },
    {
      "type": "Feature",
      "geometry": {
        "type": "Point",
        "coordinates": [
          -117.160603,
          32.762445
        ]
      },
      "properties": {
        "cluster_id": 165,
        "center_lat": 32.762445,
        "center_lng": -117.160603,
        "radius_m": 63.632194,
        "radius_km": 0.06363,
        "start_date": "2023/6/28",
        "end_date": "2023/7/18",
        "start_year": 2023,
        "start_month": 6,
        "end_year": 2023,
        "end_month": 7,
        "duration_days": 20,
        "duration_weeks": 2.86,
        "observed_cases": 21,
        "expected_cases": 0.46,
        "excess_cases": 20.54,
        "obs_exp_ratio": 45.79,
        "llr": 59.76599,
        "p_value": 0.01,
        "is_high_rate": true,
        "is_hierarchical": true,
        "is_gini": false,
        "slider_value": 0.01,
        "n_case_points": 21,
        "cases_centroid_lat": 32.762408,
        "cases_centroid_lng": -117.160488,
        "center_to_case_centroid_km": 0.0115
      }
    },
    {
      "type": "Feature",
      "geometry": {
        "type": "Point",
        "coordinates": [
          -117.149483,
          32.70775
        ]
      },
      "properties": {
        "cluster_id": 166,
        "center_lat": 32.70775,
        "center_lng": -117.149483,
        "radius_m": 31.620758,
        "radius_km": 0.03162,
        "start_date": "2023/11/8",
        "end_date": "2023/12/12",
        "start_year": 2023,
        "start_month": 11,
        "end_year": 2023,
        "end_month": 12,
        "duration_days": 34,
        "duration_weeks": 4.86,
        "observed_cases": 35,
        "expected_cases": 2.54,
        "excess_cases": 32.46,
        "obs_exp_ratio": 13.76,
        "llr": 59.301711,
        "p_value": 0.01,
        "is_high_rate": true,
        "is_hierarchical": true,
        "is_gini": false,
        "slider_value": 0.01,
        "n_case_points": 60,
        "cases_centroid_lat": 32.707663,
        "cases_centroid_lng": -117.149413,
        "center_to_case_centroid_km": 0.0117
      }
    },
    {
      "type": "Feature",
      "geometry": {
        "type": "Point",
        "coordinates": [
          -117.107974,
          32.723014
        ]
      },
      "properties": {
        "cluster_id": 167,
        "center_lat": 32.723014,
        "center_lng": -117.107974,
        "radius_m": 946.438031,
        "radius_km": 0.94644,
        "start_date": "2023/1/11",
        "end_date": "2023/2/14",
        "start_year": 2023,
        "start_month": 1,
        "end_year": 2023,
        "end_month": 2,
        "duration_days": 34,
        "duration_weeks": 4.86,
        "observed_cases": 65,
        "expected_cases": 11.65,
        "excess_cases": 53.35,
        "obs_exp_ratio": 5.58,
        "llr": 58.380754,
        "p_value": 0.01,
        "is_high_rate": true,
        "is_hierarchical": true,
        "is_gini": false,
        "slider_value": 0.01,
        "n_case_points": 390,
        "cases_centroid_lat": 32.722814,
        "cases_centroid_lng": -117.107018,
        "center_to_case_centroid_km": 0.0922
      }
    },
    {
      "type": "Feature",
      "geometry": {
        "type": "Point",
        "coordinates": [
          -117.15658,
          32.717768
        ]
      },
      "properties": {
        "cluster_id": 168,
        "center_lat": 32.717768,
        "center_lng": -117.15658,
        "radius_m": 4.045616,
        "radius_km": 0.00405,
        "start_date": "2023/5/17",
        "end_date": "2023/5/23",
        "start_year": 2023,
        "start_month": 5,
        "end_year": 2023,
        "end_month": 5,
        "duration_days": 6,
        "duration_weeks": 0.86,
        "observed_cases": 18,
        "expected_cases": 0.26,
        "excess_cases": 17.74,
        "obs_exp_ratio": 68.41,
        "llr": 58.324873,
        "p_value": 0.01,
        "is_high_rate": true,
        "is_hierarchical": true,
        "is_gini": false,
        "slider_value": 0.01,
        "n_case_points": 29,
        "cases_centroid_lat": 32.717776,
        "cases_centroid_lng": -117.15657,
        "center_to_case_centroid_km": 0.0013
      }
    },
    {
      "type": "Feature",
      "geometry": {
        "type": "Point",
        "coordinates": [
          -117.14952,
          32.711064
        ]
      },
      "properties": {
        "cluster_id": 169,
        "center_lat": 32.711064,
        "center_lng": -117.14952,
        "radius_m": 61.393695,
        "radius_km": 0.06139,
        "start_date": "2022/9/21",
        "end_date": "2022/10/4",
        "start_year": 2022,
        "start_month": 9,
        "end_year": 2022,
        "end_month": 10,
        "duration_days": 13,
        "duration_weeks": 1.86,
        "observed_cases": 58,
        "expected_cases": 9.19,
        "excess_cases": 48.81,
        "obs_exp_ratio": 6.31,
        "llr": 58.04587,
        "p_value": 0.01,
        "is_high_rate": true,
        "is_hierarchical": true,
        "is_gini": false,
        "slider_value": 0.01,
        "n_case_points": 700,
        "cases_centroid_lat": 32.711021,
        "cases_centroid_lng": -117.149556,
        "center_to_case_centroid_km": 0.0058
      }
    },
    {
      "type": "Feature",
      "geometry": {
        "type": "Point",
        "coordinates": [
          -117.158149,
          32.746983
        ]
      },
      "properties": {
        "cluster_id": 170,
        "center_lat": 32.746983,
        "center_lng": -117.158149,
        "radius_m": 49.78774,
        "radius_km": 0.04979,
        "start_date": "2023/3/29",
        "end_date": "2023/4/18",
        "start_year": 2023,
        "start_month": 3,
        "end_year": 2023,
        "end_month": 4,
        "duration_days": 20,
        "duration_weeks": 2.86,
        "observed_cases": 23,
        "expected_cases": 0.7,
        "excess_cases": 22.3,
        "obs_exp_ratio": 32.82,
        "llr": 57.995718,
        "p_value": 0.01,
        "is_high_rate": true,
        "is_hierarchical": true,
        "is_gini": false,
        "slider_value": 0.01,
        "n_case_points": 42,
        "cases_centroid_lat": 32.747026,
        "cases_centroid_lng": -117.158059,
        "center_to_case_centroid_km": 0.0097
      }
    },
    {
      "type": "Feature",
      "geometry": {
        "type": "Point",
        "coordinates": [
          -117.12599,
          32.753399
        ]
      },
      "properties": {
        "cluster_id": 171,
        "center_lat": 32.753399,
        "center_lng": -117.12599,
        "radius_m": 238.698246,
        "radius_km": 0.2387,
        "start_date": "2022/3/30",
        "end_date": "2022/5/24",
        "start_year": 2022,
        "start_month": 3,
        "end_year": 2022,
        "end_month": 5,
        "duration_days": 55,
        "duration_weeks": 7.86,
        "observed_cases": 106,
        "expected_cases": 30.09,
        "excess_cases": 75.91,
        "obs_exp_ratio": 3.52,
        "llr": 57.593883,
        "p_value": 0.01,
        "is_high_rate": true,
        "is_hierarchical": true,
        "is_gini": false,
        "slider_value": 0.01,
        "n_case_points": 604,
        "cases_centroid_lat": 32.753734,
        "cases_centroid_lng": -117.12485,
        "center_to_case_centroid_km": 0.1129
      }
    },
    {
      "type": "Feature",
      "geometry": {
        "type": "Point",
        "coordinates": [
          -117.161768,
          32.72084
        ]
      },
      "properties": {
        "cluster_id": 172,
        "center_lat": 32.72084,
        "center_lng": -117.161768,
        "radius_m": 65.964721,
        "radius_km": 0.06596,
        "start_date": "2022/4/13",
        "end_date": "2022/5/31",
        "start_year": 2022,
        "start_month": 4,
        "end_year": 2022,
        "end_month": 5,
        "duration_days": 48,
        "duration_weeks": 6.86,
        "observed_cases": 77,
        "expected_cases": 16.73,
        "excess_cases": 60.27,
        "obs_exp_ratio": 4.6,
        "llr": 57.300961,
        "p_value": 0.01,
        "is_high_rate": true,
        "is_hierarchical": true,
        "is_gini": false,
        "slider_value": 0.01,
        "n_case_points": 391,
        "cases_centroid_lat": 32.720677,
        "cases_centroid_lng": -117.161961,
        "center_to_case_centroid_km": 0.0256
      }
    },
    {
      "type": "Feature",
      "geometry": {
        "type": "Point",
        "coordinates": [
          -117.153778,
          32.714216
        ]
      },
      "properties": {
        "cluster_id": 173,
        "center_lat": 32.714216,
        "center_lng": -117.153778,
        "radius_m": 27.544892,
        "radius_km": 0.02754,
        "start_date": "2022/9/21",
        "end_date": "2022/11/29",
        "start_year": 2022,
        "start_month": 9,
        "end_year": 2022,
        "end_month": 11,
        "duration_days": 69,
        "duration_weeks": 9.86,
        "observed_cases": 38,
        "expected_cases": 3.41,
        "excess_cases": 34.59,
        "obs_exp_ratio": 11.15,
        "llr": 57.049626,
        "p_value": 0.01,
        "is_high_rate": true,
        "is_hierarchical": true,
        "is_gini": false,
        "slider_value": 0.01,
        "n_case_points": 59,
        "cases_centroid_lat": 32.714238,
        "cases_centroid_lng": -117.153838,
        "center_to_case_centroid_km": 0.0062
      }
    },
    {
      "type": "Feature",
      "geometry": {
        "type": "Point",
        "coordinates": [
          -117.175422,
          32.761216
        ]
      },
      "properties": {
        "cluster_id": 174,
        "center_lat": 32.761216,
        "center_lng": -117.175422,
        "radius_m": 1414.4437,
        "radius_km": 1.41444,
        "start_date": "2022/1/1",
        "end_date": "2022/6/28",
        "start_year": 2022,
        "start_month": 1,
        "end_year": 2022,
        "end_month": 6,
        "duration_days": 178,
        "duration_weeks": 25.43,
        "observed_cases": 266,
        "expected_cases": 127.92,
        "excess_cases": 138.08,
        "obs_exp_ratio": 2.08,
        "llr": 56.74563,
        "p_value": 0.01,
        "is_high_rate": true,
        "is_hierarchical": true,
        "is_gini": false,
        "slider_value": 0.01,
        "n_case_points": 823,
        "cases_centroid_lat": 32.760553,
        "cases_centroid_lng": -117.169841,
        "center_to_case_centroid_km": 0.527
      }
    },
    {
      "type": "Feature",
      "geometry": {
        "type": "Point",
        "coordinates": [
          -117.155105,
          32.748304
        ]
      },
      "properties": {
        "cluster_id": 175,
        "center_lat": 32.748304,
        "center_lng": -117.155105,
        "radius_m": 176.238253,
        "radius_km": 0.17624,
        "start_date": "2022/4/6",
        "end_date": "2022/5/24",
        "start_year": 2022,
        "start_month": 4,
        "end_year": 2022,
        "end_month": 5,
        "duration_days": 48,
        "duration_weeks": 6.86,
        "observed_cases": 58,
        "expected_cases": 9.45,
        "excess_cases": 48.55,
        "obs_exp_ratio": 6.14,
        "llr": 56.714558,
        "p_value": 0.01,
        "is_high_rate": true,
        "is_hierarchical": true,
        "is_gini": false,
        "slider_value": 0.01,
        "n_case_points": 209,
        "cases_centroid_lat": 32.748304,
        "cases_centroid_lng": -117.15456,
        "center_to_case_centroid_km": 0.0509
      }
    },
    {
      "type": "Feature",
      "geometry": {
        "type": "Point",
        "coordinates": [
          -117.154944,
          32.716373
        ]
      },
      "properties": {
        "cluster_id": 176,
        "center_lat": 32.716373,
        "center_lng": -117.154944,
        "radius_m": 35.961743,
        "radius_km": 0.03596,
        "start_date": "2024/6/12",
        "end_date": "2024/9/10",
        "start_year": 2024,
        "start_month": 6,
        "end_year": 2024,
        "end_month": 9,
        "duration_days": 90,
        "duration_weeks": 12.86,
        "observed_cases": 58,
        "expected_cases": 9.49,
        "excess_cases": 48.51,
        "obs_exp_ratio": 6.11,
        "llr": 56.478661,
        "p_value": 0.01,
        "is_high_rate": true,
        "is_hierarchical": true,
        "is_gini": false,
        "slider_value": 0.01,
        "n_case_points": 114,
        "cases_centroid_lat": 32.716271,
        "cases_centroid_lng": -117.154877,
        "center_to_case_centroid_km": 0.0129
      }
    },
    {
      "type": "Feature",
      "geometry": {
        "type": "Point",
        "coordinates": [
          -117.155118,
          32.716915
        ]
      },
      "properties": {
        "cluster_id": 177,
        "center_lat": 32.716915,
        "center_lng": -117.155118,
        "radius_m": 40.086582,
        "radius_km": 0.04009,
        "start_date": "2023/4/19",
        "end_date": "2023/11/14",
        "start_year": 2023,
        "start_month": 4,
        "end_year": 2023,
        "end_month": 11,
        "duration_days": 209,
        "duration_weeks": 29.86,
        "observed_cases": 166,
        "expected_cases": 64.09,
        "excess_cases": 101.91,
        "obs_exp_ratio": 2.59,
        "llr": 56.122411,
        "p_value": 0.01,
        "is_high_rate": true,
        "is_hierarchical": true,
        "is_gini": false,
        "slider_value": 0.01,
        "n_case_points": 221,
        "cases_centroid_lat": 32.716876,
        "cases_centroid_lng": -117.155241,
        "center_to_case_centroid_km": 0.0123
      }
    },
    {
      "type": "Feature",
      "geometry": {
        "type": "Point",
        "coordinates": [
          -117.199425,
          32.748514
        ]
      },
      "properties": {
        "cluster_id": 178,
        "center_lat": 32.748514,
        "center_lng": -117.199425,
        "radius_m": 181.333532,
        "radius_km": 0.18133,
        "start_date": "2022/1/1",
        "end_date": "2022/2/1",
        "start_year": 2022,
        "start_month": 1,
        "end_year": 2022,
        "end_month": 2,
        "duration_days": 31,
        "duration_weeks": 4.43,
        "observed_cases": 27,
        "expected_cases": 1.32,
        "excess_cases": 25.68,
        "obs_exp_ratio": 20.49,
        "llr": 55.863274,
        "p_value": 0.01,
        "is_high_rate": true,
        "is_hierarchical": true,
        "is_gini": false,
        "slider_value": 0.01,
        "n_case_points": 48,
        "cases_centroid_lat": 32.748303,
        "cases_centroid_lng": -117.19995,
        "center_to_case_centroid_km": 0.0544
      }
    },
    {
      "type": "Feature",
      "geometry": {
        "type": "Point",
        "coordinates": [
          -117.121624,
          32.790218
        ]
      },
      "properties": {
        "cluster_id": 179,
        "center_lat": 32.790218,
        "center_lng": -117.121624,
        "radius_m": 182.84142,
        "radius_km": 0.18284,
        "start_date": "2023/8/9",
        "end_date": "2023/8/22",
        "start_year": 2023,
        "start_month": 8,
        "end_year": 2023,
        "end_month": 8,
        "duration_days": 13,
        "duration_weeks": 1.86,
        "observed_cases": 19,
        "expected_cases": 0.38,
        "excess_cases": 18.62,
        "obs_exp_ratio": 50.22,
        "llr": 55.792367,
        "p_value": 0.01,
        "is_high_rate": true,
        "is_hierarchical": true,
        "is_gini": false,
        "slider_value": 0.01,
        "n_case_points": 20,
        "cases_centroid_lat": 32.790805,
        "cases_centroid_lng": -117.122007,
        "center_to_case_centroid_km": 0.0744
      }
    },
    {
      "type": "Feature",
      "geometry": {
        "type": "Point",
        "coordinates": [
          -117.008082,
          32.804175
        ]
      },
      "properties": {
        "cluster_id": 180,
        "center_lat": 32.804175,
        "center_lng": -117.008082,
        "radius_m": 4919.233308,
        "radius_km": 4.91923,
        "start_date": "2023/7/26",
        "end_date": "2023/9/12",
        "start_year": 2023,
        "start_month": 7,
        "end_year": 2023,
        "end_month": 9,
        "duration_days": 48,
        "duration_weeks": 6.86,
        "observed_cases": 80,
        "expected_cases": 18.53,
        "excess_cases": 61.47,
        "obs_exp_ratio": 4.32,
        "llr": 55.569775,
        "p_value": 0.01,
        "is_high_rate": true,
        "is_hierarchical": true,
        "is_gini": false,
        "slider_value": 0.01,
        "n_case_points": 269,
        "cases_centroid_lat": 32.795436,
        "cases_centroid_lng": -117.033271,
        "center_to_case_centroid_km": 2.547
      }
    },
    {
      "type": "Feature",
      "geometry": {
        "type": "Point",
        "coordinates": [
          -117.162211,
          32.750742
        ]
      },
      "properties": {
        "cluster_id": 181,
        "center_lat": 32.750742,
        "center_lng": -117.162211,
        "radius_m": 413.063662,
        "radius_km": 0.41306,
        "start_date": "2024/11/13",
        "end_date": "2024/12/31",
        "start_year": 2024,
        "start_month": 11,
        "end_year": 2024,
        "end_month": 12,
        "duration_days": 48,
        "duration_weeks": 6.86,
        "observed_cases": 80,
        "expected_cases": 18.8,
        "excess_cases": 61.2,
        "obs_exp_ratio": 4.26,
        "llr": 54.684564,
        "p_value": 0.01,
        "is_high_rate": true,
        "is_hierarchical": true,
        "is_gini": false,
        "slider_value": 0.01,
        "n_case_points": 723,
        "cases_centroid_lat": 32.749698,
        "cases_centroid_lng": -117.162106,
        "center_to_case_centroid_km": 0.1165
      }
    },
    {
      "type": "Feature",
      "geometry": {
        "type": "Point",
        "coordinates": [
          -117.125213,
          32.692713
        ]
      },
      "properties": {
        "cluster_id": 182,
        "center_lat": 32.692713,
        "center_lng": -117.125213,
        "radius_m": 24.490425,
        "radius_km": 0.02449,
        "start_date": "2022/6/15",
        "end_date": "2022/9/13",
        "start_year": 2022,
        "start_month": 6,
        "end_year": 2022,
        "end_month": 9,
        "duration_days": 90,
        "duration_weeks": 12.86,
        "observed_cases": 45,
        "expected_cases": 5.56,
        "excess_cases": 39.44,
        "obs_exp_ratio": 8.1,
        "llr": 54.683013,
        "p_value": 0.01,
        "is_high_rate": true,
        "is_hierarchical": true,
        "is_gini": false,
        "slider_value": 0.01,
        "n_case_points": 64,
        "cases_centroid_lat": 32.692741,
        "cases_centroid_lng": -117.125302,
        "center_to_case_centroid_km": 0.0089
      }
    },
    {
      "type": "Feature",
      "geometry": {
        "type": "Point",
        "coordinates": [
          -117.059425,
          32.754323
        ]
      },
      "properties": {
        "cluster_id": 183,
        "center_lat": 32.754323,
        "center_lng": -117.059425,
        "radius_m": 49.474878,
        "radius_km": 0.04947,
        "start_date": "2022/9/21",
        "end_date": "2023/1/10",
        "start_year": 2022,
        "start_month": 9,
        "end_year": 2023,
        "end_month": 1,
        "duration_days": 111,
        "duration_weeks": 15.86,
        "observed_cases": 44,
        "expected_cases": 5.3,
        "excess_cases": 38.7,
        "obs_exp_ratio": 8.31,
        "llr": 54.455304,
        "p_value": 0.01,
        "is_high_rate": true,
        "is_hierarchical": true,
        "is_gini": false,
        "slider_value": 0.01,
        "n_case_points": 66,
        "cases_centroid_lat": 32.754179,
        "cases_centroid_lng": -117.059633,
        "center_to_case_centroid_km": 0.0252
      }
    },
    {
      "type": "Feature",
      "geometry": {
        "type": "Point",
        "coordinates": [
          -117.248968,
          32.753701
        ]
      },
      "properties": {
        "cluster_id": 184,
        "center_lat": 32.753701,
        "center_lng": -117.248968,
        "radius_m": 150.753344,
        "radius_km": 0.15075,
        "start_date": "2022/2/16",
        "end_date": "2022/2/22",
        "start_year": 2022,
        "start_month": 2,
        "end_year": 2022,
        "end_month": 2,
        "duration_days": 6,
        "duration_weeks": 0.86,
        "observed_cases": 30,
        "expected_cases": 1.96,
        "excess_cases": 28.04,
        "obs_exp_ratio": 15.34,
        "llr": 53.875216,
        "p_value": 0.01,
        "is_high_rate": true,
        "is_hierarchical": true,
        "is_gini": false,
        "slider_value": 0.01,
        "n_case_points": 324,
        "cases_centroid_lat": 32.75444,
        "cases_centroid_lng": -117.249346,
        "center_to_case_centroid_km": 0.0895
      }
    },
    {
      "type": "Feature",
      "geometry": {
        "type": "Point",
        "coordinates": [
          -117.165612,
          32.750759
        ]
      },
      "properties": {
        "cluster_id": 185,
        "center_lat": 32.750759,
        "center_lng": -117.165612,
        "radius_m": 12.070323,
        "radius_km": 0.01207,
        "start_date": "2023/2/8",
        "end_date": "2023/7/18",
        "start_year": 2023,
        "start_month": 2,
        "end_year": 2023,
        "end_month": 7,
        "duration_days": 160,
        "duration_weeks": 22.86,
        "observed_cases": 58,
        "expected_cases": 10.08,
        "excess_cases": 47.92,
        "obs_exp_ratio": 5.75,
        "llr": 53.564112,
        "p_value": 0.01,
        "is_high_rate": true,
        "is_hierarchical": true,
        "is_gini": false,
        "slider_value": 0.01,
        "n_case_points": 66,
        "cases_centroid_lat": 32.750763,
        "cases_centroid_lng": -117.165619,
        "center_to_case_centroid_km": 0.0008
      }
    },
    {
      "type": "Feature",
      "geometry": {
        "type": "Point",
        "coordinates": [
          -117.066128,
          32.737625
        ]
      },
      "properties": {
        "cluster_id": 186,
        "center_lat": 32.737625,
        "center_lng": -117.066128,
        "radius_m": 1233.380013,
        "radius_km": 1.23338,
        "start_date": "2023/6/28",
        "end_date": "2023/7/11",
        "start_year": 2023,
        "start_month": 6,
        "end_year": 2023,
        "end_month": 7,
        "duration_days": 13,
        "duration_weeks": 1.86,
        "observed_cases": 38,
        "expected_cases": 3.81,
        "excess_cases": 34.19,
        "obs_exp_ratio": 9.98,
        "llr": 53.229575,
        "p_value": 0.01,
        "is_high_rate": true,
        "is_hierarchical": true,
        "is_gini": false,
        "slider_value": 0.01,
        "n_case_points": 252,
        "cases_centroid_lat": 32.739335,
        "cases_centroid_lng": -117.062733,
        "center_to_case_centroid_km": 0.3701
      }
    },
    {
      "type": "Feature",
      "geometry": {
        "type": "Point",
        "coordinates": [
          -117.117584,
          32.757205
        ]
      },
      "properties": {
        "cluster_id": 187,
        "center_lat": 32.757205,
        "center_lng": -117.117584,
        "radius_m": 255.454694,
        "radius_km": 0.25545,
        "start_date": "2022/5/4",
        "end_date": "2022/6/7",
        "start_year": 2022,
        "start_month": 5,
        "end_year": 2022,
        "end_month": 6,
        "duration_days": 34,
        "duration_weeks": 4.86,
        "observed_cases": 27,
        "expected_cases": 1.46,
        "excess_cases": 25.54,
        "obs_exp_ratio": 18.46,
        "llr": 53.184747,
        "p_value": 0.01,
        "is_high_rate": true,
        "is_hierarchical": true,
        "is_gini": false,
        "slider_value": 0.01,
        "n_case_points": 43,
        "cases_centroid_lat": 32.756179,
        "cases_centroid_lng": -117.116633,
        "center_to_case_centroid_km": 0.1447
      }
    },
    {
      "type": "Feature",
      "geometry": {
        "type": "Point",
        "coordinates": [
          -117.079962,
          32.71971
        ]
      },
      "properties": {
        "cluster_id": 188,
        "center_lat": 32.71971,
        "center_lng": -117.079962,
        "radius_m": 513.468832,
        "radius_km": 0.51347,
        "start_date": "2024/2/21",
        "end_date": "2024/3/19",
        "start_year": 2024,
        "start_month": 2,
        "end_year": 2024,
        "end_month": 3,
        "duration_days": 27,
        "duration_weeks": 3.86,
        "observed_cases": 28,
        "expected_cases": 1.64,
        "excess_cases": 26.36,
        "obs_exp_ratio": 17.03,
        "llr": 53.026834,
        "p_value": 0.01,
        "is_high_rate": true,
        "is_hierarchical": true,
        "is_gini": false,
        "slider_value": 0.01,
        "n_case_points": 55,
        "cases_centroid_lat": 32.721133,
        "cases_centroid_lng": -117.082923,
        "center_to_case_centroid_km": 0.319
      }
    },
    {
      "type": "Feature",
      "geometry": {
        "type": "Point",
        "coordinates": [
          -117.195233,
          32.757659
        ]
      },
      "properties": {
        "cluster_id": 189,
        "center_lat": 32.757659,
        "center_lng": -117.195233,
        "radius_m": 116.264657,
        "radius_km": 0.11626,
        "start_date": "2024/8/28",
        "end_date": "2024/9/24",
        "start_year": 2024,
        "start_month": 8,
        "end_year": 2024,
        "end_month": 9,
        "duration_days": 27,
        "duration_weeks": 3.86,
        "observed_cases": 31,
        "expected_cases": 2.23,
        "excess_cases": 28.77,
        "obs_exp_ratio": 13.88,
        "llr": 52.790744,
        "p_value": 0.01,
        "is_high_rate": true,
        "is_hierarchical": true,
        "is_gini": false,
        "slider_value": 0.01,
        "n_case_points": 88,
        "cases_centroid_lat": 32.757906,
        "cases_centroid_lng": -117.195841,
        "center_to_case_centroid_km": 0.0632
      }
    },
    {
      "type": "Feature",
      "geometry": {
        "type": "Point",
        "coordinates": [
          -117.109418,
          32.933061
        ]
      },
      "properties": {
        "cluster_id": 190,
        "center_lat": 32.933061,
        "center_lng": -117.109418,
        "radius_m": 1887.221969,
        "radius_km": 1.88722,
        "start_date": "2024/6/26",
        "end_date": "2024/11/19",
        "start_year": 2024,
        "start_month": 6,
        "end_year": 2024,
        "end_month": 11,
        "duration_days": 146,
        "duration_weeks": 20.86,
        "observed_cases": 105,
        "expected_cases": 31.57,
        "excess_cases": 73.43,
        "obs_exp_ratio": 3.33,
        "llr": 52.775178,
        "p_value": 0.01,
        "is_high_rate": true,
        "is_hierarchical": true,
        "is_gini": false,
        "slider_value": 0.01,
        "n_case_points": 251,
        "cases_centroid_lat": 32.924298,
        "cases_centroid_lng": -117.114516,
        "center_to_case_centroid_km": 1.0843
      }
    },
    {
      "type": "Feature",
      "geometry": {
        "type": "Point",
        "coordinates": [
          -117.154759,
          32.708329
        ]
      },
      "properties": {
        "cluster_id": 191,
        "center_lat": 32.708329,
        "center_lng": -117.154759,
        "radius_m": 56.829741,
        "radius_km": 0.05683,
        "start_date": "2024/3/6",
        "end_date": "2024/11/5",
        "start_year": 2024,
        "start_month": 3,
        "end_year": 2024,
        "end_month": 11,
        "duration_days": 244,
        "duration_weeks": 34.86,
        "observed_cases": 102,
        "expected_cases": 30.32,
        "excess_cases": 71.68,
        "obs_exp_ratio": 3.36,
        "llr": 52.095257,
        "p_value": 0.01,
        "is_high_rate": true,
        "is_hierarchical": true,
        "is_gini": false,
        "slider_value": 0.01,
        "n_case_points": 140,
        "cases_centroid_lat": 32.708243,
        "cases_centroid_lng": -117.15447,
        "center_to_case_centroid_km": 0.0287
      }
    },
    {
      "type": "Feature",
      "geometry": {
        "type": "Point",
        "coordinates": [
          -117.109585,
          32.757597
        ]
      },
      "properties": {
        "cluster_id": 192,
        "center_lat": 32.757597,
        "center_lng": -117.109585,
        "radius_m": 314.055201,
        "radius_km": 0.31406,
        "start_date": "2022/2/2",
        "end_date": "2022/3/22",
        "start_year": 2022,
        "start_month": 2,
        "end_year": 2022,
        "end_month": 3,
        "duration_days": 48,
        "duration_weeks": 6.86,
        "observed_cases": 83,
        "expected_cases": 21.07,
        "excess_cases": 61.93,
        "obs_exp_ratio": 3.94,
        "llr": 51.872315,
        "p_value": 0.01,
        "is_high_rate": true,
        "is_hierarchical": true,
        "is_gini": false,
        "slider_value": 0.01,
        "n_case_points": 525,
        "cases_centroid_lat": 32.757233,
        "cases_centroid_lng": -117.109052,
        "center_to_case_centroid_km": 0.0642
      }
    },
    {
      "type": "Feature",
      "geometry": {
        "type": "Point",
        "coordinates": [
          -117.157598,
          32.748286
        ]
      },
      "properties": {
        "cluster_id": 193,
        "center_lat": 32.748286,
        "center_lng": -117.157598,
        "radius_m": 92.636911,
        "radius_km": 0.09264,
        "start_date": "2023/5/24",
        "end_date": "2023/7/25",
        "start_year": 2023,
        "start_month": 5,
        "end_year": 2023,
        "end_month": 7,
        "duration_days": 62,
        "duration_weeks": 8.86,
        "observed_cases": 42,
        "expected_cases": 5.11,
        "excess_cases": 36.89,
        "obs_exp_ratio": 8.22,
        "llr": 51.575552,
        "p_value": 0.01,
        "is_high_rate": true,
        "is_hierarchical": true,
        "is_gini": false,
        "slider_value": 0.01,
        "n_case_points": 76,
        "cases_centroid_lat": 32.748392,
        "cases_centroid_lng": -117.157335,
        "center_to_case_centroid_km": 0.0272
      }
    },
    {
      "type": "Feature",
      "geometry": {
        "type": "Point",
        "coordinates": [
          -117.124116,
          32.763638
        ]
      },
      "properties": {
        "cluster_id": 194,
        "center_lat": 32.763638,
        "center_lng": -117.124116,
        "radius_m": 262.160851,
        "radius_km": 0.26216,
        "start_date": "2023/7/5",
        "end_date": "2023/7/18",
        "start_year": 2023,
        "start_month": 7,
        "end_year": 2023,
        "end_month": 7,
        "duration_days": 13,
        "duration_weeks": 1.86,
        "observed_cases": 31,
        "expected_cases": 2.34,
        "excess_cases": 28.66,
        "obs_exp_ratio": 13.24,
        "llr": 51.419042,
        "p_value": 0.01,
        "is_high_rate": true,
        "is_hierarchical": true,
        "is_gini": false,
        "slider_value": 0.01,
        "n_case_points": 145,
        "cases_centroid_lat": 32.76341,
        "cases_centroid_lng": -117.126501,
        "center_to_case_centroid_km": 0.2244
      }
    },
    {
      "type": "Feature",
      "geometry": {
        "type": "Point",
        "coordinates": [
          -117.203613,
          32.748002
        ]
      },
      "properties": {
        "cluster_id": 195,
        "center_lat": 32.748002,
        "center_lng": -117.203613,
        "radius_m": 151.291788,
        "radius_km": 0.15129,
        "start_date": "2022/8/3",
        "end_date": "2022/9/20",
        "start_year": 2022,
        "start_month": 8,
        "end_year": 2022,
        "end_month": 9,
        "duration_days": 48,
        "duration_weeks": 6.86,
        "observed_cases": 31,
        "expected_cases": 2.36,
        "excess_cases": 28.64,
        "obs_exp_ratio": 13.15,
        "llr": 51.221323,
        "p_value": 0.01,
        "is_high_rate": true,
        "is_hierarchical": true,
        "is_gini": false,
        "slider_value": 0.01,
        "n_case_points": 53,
        "cases_centroid_lat": 32.747833,
        "cases_centroid_lng": -117.203296,
        "center_to_case_centroid_km": 0.0351
      }
    },
    {
      "type": "Feature",
      "geometry": {
        "type": "Point",
        "coordinates": [
          -117.248402,
          32.797042
        ]
      },
      "properties": {
        "cluster_id": 196,
        "center_lat": 32.797042,
        "center_lng": -117.248402,
        "radius_m": 242.267671,
        "radius_km": 0.24227,
        "start_date": "2024/9/25",
        "end_date": "2024/12/31",
        "start_year": 2024,
        "start_month": 9,
        "end_year": 2024,
        "end_month": 12,
        "duration_days": 97,
        "duration_weeks": 13.86,
        "observed_cases": 48,
        "expected_cases": 7.04,
        "excess_cases": 40.96,
        "obs_exp_ratio": 6.82,
        "llr": 51.184942,
        "p_value": 0.01,
        "is_high_rate": true,
        "is_hierarchical": true,
        "is_gini": false,
        "slider_value": 0.01,
        "n_case_points": 115,
        "cases_centroid_lat": 32.79748,
        "cases_centroid_lng": -117.248382,
        "center_to_case_centroid_km": 0.0488
      }
    },
    {
      "type": "Feature",
      "geometry": {
        "type": "Point",
        "coordinates": [
          -117.12711,
          32.756265
        ]
      },
      "properties": {
        "cluster_id": 197,
        "center_lat": 32.756265,
        "center_lng": -117.12711,
        "radius_m": 52.58765,
        "radius_km": 0.05259,
        "start_date": "2023/5/17",
        "end_date": "2023/7/4",
        "start_year": 2023,
        "start_month": 5,
        "end_year": 2023,
        "end_month": 7,
        "duration_days": 48,
        "duration_weeks": 6.86,
        "observed_cases": 31,
        "expected_cases": 2.39,
        "excess_cases": 28.61,
        "obs_exp_ratio": 12.95,
        "llr": 50.785346,
        "p_value": 0.01,
        "is_high_rate": true,
        "is_hierarchical": true,
        "is_gini": false,
        "slider_value": 0.01,
        "n_case_points": 43,
        "cases_centroid_lat": 32.755963,
        "cases_centroid_lng": -117.127382,
        "center_to_case_centroid_km": 0.0421
      }
    },
    {
      "type": "Feature",
      "geometry": {
        "type": "Point",
        "coordinates": [
          -117.126267,
          32.75662
        ]
      },
      "properties": {
        "cluster_id": 198,
        "center_lat": 32.75662,
        "center_lng": -117.126267,
        "radius_m": 97.665943,
        "radius_km": 0.09767,
        "start_date": "2023/11/8",
        "end_date": "2023/12/26",
        "start_year": 2023,
        "start_month": 11,
        "end_year": 2023,
        "end_month": 12,
        "duration_days": 48,
        "duration_weeks": 6.86,
        "observed_cases": 70,
        "expected_cases": 15.66,
        "excess_cases": 54.34,
        "obs_exp_ratio": 4.47,
        "llr": 50.500457,
        "p_value": 0.01,
        "is_high_rate": true,
        "is_hierarchical": true,
        "is_gini": false,
        "slider_value": 0.01,
        "n_case_points": 278,
        "cases_centroid_lat": 32.756921,
        "cases_centroid_lng": -117.126239,
        "center_to_case_centroid_km": 0.0335
      }
    },
    {
      "type": "Feature",
      "geometry": {
        "type": "Point",
        "coordinates": [
          -117.131193,
          32.825904
        ]
      },
      "properties": {
        "cluster_id": 199,
        "center_lat": 32.825904,
        "center_lng": -117.131193,
        "radius_m": 376.185045,
        "radius_km": 0.37619,
        "start_date": "2024/6/12",
        "end_date": "2024/7/2",
        "start_year": 2024,
        "start_month": 6,
        "end_year": 2024,
        "end_month": 7,
        "duration_days": 20,
        "duration_weeks": 2.86,
        "observed_cases": 18,
        "expected_cases": 0.41,
        "excess_cases": 17.59,
        "obs_exp_ratio": 43.89,
        "llr": 50.482788,
        "p_value": 0.01,
        "is_high_rate": true,
        "is_hierarchical": true,
        "is_gini": false,
        "slider_value": 0.01,
        "n_case_points": 22,
        "cases_centroid_lat": 32.828193,
        "cases_centroid_lng": -117.130928,
        "center_to_case_centroid_km": 0.2558
      }
    },
    {
      "type": "Feature",
      "geometry": {
        "type": "Point",
        "coordinates": [
          -117.167146,
          32.745378
        ]
      },
      "properties": {
        "cluster_id": 200,
        "center_lat": 32.745378,
        "center_lng": -117.167146,
        "radius_m": 204.129413,
        "radius_km": 0.20413,
        "start_date": "2022/12/28",
        "end_date": "2023/1/10",
        "start_year": 2022,
        "start_month": 12,
        "end_year": 2023,
        "end_month": 1,
        "duration_days": 13,
        "duration_weeks": 1.86,
        "observed_cases": 15,
        "expected_cases": 0.2,
        "excess_cases": 14.8,
        "obs_exp_ratio": 76.67,
        "llr": 50.288655,
        "p_value": 0.01,
        "is_high_rate": true,
        "is_hierarchical": true,
        "is_gini": false,
        "slider_value": 0.01,
        "n_case_points": 20,
        "cases_centroid_lat": 32.74554,
        "cases_centroid_lng": -117.166457,
        "center_to_case_centroid_km": 0.0669
      }
    },
    {
      "type": "Feature",
      "geometry": {
        "type": "Point",
        "coordinates": [
          -117.127883,
          32.794074
        ]
      },
      "properties": {
        "cluster_id": 201,
        "center_lat": 32.794074,
        "center_lng": -117.127883,
        "radius_m": 1575.242056,
        "radius_km": 1.57524,
        "start_date": "2022/5/11",
        "end_date": "2022/7/12",
        "start_year": 2022,
        "start_month": 5,
        "end_year": 2022,
        "end_month": 7,
        "duration_days": 62,
        "duration_weeks": 8.86,
        "observed_cases": 81,
        "expected_cases": 20.76,
        "excess_cases": 60.24,
        "obs_exp_ratio": 3.9,
        "llr": 50.044206,
        "p_value": 0.01,
        "is_high_rate": true,
        "is_hierarchical": true,
        "is_gini": false,
        "slider_value": 0.01,
        "n_case_points": 344,
        "cases_centroid_lat": 32.795101,
        "cases_centroid_lng": -117.119877,
        "center_to_case_centroid_km": 0.757
      }
    },
    {
      "type": "Feature",
      "geometry": {
        "type": "Point",
        "coordinates": [
          -117.252276,
          32.754391
        ]
      },
      "properties": {
        "cluster_id": 202,
        "center_lat": 32.754391,
        "center_lng": -117.252276,
        "radius_m": 77.509761,
        "radius_km": 0.07751,
        "start_date": "2023/8/23",
        "end_date": "2023/9/5",
        "start_year": 2023,
        "start_month": 8,
        "end_year": 2023,
        "end_month": 9,
        "duration_days": 13,
        "duration_weeks": 1.86,
        "observed_cases": 24,
        "expected_cases": 1.17,
        "excess_cases": 22.83,
        "obs_exp_ratio": 20.59,
        "llr": 49.758096,
        "p_value": 0.01,
        "is_high_rate": true,
        "is_hierarchical": true,
        "is_gini": false,
        "slider_value": 0.01,
        "n_case_points": 64,
        "cases_centroid_lat": 32.754303,
        "cases_centroid_lng": -117.251966,
        "center_to_case_centroid_km": 0.0306
      }
    },
    {
      "type": "Feature",
      "geometry": {
        "type": "Point",
        "coordinates": [
          -117.118231,
          32.916628
        ]
      },
      "properties": {
        "cluster_id": 203,
        "center_lat": 32.916628,
        "center_lng": -117.118231,
        "radius_m": 55.911336,
        "radius_km": 0.05591,
        "start_date": "2024/1/31",
        "end_date": "2024/3/19",
        "start_year": 2024,
        "start_month": 1,
        "end_year": 2024,
        "end_month": 3,
        "duration_days": 48,
        "duration_weeks": 6.86,
        "observed_cases": 33,
        "expected_cases": 3.02,
        "excess_cases": 29.98,
        "obs_exp_ratio": 10.93,
        "llr": 48.943662,
        "p_value": 0.01,
        "is_high_rate": true,
        "is_hierarchical": true,
        "is_gini": false,
        "slider_value": 0.01,
        "n_case_points": 53,
        "cases_centroid_lat": 32.916907,
        "cases_centroid_lng": -117.118155,
        "center_to_case_centroid_km": 0.0319
      }
    },
    {
      "type": "Feature",
      "geometry": {
        "type": "Point",
        "coordinates": [
          -117.219334,
          32.773549
        ]
      },
      "properties": {
        "cluster_id": 204,
        "center_lat": 32.773549,
        "center_lng": -117.219334,
        "radius_m": 176.334124,
        "radius_km": 0.17633,
        "start_date": "2022/11/23",
        "end_date": "2023/2/7",
        "start_year": 2022,
        "start_month": 11,
        "end_year": 2023,
        "end_month": 2,
        "duration_days": 76,
        "duration_weeks": 10.86,
        "observed_cases": 26,
        "expected_cases": 1.56,
        "excess_cases": 24.44,
        "obs_exp_ratio": 16.69,
        "llr": 48.742868,
        "p_value": 0.01,
        "is_high_rate": true,
        "is_hierarchical": true,
        "is_gini": false,
        "slider_value": 0.01,
        "n_case_points": 31,
        "cases_centroid_lat": 32.773889,
        "cases_centroid_lng": -117.219591,
        "center_to_case_centroid_km": 0.0447
      }
    },
    {
      "type": "Feature",
      "geometry": {
        "type": "Point",
        "coordinates": [
          -117.143895,
          32.919012
        ]
      },
      "properties": {
        "cluster_id": 205,
        "center_lat": 32.919012,
        "center_lng": -117.143895,
        "radius_m": 263.231621,
        "radius_km": 0.26323,
        "start_date": "2024/2/14",
        "end_date": "2024/2/20",
        "start_year": 2024,
        "start_month": 2,
        "end_year": 2024,
        "end_month": 2,
        "duration_days": 6,
        "duration_weeks": 0.86,
        "observed_cases": 13,
        "expected_cases": 0.11,
        "excess_cases": 12.89,
        "obs_exp_ratio": 114.32,
        "llr": 48.721926,
        "p_value": 0.01,
        "is_high_rate": true,
        "is_hierarchical": true,
        "is_gini": false,
        "slider_value": 0.01,
        "n_case_points": 14,
        "cases_centroid_lat": 32.918691,
        "cases_centroid_lng": -117.14343,
        "center_to_case_centroid_km": 0.0562
      }
    },
    {
      "type": "Feature",
      "geometry": {
        "type": "Point",
        "coordinates": [
          -117.09472,
          32.759865
        ]
      },
      "properties": {
        "cluster_id": 206,
        "center_lat": 32.759865,
        "center_lng": -117.09472,
        "radius_m": 119.117299,
        "radius_km": 0.11912,
        "start_date": "2022/2/16",
        "end_date": "2022/3/15",
        "start_year": 2022,
        "start_month": 2,
        "end_year": 2022,
        "end_month": 3,
        "duration_days": 27,
        "duration_weeks": 3.86,
        "observed_cases": 25,
        "expected_cases": 1.43,
        "excess_cases": 23.57,
        "obs_exp_ratio": 17.5,
        "llr": 47.981647,
        "p_value": 0.01,
        "is_high_rate": true,
        "is_hierarchical": true,
        "is_gini": false,
        "slider_value": 0.01,
        "n_case_points": 65,
        "cases_centroid_lat": 32.759822,
        "cases_centroid_lng": -117.094634,
        "center_to_case_centroid_km": 0.0094
      }
    },
    {
      "type": "Feature",
      "geometry": {
        "type": "Point",
        "coordinates": [
          -117.157398,
          32.714846
        ]
      },
      "properties": {
        "cluster_id": 207,
        "center_lat": 32.714846,
        "center_lng": -117.157398,
        "radius_m": 33.351453,
        "radius_km": 0.03335,
        "start_date": "2023/11/15",
        "end_date": "2024/1/9",
        "start_year": 2023,
        "start_month": 11,
        "end_year": 2024,
        "end_month": 1,
        "duration_days": 55,
        "duration_weeks": 7.86,
        "observed_cases": 112,
        "expected_cases": 37.57,
        "excess_cases": 74.43,
        "obs_exp_ratio": 2.98,
        "llr": 47.925972,
        "p_value": 0.01,
        "is_high_rate": true,
        "is_hierarchical": true,
        "is_gini": false,
        "slider_value": 0.01,
        "n_case_points": 671,
        "cases_centroid_lat": 32.714795,
        "cases_centroid_lng": -117.157436,
        "center_to_case_centroid_km": 0.0067
      }
    },
    {
      "type": "Feature",
      "geometry": {
        "type": "Point",
        "coordinates": [
          -117.205023,
          32.756137
        ]
      },
      "properties": {
        "cluster_id": 208,
        "center_lat": 32.756137,
        "center_lng": -117.205023,
        "radius_m": 112.745402,
        "radius_km": 0.11275,
        "start_date": "2023/9/20",
        "end_date": "2023/12/5",
        "start_year": 2023,
        "start_month": 9,
        "end_year": 2023,
        "end_month": 12,
        "duration_days": 76,
        "duration_weeks": 10.86,
        "observed_cases": 80,
        "expected_cases": 21.04,
        "excess_cases": 58.96,
        "obs_exp_ratio": 3.8,
        "llr": 47.893859,
        "p_value": 0.01,
        "is_high_rate": true,
        "is_hierarchical": true,
        "is_gini": false,
        "slider_value": 0.01,
        "n_case_points": 213,
        "cases_centroid_lat": 32.756226,
        "cases_centroid_lng": -117.205083,
        "center_to_case_centroid_km": 0.0114
      }
    },
    {
      "type": "Feature",
      "geometry": {
        "type": "Point",
        "coordinates": [
          -117.152896,
          32.708558
        ]
      },
      "properties": {
        "cluster_id": 209,
        "center_lat": 32.708558,
        "center_lng": -117.152896,
        "radius_m": 28.34055,
        "radius_km": 0.02834,
        "start_date": "2022/3/2",
        "end_date": "2022/4/12",
        "start_year": 2022,
        "start_month": 3,
        "end_year": 2022,
        "end_month": 4,
        "duration_days": 41,
        "duration_weeks": 5.86,
        "observed_cases": 35,
        "expected_cases": 3.64,
        "excess_cases": 31.36,
        "obs_exp_ratio": 9.62,
        "llr": 47.861992,
        "p_value": 0.01,
        "is_high_rate": true,
        "is_hierarchical": true,
        "is_gini": false,
        "slider_value": 0.01,
        "n_case_points": 103,
        "cases_centroid_lat": 32.708389,
        "cases_centroid_lng": -117.152924,
        "center_to_case_centroid_km": 0.019
      }
    },
    {
      "type": "Feature",
      "geometry": {
        "type": "Point",
        "coordinates": [
          -117.141706,
          32.721972
        ]
      },
      "properties": {
        "cluster_id": 210,
        "center_lat": 32.721972,
        "center_lng": -117.141706,
        "radius_m": 124.736766,
        "radius_km": 0.12474,
        "start_date": "2023/7/26",
        "end_date": "2023/10/31",
        "start_year": 2023,
        "start_month": 7,
        "end_year": 2023,
        "end_month": 10,
        "duration_days": 97,
        "duration_weeks": 13.86,
        "observed_cases": 53,
        "expected_cases": 9.51,
        "excess_cases": 43.49,
        "obs_exp_ratio": 5.57,
        "llr": 47.57772,
        "p_value": 0.01,
        "is_high_rate": true,
        "is_hierarchical": true,
        "is_gini": false,
        "slider_value": 0.01,
        "n_case_points": 75,
        "cases_centroid_lat": 32.722365,
        "cases_centroid_lng": -117.141602,
        "center_to_case_centroid_km": 0.0448
      }
    },
    {
      "type": "Feature",
      "geometry": {
        "type": "Point",
        "coordinates": [
          -117.154884,
          32.7507
        ]
      },
      "properties": {
        "cluster_id": 211,
        "center_lat": 32.7507,
        "center_lng": -117.154884,
        "radius_m": 99.175879,
        "radius_km": 0.09918,
        "start_date": "2024/2/7",
        "end_date": "2024/4/2",
        "start_year": 2024,
        "start_month": 2,
        "end_year": 2024,
        "end_month": 4,
        "duration_days": 55,
        "duration_weeks": 7.86,
        "observed_cases": 68,
        "expected_cases": 15.69,
        "excess_cases": 52.31,
        "obs_exp_ratio": 4.33,
        "llr": 47.407442,
        "p_value": 0.01,
        "is_high_rate": true,
        "is_hierarchical": true,
        "is_gini": false,
        "slider_value": 0.01,
        "n_case_points": 269,
        "cases_centroid_lat": 32.750562,
        "cases_centroid_lng": -117.154984,
        "center_to_case_centroid_km": 0.0179
      }
    },
    {
      "type": "Feature",
      "geometry": {
        "type": "Point",
        "coordinates": [
          -117.117342,
          32.728719
        ]
      },
      "properties": {
        "cluster_id": 212,
        "center_lat": 32.728719,
        "center_lng": -117.117342,
        "radius_m": 516.127308,
        "radius_km": 0.51613,
        "start_date": "2024/12/4",
        "end_date": "2024/12/10",
        "start_year": 2024,
        "start_month": 12,
        "end_year": 2024,
        "end_month": 12,
        "duration_days": 6,
        "duration_weeks": 0.86,
        "observed_cases": 12,
        "expected_cases": 0.086,
        "excess_cases": 11.91,
        "obs_exp_ratio": 139.78,
        "llr": 47.367382,
        "p_value": 0.01,
        "is_high_rate": true,
        "is_hierarchical": true,
        "is_gini": false,
        "slider_value": 0.01,
        "n_case_points": 19,
        "cases_centroid_lat": 32.72763,
        "cases_centroid_lng": -117.116309,
        "center_to_case_centroid_km": 0.1549
      }
    },
    {
      "type": "Feature",
      "geometry": {
        "type": "Point",
        "coordinates": [
          -117.094078,
          32.704088
        ]
      },
      "properties": {
        "cluster_id": 213,
        "center_lat": 32.704088,
        "center_lng": -117.094078,
        "radius_m": 76.401086,
        "radius_km": 0.0764,
        "start_date": "2022/10/12",
        "end_date": "2022/12/20",
        "start_year": 2022,
        "start_month": 10,
        "end_year": 2022,
        "end_month": 12,
        "duration_days": 69,
        "duration_weeks": 9.86,
        "observed_cases": 26,
        "expected_cases": 1.65,
        "excess_cases": 24.35,
        "obs_exp_ratio": 15.77,
        "llr": 47.357204,
        "p_value": 0.01,
        "is_high_rate": true,
        "is_hierarchical": true,
        "is_gini": false,
        "slider_value": 0.01,
        "n_case_points": 32,
        "cases_centroid_lat": 32.703976,
        "cases_centroid_lng": -117.093953,
        "center_to_case_centroid_km": 0.0171
      }
    },
    {
      "type": "Feature",
      "geometry": {
        "type": "Point",
        "coordinates": [
          -117.115784,
          32.741547
        ]
      },
      "properties": {
        "cluster_id": 214,
        "center_lat": 32.741547,
        "center_lng": -117.115784,
        "radius_m": 182.098793,
        "radius_km": 0.1821,
        "start_date": "2024/4/24",
        "end_date": "2024/5/7",
        "start_year": 2024,
        "start_month": 4,
        "end_year": 2024,
        "end_month": 5,
        "duration_days": 13,
        "duration_weeks": 1.86,
        "observed_cases": 19,
        "expected_cases": 0.6,
        "excess_cases": 18.4,
        "obs_exp_ratio": 31.8,
        "llr": 47.326759,
        "p_value": 0.01,
        "is_high_rate": true,
        "is_hierarchical": true,
        "is_gini": false,
        "slider_value": 0.01,
        "n_case_points": 41,
        "cases_centroid_lat": 32.741207,
        "cases_centroid_lng": -117.115132,
        "center_to_case_centroid_km": 0.0717
      }
    },
    {
      "type": "Feature",
      "geometry": {
        "type": "Point",
        "coordinates": [
          -117.147546,
          32.7407
        ]
      },
      "properties": {
        "cluster_id": 215,
        "center_lat": 32.7407,
        "center_lng": -117.147546,
        "radius_m": 172.122117,
        "radius_km": 0.17212,
        "start_date": "2023/4/26",
        "end_date": "2023/5/2",
        "start_year": 2023,
        "start_month": 4,
        "end_year": 2023,
        "end_month": 5,
        "duration_days": 6,
        "duration_weeks": 0.86,
        "observed_cases": 24,
        "expected_cases": 1.33,
        "excess_cases": 22.67,
        "obs_exp_ratio": 18.07,
        "llr": 46.789567,
        "p_value": 0.01,
        "is_high_rate": true,
        "is_hierarchical": true,
        "is_gini": false,
        "slider_value": 0.01,
        "n_case_points": 161,
        "cases_centroid_lat": 32.740642,
        "cases_centroid_lng": -117.146744,
        "center_to_case_centroid_km": 0.0753
      }
    },
    {
      "type": "Feature",
      "geometry": {
        "type": "Point",
        "coordinates": [
          -117.184416,
          32.741172
        ]
      },
      "properties": {
        "cluster_id": 216,
        "center_lat": 32.741172,
        "center_lng": -117.184416,
        "radius_m": 264.286641,
        "radius_km": 0.26429,
        "start_date": "2024/5/1",
        "end_date": "2024/9/3",
        "start_year": 2024,
        "start_month": 5,
        "end_year": 2024,
        "end_month": 9,
        "duration_days": 125,
        "duration_weeks": 17.86,
        "observed_cases": 105,
        "expected_cases": 34.56,
        "excess_cases": 70.44,
        "obs_exp_ratio": 3.04,
        "llr": 46.25934,
        "p_value": 0.01,
        "is_high_rate": true,
        "is_hierarchical": true,
        "is_gini": false,
        "slider_value": 0.01,
        "n_case_points": 298,
        "cases_centroid_lat": 32.741714,
        "cases_centroid_lng": -117.184347,
        "center_to_case_centroid_km": 0.0606
      }
    },
    {
      "type": "Feature",
      "geometry": {
        "type": "Point",
        "coordinates": [
          -117.159171,
          32.74024
        ]
      },
      "properties": {
        "cluster_id": 217,
        "center_lat": 32.74024,
        "center_lng": -117.159171,
        "radius_m": 21.857088,
        "radius_km": 0.02186,
        "start_date": "2022/6/15",
        "end_date": "2022/7/12",
        "start_year": 2022,
        "start_month": 6,
        "end_year": 2022,
        "end_month": 7,
        "duration_days": 27,
        "duration_weeks": 3.86,
        "observed_cases": 44,
        "expected_cases": 6.58,
        "excess_cases": 37.42,
        "obs_exp_ratio": 6.69,
        "llr": 46.190345,
        "p_value": 0.01,
        "is_high_rate": true,
        "is_hierarchical": true,
        "is_gini": false,
        "slider_value": 0.01,
        "n_case_points": 245,
        "cases_centroid_lat": 32.740237,
        "cases_centroid_lng": -117.159216,
        "center_to_case_centroid_km": 0.0043
      }
    },
    {
      "type": "Feature",
      "geometry": {
        "type": "Point",
        "coordinates": [
          -117.110038,
          32.757141
        ]
      },
      "properties": {
        "cluster_id": 218,
        "center_lat": 32.757141,
        "center_lng": -117.110038,
        "radius_m": 114.689616,
        "radius_km": 0.11469,
        "start_date": "2023/7/12",
        "end_date": "2023/7/18",
        "start_year": 2023,
        "start_month": 7,
        "end_year": 2023,
        "end_month": 7,
        "duration_days": 6,
        "duration_weeks": 0.86,
        "observed_cases": 23,
        "expected_cases": 1.2,
        "excess_cases": 21.8,
        "obs_exp_ratio": 19.18,
        "llr": 46.140417,
        "p_value": 0.01,
        "is_high_rate": true,
        "is_hierarchical": true,
        "is_gini": false,
        "slider_value": 0.01,
        "n_case_points": 150,
        "cases_centroid_lat": 32.757148,
        "cases_centroid_lng": -117.109108,
        "center_to_case_centroid_km": 0.087
      }
    },
    {
      "type": "Feature",
      "geometry": {
        "type": "Point",
        "coordinates": [
          -117.145685,
          32.909318
        ]
      },
      "properties": {
        "cluster_id": 219,
        "center_lat": 32.909318,
        "center_lng": -117.145685,
        "radius_m": 449.434554,
        "radius_km": 0.44943,
        "start_date": "2023/1/4",
        "end_date": "2023/2/28",
        "start_year": 2023,
        "start_month": 1,
        "end_year": 2023,
        "end_month": 2,
        "duration_days": 55,
        "duration_weeks": 7.86,
        "observed_cases": 29,
        "expected_cases": 2.37,
        "excess_cases": 26.63,
        "obs_exp_ratio": 12.21,
        "llr": 45.953212,
        "p_value": 0.01,
        "is_high_rate": true,
        "is_hierarchical": true,
        "is_gini": false,
        "slider_value": 0.01,
        "n_case_points": 47,
        "cases_centroid_lat": 32.909255,
        "cases_centroid_lng": -117.145571,
        "center_to_case_centroid_km": 0.0128
      }
    },
    {
      "type": "Feature",
      "geometry": {
        "type": "Point",
        "coordinates": [
          -117.177162,
          32.736219
        ]
      },
      "properties": {
        "cluster_id": 220,
        "center_lat": 32.736219,
        "center_lng": -117.177162,
        "radius_m": 424.711052,
        "radius_km": 0.42471,
        "start_date": "2023/6/28",
        "end_date": "2023/8/8",
        "start_year": 2023,
        "start_month": 6,
        "end_year": 2023,
        "end_month": 8,
        "duration_days": 41,
        "duration_weeks": 5.86,
        "observed_cases": 49,
        "expected_cases": 8.38,
        "excess_cases": 40.62,
        "obs_exp_ratio": 5.85,
        "llr": 45.935871,
        "p_value": 0.01,
        "is_high_rate": true,
        "is_hierarchical": true,
        "is_gini": false,
        "slider_value": 0.01,
        "n_case_points": 175,
        "cases_centroid_lat": 32.737983,
        "cases_centroid_lng": -117.177432,
        "center_to_case_centroid_km": 0.1978
      }
    },
    {
      "type": "Feature",
      "geometry": {
        "type": "Point",
        "coordinates": [
          -117.148864,
          32.70798
        ]
      },
      "properties": {
        "cluster_id": 221,
        "center_lat": 32.70798,
        "center_lng": -117.148864,
        "radius_m": 8.318133,
        "radius_km": 0.00832,
        "start_date": "2024/7/31",
        "end_date": "2024/11/12",
        "start_year": 2024,
        "start_month": 7,
        "end_year": 2024,
        "end_month": 11,
        "duration_days": 104,
        "duration_weeks": 14.86,
        "observed_cases": 34,
        "expected_cases": 3.61,
        "excess_cases": 30.39,
        "obs_exp_ratio": 9.42,
        "llr": 45.882487,
        "p_value": 0.01,
        "is_high_rate": true,
        "is_hierarchical": true,
        "is_gini": false,
        "slider_value": 0.01,
        "n_case_points": 3,
        "cases_centroid_lat": 32.708005,
        "cases_centroid_lng": -117.148828,
        "center_to_case_centroid_km": 0.0044
      }
    },
    {
      "type": "Feature",
      "geometry": {
        "type": "Point",
        "coordinates": [
          -117.214362,
          32.733311
        ]
      },
      "properties": {
        "cluster_id": 222,
        "center_lat": 32.733311,
        "center_lng": -117.214362,
        "radius_m": 84.887476,
        "radius_km": 0.08489,
        "start_date": "2022/6/29",
        "end_date": "2022/10/4",
        "start_year": 2022,
        "start_month": 6,
        "end_year": 2022,
        "end_month": 10,
        "duration_days": 97,
        "duration_weeks": 13.86,
        "observed_cases": 34,
        "expected_cases": 3.61,
        "excess_cases": 30.39,
        "obs_exp_ratio": 9.42,
        "llr": 45.864141,
        "p_value": 0.01,
        "is_high_rate": true,
        "is_hierarchical": true,
        "is_gini": false,
        "slider_value": 0.01,
        "n_case_points": 40,
        "cases_centroid_lat": 32.733378,
        "cases_centroid_lng": -117.214219,
        "center_to_case_centroid_km": 0.0153
      }
    },
    {
      "type": "Feature",
      "geometry": {
        "type": "Point",
        "coordinates": [
          -117.253049,
          32.747716
        ]
      },
      "properties": {
        "cluster_id": 223,
        "center_lat": 32.747716,
        "center_lng": -117.253049,
        "radius_m": 58.588905,
        "radius_km": 0.05859,
        "start_date": "2022/10/5",
        "end_date": "2023/1/10",
        "start_year": 2022,
        "start_month": 10,
        "end_year": 2023,
        "end_month": 1,
        "duration_days": 97,
        "duration_weeks": 13.86,
        "observed_cases": 57,
        "expected_cases": 11.52,
        "excess_cases": 45.48,
        "obs_exp_ratio": 4.95,
        "llr": 45.661962,
        "p_value": 0.01,
        "is_high_rate": true,
        "is_hierarchical": true,
        "is_gini": false,
        "slider_value": 0.01,
        "n_case_points": 163,
        "cases_centroid_lat": 32.747794,
        "cases_centroid_lng": -117.252895,
        "center_to_case_centroid_km": 0.0168
      }
    },
    {
      "type": "Feature",
      "geometry": {
        "type": "Point",
        "coordinates": [
          -117.108889,
          32.784375
        ]
      },
      "properties": {
        "cluster_id": 224,
        "center_lat": 32.784375,
        "center_lng": -117.108889,
        "radius_m": 138.073801,
        "radius_km": 0.13807,
        "start_date": "2024/7/17",
        "end_date": "2024/12/3",
        "start_year": 2024,
        "start_month": 7,
        "end_year": 2024,
        "end_month": 12,
        "duration_days": 139,
        "duration_weeks": 19.86,
        "observed_cases": 43,
        "expected_cases": 6.36,
        "excess_cases": 36.64,
        "obs_exp_ratio": 6.76,
        "llr": 45.558399,
        "p_value": 0.01,
        "is_high_rate": true,
        "is_hierarchical": true,
        "is_gini": false,
        "slider_value": 0.01,
        "n_case_points": 57,
        "cases_centroid_lat": 32.784681,
        "cases_centroid_lng": -117.109734,
        "center_to_case_centroid_km": 0.086
      }
    },
    {
      "type": "Feature",
      "geometry": {
        "type": "Point",
        "coordinates": [
          -117.204645,
          32.764203
        ]
      },
      "properties": {
        "cluster_id": 225,
        "center_lat": 32.764203,
        "center_lng": -117.204645,
        "radius_m": 189.24408,
        "radius_km": 0.18924,
        "start_date": "2022/6/22",
        "end_date": "2022/7/12",
        "start_year": 2022,
        "start_month": 6,
        "end_year": 2022,
        "end_month": 7,
        "duration_days": 20,
        "duration_weeks": 2.86,
        "observed_cases": 21,
        "expected_cases": 0.92,
        "excess_cases": 20.08,
        "obs_exp_ratio": 22.76,
        "llr": 45.552965,
        "p_value": 0.01,
        "is_high_rate": true,
        "is_hierarchical": true,
        "is_gini": false,
        "slider_value": 0.01,
        "n_case_points": 41,
        "cases_centroid_lat": 32.764259,
        "cases_centroid_lng": -117.204209,
        "center_to_case_centroid_km": 0.0412
      }
    },
    {
      "type": "Feature",
      "geometry": {
        "type": "Point",
        "coordinates": [
          -117.151176,
          32.713756
        ]
      },
      "properties": {
        "cluster_id": 226,
        "center_lat": 32.713756,
        "center_lng": -117.151176,
        "radius_m": 80.433936,
        "radius_km": 0.08043,
        "start_date": "2022/12/14",
        "end_date": "2022/12/27",
        "start_year": 2022,
        "start_month": 12,
        "end_year": 2022,
        "end_month": 12,
        "duration_days": 13,
        "duration_weeks": 1.86,
        "observed_cases": 22,
        "expected_cases": 1.07,
        "excess_cases": 20.93,
        "obs_exp_ratio": 20.49,
        "llr": 45.511694,
        "p_value": 0.01,
        "is_high_rate": true,
        "is_hierarchical": true,
        "is_gini": false,
        "slider_value": 0.01,
        "n_case_points": 212,
        "cases_centroid_lat": 32.713651,
        "cases_centroid_lng": -117.151047,
        "center_to_case_centroid_km": 0.0168
      }
    },
    {
      "type": "Feature",
      "geometry": {
        "type": "Point",
        "coordinates": [
          -117.074097,
          33.012823
        ]
      },
      "properties": {
        "cluster_id": 227,
        "center_lat": 33.012823,
        "center_lng": -117.074097,
        "radius_m": 516.14697,
        "radius_km": 0.51615,
        "start_date": "2023/4/19",
        "end_date": "2023/5/9",
        "start_year": 2023,
        "start_month": 4,
        "end_year": 2023,
        "end_month": 5,
        "duration_days": 20,
        "duration_weeks": 2.86,
        "observed_cases": 19,
        "expected_cases": 0.67,
        "excess_cases": 18.33,
        "obs_exp_ratio": 28.33,
        "llr": 45.204122,
        "p_value": 0.01,
        "is_high_rate": true,
        "is_hierarchical": true,
        "is_gini": false,
        "slider_value": 0.01,
        "n_case_points": 28,
        "cases_centroid_lat": 33.015809,
        "cases_centroid_lng": -117.075037,
        "center_to_case_centroid_km": 0.3434
      }
    },
    {
      "type": "Feature",
      "geometry": {
        "type": "Point",
        "coordinates": [
          -117.055232,
          32.755524
        ]
      },
      "properties": {
        "cluster_id": 228,
        "center_lat": 32.755524,
        "center_lng": -117.055232,
        "radius_m": 28.796226,
        "radius_km": 0.0288,
        "start_date": "2024/6/5",
        "end_date": "2024/10/15",
        "start_year": 2024,
        "start_month": 6,
        "end_year": 2024,
        "end_month": 10,
        "duration_days": 132,
        "duration_weeks": 18.86,
        "observed_cases": 36,
        "expected_cases": 4.25,
        "excess_cases": 31.75,
        "obs_exp_ratio": 8.48,
        "llr": 45.203363,
        "p_value": 0.01,
        "is_high_rate": true,
        "is_hierarchical": true,
        "is_gini": false,
        "slider_value": 0.01,
        "n_case_points": 37,
        "cases_centroid_lat": 32.755526,
        "cases_centroid_lng": -117.055159,
        "center_to_case_centroid_km": 0.0068
      }
    },
    {
      "type": "Feature",
      "geometry": {
        "type": "Point",
        "coordinates": [
          -117.152993,
          32.710385
        ]
      },
      "properties": {
        "cluster_id": 229,
        "center_lat": 32.710385,
        "center_lng": -117.152993,
        "radius_m": 19.413903,
        "radius_km": 0.01941,
        "start_date": "2022/4/20",
        "end_date": "2022/5/3",
        "start_year": 2022,
        "start_month": 4,
        "end_year": 2022,
        "end_month": 5,
        "duration_days": 13,
        "duration_weeks": 1.86,
        "observed_cases": 18,
        "expected_cases": 0.56,
        "excess_cases": 17.44,
        "obs_exp_ratio": 31.88,
        "llr": 44.882773,
        "p_value": 0.01,
        "is_high_rate": true,
        "is_hierarchical": true,
        "is_gini": false,
        "slider_value": 0.01,
        "n_case_points": 48,
        "cases_centroid_lat": 32.710468,
        "cases_centroid_lng": -117.152972,
        "center_to_case_centroid_km": 0.0094
      }
    },
    {
      "type": "Feature",
      "geometry": {
        "type": "Point",
        "coordinates": [
          -117.059189,
          32.762982
        ]
      },
      "properties": {
        "cluster_id": 230,
        "center_lat": 32.762982,
        "center_lng": -117.059189,
        "radius_m": 114.33142,
        "radius_km": 0.11433,
        "start_date": "2024/7/17",
        "end_date": "2024/9/10",
        "start_year": 2024,
        "start_month": 7,
        "end_year": 2024,
        "end_month": 9,
        "duration_days": 55,
        "duration_weeks": 7.86,
        "observed_cases": 46,
        "expected_cases": 7.53,
        "excess_cases": 38.47,
        "obs_exp_ratio": 6.11,
        "llr": 44.802554,
        "p_value": 0.01,
        "is_high_rate": true,
        "is_hierarchical": true,
        "is_gini": false,
        "slider_value": 0.01,
        "n_case_points": 138,
        "cases_centroid_lat": 32.763417,
        "cases_centroid_lng": -117.059811,
        "center_to_case_centroid_km": 0.0757
      }
    },
    {
      "type": "Feature",
      "geometry": {
        "type": "Point",
        "coordinates": [
          -117.148993,
          32.699484
        ]
      },
      "properties": {
        "cluster_id": 231,
        "center_lat": 32.699484,
        "center_lng": -117.148993,
        "radius_m": 481.637275,
        "radius_km": 0.48164,
        "start_date": "2024/6/5",
        "end_date": "2024/7/30",
        "start_year": 2024,
        "start_month": 6,
        "end_year": 2024,
        "end_month": 7,
        "duration_days": 55,
        "duration_weeks": 7.86,
        "observed_cases": 56,
        "expected_cases": 11.34,
        "excess_cases": 44.66,
        "obs_exp_ratio": 4.94,
        "llr": 44.791951,
        "p_value": 0.01,
        "is_high_rate": true,
        "is_hierarchical": true,
        "is_gini": false,
        "slider_value": 0.01,
        "n_case_points": 202,
        "cases_centroid_lat": 32.701452,
        "cases_centroid_lng": -117.148335,
        "center_to_case_centroid_km": 0.2273
      }
    },
    {
      "type": "Feature",
      "geometry": {
        "type": "Point",
        "coordinates": [
          -117.184083,
          32.744224
        ]
      },
      "properties": {
        "cluster_id": 232,
        "center_lat": 32.744224,
        "center_lng": -117.184083,
        "radius_m": 191.540457,
        "radius_km": 0.19154,
        "start_date": "2022/3/23",
        "end_date": "2022/4/19",
        "start_year": 2022,
        "start_month": 3,
        "end_year": 2022,
        "end_month": 4,
        "duration_days": 27,
        "duration_weeks": 3.86,
        "observed_cases": 31,
        "expected_cases": 2.96,
        "excess_cases": 28.04,
        "obs_exp_ratio": 10.46,
        "llr": 44.748861,
        "p_value": 0.01,
        "is_high_rate": true,
        "is_hierarchical": true,
        "is_gini": false,
        "slider_value": 0.01,
        "n_case_points": 121,
        "cases_centroid_lat": 32.743823,
        "cases_centroid_lng": -117.184489,
        "center_to_case_centroid_km": 0.0586
      }
    },
    {
      "type": "Feature",
      "geometry": {
        "type": "Point",
        "coordinates": [
          -117.093049,
          32.738927
        ]
      },
      "properties": {
        "cluster_id": 233,
        "center_lat": 32.738927,
        "center_lng": -117.093049,
        "radius_m": 1041.827135,
        "radius_km": 1.04183,
        "start_date": "2024/7/31",
        "end_date": "2024/10/1",
        "start_year": 2024,
        "start_month": 7,
        "end_year": 2024,
        "end_month": 10,
        "duration_days": 62,
        "duration_weeks": 8.86,
        "observed_cases": 102,
        "expected_cases": 33.73,
        "excess_cases": 68.27,
        "obs_exp_ratio": 3.02,
        "llr": 44.623766,
        "p_value": 0.01,
        "is_high_rate": true,
        "is_hierarchical": true,
        "is_gini": false,
        "slider_value": 0.01,
        "n_case_points": 607,
        "cases_centroid_lat": 32.739461,
        "cases_centroid_lng": -117.094184,
        "center_to_case_centroid_km": 0.1217
      }
    },
    {
      "type": "Feature",
      "geometry": {
        "type": "Point",
        "coordinates": [
          -117.088392,
          32.747249
        ]
      },
      "properties": {
        "cluster_id": 234,
        "center_lat": 32.747249,
        "center_lng": -117.088392,
        "radius_m": 244.617544,
        "radius_km": 0.24462,
        "start_date": "2023/2/22",
        "end_date": "2023/5/9",
        "start_year": 2023,
        "start_month": 2,
        "end_year": 2023,
        "end_month": 5,
        "duration_days": 76,
        "duration_weeks": 10.86,
        "observed_cases": 67,
        "expected_cases": 16.13,
        "excess_cases": 50.87,
        "obs_exp_ratio": 4.15,
        "llr": 44.534863,
        "p_value": 0.01,
        "is_high_rate": true,
        "is_hierarchical": true,
        "is_gini": false,
        "slider_value": 0.01,
        "n_case_points": 218,
        "cases_centroid_lat": 32.747936,
        "cases_centroid_lng": -117.087235,
        "center_to_case_centroid_km": 0.1324
      }
    },
    {
      "type": "Feature",
      "geometry": {
        "type": "Point",
        "coordinates": [
          -117.151659,
          32.816679
        ]
      },
      "properties": {
        "cluster_id": 235,
        "center_lat": 32.816679,
        "center_lng": -117.151659,
        "radius_m": 445.400538,
        "radius_km": 0.4454,
        "start_date": "2022/12/14",
        "end_date": "2023/1/10",
        "start_year": 2022,
        "start_month": 12,
        "end_year": 2023,
        "end_month": 1,
        "duration_days": 27,
        "duration_weeks": 3.86,
        "observed_cases": 19,
        "expected_cases": 0.7,
        "excess_cases": 18.3,
        "obs_exp_ratio": 27.22,
        "llr": 44.477007,
        "p_value": 0.01,
        "is_high_rate": true,
        "is_hierarchical": true,
        "is_gini": false,
        "slider_value": 0.01,
        "n_case_points": 50,
        "cases_centroid_lat": 32.816302,
        "cases_centroid_lng": -117.153929,
        "center_to_case_centroid_km": 0.2162
      }
    },
    {
      "type": "Feature",
      "geometry": {
        "type": "Point",
        "coordinates": [
          -117.237036,
          32.758947
        ]
      },
      "properties": {
        "cluster_id": 236,
        "center_lat": 32.758947,
        "center_lng": -117.237036,
        "radius_m": 324.731148,
        "radius_km": 0.32473,
        "start_date": "2024/7/10",
        "end_date": "2024/9/24",
        "start_year": 2024,
        "start_month": 7,
        "end_year": 2024,
        "end_month": 9,
        "duration_days": 76,
        "duration_weeks": 10.86,
        "observed_cases": 32,
        "expected_cases": 3.25,
        "excess_cases": 28.75,
        "obs_exp_ratio": 9.84,
        "llr": 44.433653,
        "p_value": 0.01,
        "is_high_rate": true,
        "is_hierarchical": true,
        "is_gini": false,
        "slider_value": 0.01,
        "n_case_points": 46,
        "cases_centroid_lat": 32.758476,
        "cases_centroid_lng": -117.237271,
        "center_to_case_centroid_km": 0.0568
      }
    },
    {
      "type": "Feature",
      "geometry": {
        "type": "Point",
        "coordinates": [
          -117.157654,
          32.740291
        ]
      },
      "properties": {
        "cluster_id": 237,
        "center_lat": 32.740291,
        "center_lng": -117.157654,
        "radius_m": 145.371933,
        "radius_km": 0.14537,
        "start_date": "2022/1/12",
        "end_date": "2022/2/15",
        "start_year": 2022,
        "start_month": 1,
        "end_year": 2022,
        "end_month": 2,
        "duration_days": 34,
        "duration_weeks": 4.86,
        "observed_cases": 53,
        "expected_cases": 10.24,
        "excess_cases": 42.76,
        "obs_exp_ratio": 5.18,
        "llr": 44.400386,
        "p_value": 0.01,
        "is_high_rate": true,
        "is_hierarchical": true,
        "is_gini": false,
        "slider_value": 0.01,
        "n_case_points": 370,
        "cases_centroid_lat": 32.740125,
        "cases_centroid_lng": -117.158681,
        "center_to_case_centroid_km": 0.0978
      }
    },
    {
      "type": "Feature",
      "geometry": {
        "type": "Point",
        "coordinates": [
          -117.148674,
          32.710922
        ]
      },
      "properties": {
        "cluster_id": 238,
        "center_lat": 32.710922,
        "center_lng": -117.148674,
        "radius_m": 56.489506,
        "radius_km": 0.05649,
        "start_date": "2024/1/17",
        "end_date": "2024/1/30",
        "start_year": 2024,
        "start_month": 1,
        "end_year": 2024,
        "end_month": 1,
        "duration_days": 13,
        "duration_weeks": 1.86,
        "observed_cases": 39,
        "expected_cases": 5.28,
        "excess_cases": 33.72,
        "obs_exp_ratio": 7.39,
        "llr": 44.265594,
        "p_value": 0.01,
        "is_high_rate": true,
        "is_hierarchical": true,
        "is_gini": false,
        "slider_value": 0.01,
        "n_case_points": 306,
        "cases_centroid_lat": 32.711058,
        "cases_centroid_lng": -117.148677,
        "center_to_case_centroid_km": 0.0151
      }
    },
    {
      "type": "Feature",
      "geometry": {
        "type": "Point",
        "coordinates": [
          -117.154605,
          32.718749
        ]
      },
      "properties": {
        "cluster_id": 239,
        "center_lat": 32.718749,
        "center_lng": -117.154605,
        "radius_m": 28.375285,
        "radius_km": 0.02838,
        "start_date": "2022/9/7",
        "end_date": "2022/11/22",
        "start_year": 2022,
        "start_month": 9,
        "end_year": 2022,
        "end_month": 11,
        "duration_days": 76,
        "duration_weeks": 10.86,
        "observed_cases": 58,
        "expected_cases": 12.31,
        "excess_cases": 45.69,
        "obs_exp_ratio": 4.71,
        "llr": 44.226652,
        "p_value": 0.01,
        "is_high_rate": true,
        "is_hierarchical": true,
        "is_gini": false,
        "slider_value": 0.01,
        "n_case_points": 126,
        "cases_centroid_lat": 32.718679,
        "cases_centroid_lng": -117.154609,
        "center_to_case_centroid_km": 0.0078
      }
    },
    {
      "type": "Feature",
      "geometry": {
        "type": "Point",
        "coordinates": [
          -117.153402,
          32.714056
        ]
      },
      "properties": {
        "cluster_id": 240,
        "center_lat": 32.714056,
        "center_lng": -117.153402,
        "radius_m": 82.388991,
        "radius_km": 0.08239,
        "start_date": "2023/3/15",
        "end_date": "2023/4/18",
        "start_year": 2023,
        "start_month": 3,
        "end_year": 2023,
        "end_month": 4,
        "duration_days": 34,
        "duration_weeks": 4.86,
        "observed_cases": 46,
        "expected_cases": 7.67,
        "excess_cases": 38.33,
        "obs_exp_ratio": 6.0,
        "llr": 44.064946,
        "p_value": 0.01,
        "is_high_rate": true,
        "is_hierarchical": true,
        "is_gini": false,
        "slider_value": 0.01,
        "n_case_points": 286,
        "cases_centroid_lat": 32.714509,
        "cases_centroid_lng": -117.153578,
        "center_to_case_centroid_km": 0.053
      }
    },
    {
      "type": "Feature",
      "geometry": {
        "type": "Point",
        "coordinates": [
          -117.081382,
          32.762653
        ]
      },
      "properties": {
        "cluster_id": 241,
        "center_lat": 32.762653,
        "center_lng": -117.081382,
        "radius_m": 445.808016,
        "radius_km": 0.44581,
        "start_date": "2023/9/27",
        "end_date": "2023/10/17",
        "start_year": 2023,
        "start_month": 9,
        "end_year": 2023,
        "end_month": 10,
        "duration_days": 20,
        "duration_weeks": 2.86,
        "observed_cases": 23,
        "expected_cases": 1.33,
        "excess_cases": 21.67,
        "obs_exp_ratio": 17.34,
        "llr": 43.948579,
        "p_value": 0.01,
        "is_high_rate": true,
        "is_hierarchical": true,
        "is_gini": false,
        "slider_value": 0.01,
        "n_case_points": 48,
        "cases_centroid_lat": 32.761894,
        "cases_centroid_lng": -117.081509,
        "center_to_case_centroid_km": 0.0852
      }
    },
    {
      "type": "Feature",
      "geometry": {
        "type": "Point",
        "coordinates": [
          -117.154943,
          32.712555
        ]
      },
      "properties": {
        "cluster_id": 242,
        "center_lat": 32.712555,
        "center_lng": -117.154943,
        "radius_m": 50.504594,
        "radius_km": 0.0505,
        "start_date": "2023/11/15",
        "end_date": "2023/12/19",
        "start_year": 2023,
        "start_month": 11,
        "end_year": 2023,
        "end_month": 12,
        "duration_days": 34,
        "duration_weeks": 4.86,
        "observed_cases": 54,
        "expected_cases": 10.76,
        "excess_cases": 43.24,
        "obs_exp_ratio": 5.02,
        "llr": 43.882588,
        "p_value": 0.01,
        "is_high_rate": true,
        "is_hierarchical": true,
        "is_gini": false,
        "slider_value": 0.01,
        "n_case_points": 272,
        "cases_centroid_lat": 32.712535,
        "cases_centroid_lng": -117.155133,
        "center_to_case_centroid_km": 0.0179
      }
    },
    {
      "type": "Feature",
      "geometry": {
        "type": "Point",
        "coordinates": [
          -117.172806,
          32.717305
        ]
      },
      "properties": {
        "cluster_id": 243,
        "center_lat": 32.717305,
        "center_lng": -117.172806,
        "radius_m": 408.083252,
        "radius_km": 0.40808,
        "start_date": "2022/12/28",
        "end_date": "2023/3/7",
        "start_year": 2022,
        "start_month": 12,
        "end_year": 2023,
        "end_month": 3,
        "duration_days": 69,
        "duration_weeks": 9.86,
        "observed_cases": 62,
        "expected_cases": 14.13,
        "excess_cases": 47.87,
        "obs_exp_ratio": 4.39,
        "llr": 43.813503,
        "p_value": 0.01,
        "is_high_rate": true,
        "is_hierarchical": true,
        "is_gini": false,
        "slider_value": 0.01,
        "n_case_points": 262,
        "cases_centroid_lat": 32.715682,
        "cases_centroid_lng": -117.170941,
        "center_to_case_centroid_km": 0.251
      }
    },
    {
      "type": "Feature",
      "geometry": {
        "type": "Point",
        "coordinates": [
          -117.133486,
          32.712708
        ]
      },
      "properties": {
        "cluster_id": 244,
        "center_lat": 32.712708,
        "center_lng": -117.133486,
        "radius_m": 82.1432,
        "radius_km": 0.08214,
        "start_date": "2022/10/19",
        "end_date": "2022/11/29",
        "start_year": 2022,
        "start_month": 10,
        "end_year": 2022,
        "end_month": 11,
        "duration_days": 41,
        "duration_weeks": 5.86,
        "observed_cases": 31,
        "expected_cases": 3.06,
        "excess_cases": 27.94,
        "obs_exp_ratio": 10.12,
        "llr": 43.803032,
        "p_value": 0.01,
        "is_high_rate": true,
        "is_hierarchical": true,
        "is_gini": false,
        "slider_value": 0.01,
        "n_case_points": 95,
        "cases_centroid_lat": 32.713049,
        "cases_centroid_lng": -117.133746,
        "center_to_case_centroid_km": 0.045
      }
    },
    {
      "type": "Feature",
      "geometry": {
        "type": "Point",
        "coordinates": [
          -117.090224,
          32.750134
        ]
      },
      "properties": {
        "cluster_id": 245,
        "center_lat": 32.750134,
        "center_lng": -117.090224,
        "radius_m": 56.612323,
        "radius_km": 0.05661,
        "start_date": "2024/10/30",
        "end_date": "2024/12/24",
        "start_year": 2024,
        "start_month": 10,
        "end_year": 2024,
        "end_month": 12,
        "duration_days": 55,
        "duration_weeks": 7.86,
        "observed_cases": 21,
        "expected_cases": 1.01,
        "excess_cases": 19.99,
        "obs_exp_ratio": 20.83,
        "llr": 43.776962,
        "p_value": 0.01,
        "is_high_rate": true,
        "is_hierarchical": true,
        "is_gini": false,
        "slider_value": 0.01,
        "n_case_points": 30,
        "cases_centroid_lat": 32.749994,
        "cases_centroid_lng": -117.09018,
        "center_to_case_centroid_km": 0.0161
      }
    },
    {
      "type": "Feature",
      "geometry": {
        "type": "Point",
        "coordinates": [
          -117.201811,
          32.759045
        ]
      },
      "properties": {
        "cluster_id": 246,
        "center_lat": 32.759045,
        "center_lng": -117.201811,
        "radius_m": 333.296877,
        "radius_km": 0.3333,
        "start_date": "2023/3/8",
        "end_date": "2023/4/25",
        "start_year": 2023,
        "start_month": 3,
        "end_year": 2023,
        "end_month": 4,
        "duration_days": 48,
        "duration_weeks": 6.86,
        "observed_cases": 63,
        "expected_cases": 14.62,
        "excess_cases": 48.38,
        "obs_exp_ratio": 4.31,
        "llr": 43.663256,
        "p_value": 0.01,
        "is_high_rate": true,
        "is_hierarchical": true,
        "is_gini": false,
        "slider_value": 0.01,
        "n_case_points": 356,
        "cases_centroid_lat": 32.759197,
        "cases_centroid_lng": -117.202006,
        "center_to_case_centroid_km": 0.0248
      }
    },
    {
      "type": "Feature",
      "geometry": {
        "type": "Point",
        "coordinates": [
          -117.161341,
          32.736265
        ]
      },
      "properties": {
        "cluster_id": 247,
        "center_lat": 32.736265,
        "center_lng": -117.161341,
        "radius_m": 58.394543,
        "radius_km": 0.05839,
        "start_date": "2022/1/19",
        "end_date": "2022/1/25",
        "start_year": 2022,
        "start_month": 1,
        "end_year": 2022,
        "end_month": 1,
        "duration_days": 6,
        "duration_weeks": 0.86,
        "observed_cases": 17,
        "expected_cases": 0.49,
        "excess_cases": 16.51,
        "obs_exp_ratio": 34.37,
        "llr": 43.630092,
        "p_value": 0.01,
        "is_high_rate": true,
        "is_hierarchical": true,
        "is_gini": false,
        "slider_value": 0.01,
        "n_case_points": 85,
        "cases_centroid_lat": 32.736289,
        "cases_centroid_lng": -117.161324,
        "center_to_case_centroid_km": 0.0031
      }
    },
    {
      "type": "Feature",
      "geometry": {
        "type": "Point",
        "coordinates": [
          -117.155759,
          32.716543
        ]
      },
      "properties": {
        "cluster_id": 248,
        "center_lat": 32.716543,
        "center_lng": -117.155759,
        "radius_m": 56.358603,
        "radius_km": 0.05636,
        "start_date": "2023/1/11",
        "end_date": "2023/3/21",
        "start_year": 2023,
        "start_month": 1,
        "end_year": 2023,
        "end_month": 3,
        "duration_days": 69,
        "duration_weeks": 9.86,
        "observed_cases": 125,
        "expected_cases": 47.49,
        "excess_cases": 77.51,
        "obs_exp_ratio": 2.63,
        "llr": 43.488621,
        "p_value": 0.01,
        "is_high_rate": true,
        "is_hierarchical": true,
        "is_gini": false,
        "slider_value": 0.01,
        "n_case_points": 812,
        "cases_centroid_lat": 32.716686,
        "cases_centroid_lng": -117.155771,
        "center_to_case_centroid_km": 0.0159
      }
    },
    {
      "type": "Feature",
      "geometry": {
        "type": "Point",
        "coordinates": [
          -117.184391,
          32.820593
        ]
      },
      "properties": {
        "cluster_id": 249,
        "center_lat": 32.820593,
        "center_lng": -117.184391,
        "radius_m": 817.485092,
        "radius_km": 0.81749,
        "start_date": "2022/10/12",
        "end_date": "2023/5/2",
        "start_year": 2022,
        "start_month": 10,
        "end_year": 2023,
        "end_month": 5,
        "duration_days": 202,
        "duration_weeks": 28.86,
        "observed_cases": 143,
        "expected_cases": 58.46,
        "excess_cases": 84.54,
        "obs_exp_ratio": 2.45,
        "llr": 43.408173,
        "p_value": 0.01,
        "is_high_rate": true,
        "is_hierarchical": true,
        "is_gini": false,
        "slider_value": 0.01,
        "n_case_points": 370,
        "cases_centroid_lat": 32.82112,
        "cases_centroid_lng": -117.18342,
        "center_to_case_centroid_km": 0.108
      }
    },
    {
      "type": "Feature",
      "geometry": {
        "type": "Point",
        "coordinates": [
          -117.151477,
          32.708698
        ]
      },
      "properties": {
        "cluster_id": 250,
        "center_lat": 32.708698,
        "center_lng": -117.151477,
        "radius_m": 27.858733,
        "radius_km": 0.02786,
        "start_date": "2024/5/15",
        "end_date": "2024/8/13",
        "start_year": 2024,
        "start_month": 5,
        "end_year": 2024,
        "end_month": 8,
        "duration_days": 90,
        "duration_weeks": 12.86,
        "observed_cases": 51,
        "expected_cases": 9.73,
        "excess_cases": 41.27,
        "obs_exp_ratio": 5.24,
        "llr": 43.244191,
        "p_value": 0.01,
        "is_high_rate": true,
        "is_hierarchical": true,
        "is_gini": false,
        "slider_value": 0.01,
        "n_case_points": 102,
        "cases_centroid_lat": 32.708519,
        "cases_centroid_lng": -117.151503,
        "center_to_case_centroid_km": 0.02
      }
    },
    {
      "type": "Feature",
      "geometry": {
        "type": "Point",
        "coordinates": [
          -117.251605,
          32.752581
        ]
      },
      "properties": {
        "cluster_id": 251,
        "center_lat": 32.752581,
        "center_lng": -117.251605,
        "radius_m": 91.942373,
        "radius_km": 0.09194,
        "start_date": "2023/9/27",
        "end_date": "2023/10/10",
        "start_year": 2023,
        "start_month": 9,
        "end_year": 2023,
        "end_month": 10,
        "duration_days": 13,
        "duration_weeks": 1.86,
        "observed_cases": 37,
        "expected_cases": 4.84,
        "excess_cases": 32.16,
        "obs_exp_ratio": 7.64,
        "llr": 43.089521,
        "p_value": 0.01,
        "is_high_rate": true,
        "is_hierarchical": true,
        "is_gini": false,
        "slider_value": 0.01,
        "n_case_points": 269,
        "cases_centroid_lat": 32.752774,
        "cases_centroid_lng": -117.251793,
        "center_to_case_centroid_km": 0.0277
      }
    },
    {
      "type": "Feature",
      "geometry": {
        "type": "Point",
        "coordinates": [
          -117.191436,
          32.743982
        ]
      },
      "properties": {
        "cluster_id": 252,
        "center_lat": 32.743982,
        "center_lng": -117.191436,
        "radius_m": 240.953529,
        "radius_km": 0.24095,
        "start_date": "2022/11/30",
        "end_date": "2023/3/28",
        "start_year": 2022,
        "start_month": 11,
        "end_year": 2023,
        "end_month": 3,
        "duration_days": 118,
        "duration_weeks": 16.86,
        "observed_cases": 43,
        "expected_cases": 6.82,
        "excess_cases": 36.18,
        "obs_exp_ratio": 6.31,
        "llr": 43.02021,
        "p_value": 0.01,
        "is_high_rate": true,
        "is_hierarchical": true,
        "is_gini": false,
        "slider_value": 0.01,
        "n_case_points": 66,
        "cases_centroid_lat": 32.745404,
        "cases_centroid_lng": -117.191088,
        "center_to_case_centroid_km": 0.1614
      }
    },
    {
      "type": "Feature",
      "geometry": {
        "type": "Point",
        "coordinates": [
          -117.165729,
          32.83987
        ]
      },
      "properties": {
        "cluster_id": 253,
        "center_lat": 32.83987,
        "center_lng": -117.165729,
        "radius_m": 881.291554,
        "radius_km": 0.88129,
        "start_date": "2024/2/14",
        "end_date": "2024/12/31",
        "start_year": 2024,
        "start_month": 2,
        "end_year": 2024,
        "end_month": 12,
        "duration_days": 321,
        "duration_weeks": 45.86,
        "observed_cases": 145,
        "expected_cases": 60.08,
        "excess_cases": 84.92,
        "obs_exp_ratio": 2.41,
        "llr": 42.865927,
        "p_value": 0.01,
        "is_high_rate": true,
        "is_hierarchical": true,
        "is_gini": false,
        "slider_value": 0.01,
        "n_case_points": 217,
        "cases_centroid_lat": 32.836604,
        "cases_centroid_lng": -117.169994,
        "center_to_case_centroid_km": 0.5391
      }
    },
    {
      "type": "Feature",
      "geometry": {
        "type": "Point",
        "coordinates": [
          -117.25271,
          32.752803
        ]
      },
      "properties": {
        "cluster_id": 254,
        "center_lat": 32.752803,
        "center_lng": -117.25271,
        "radius_m": 320.877798,
        "radius_km": 0.32088,
        "start_date": "2022/8/24",
        "end_date": "2022/11/1",
        "start_year": 2022,
        "start_month": 8,
        "end_year": 2022,
        "end_month": 11,
        "duration_days": 69,
        "duration_weeks": 9.86,
        "observed_cases": 159,
        "expected_cases": 68.94,
        "excess_cases": 90.06,
        "obs_exp_ratio": 2.31,
        "llr": 42.854017,
        "p_value": 0.01,
        "is_high_rate": true,
        "is_hierarchical": true,
        "is_gini": false,
        "slider_value": 0.01,
        "n_case_points": 1076,
        "cases_centroid_lat": 32.752479,
        "cases_centroid_lng": -117.25182,
        "center_to_case_centroid_km": 0.0907
      }
    },
    {
      "type": "Feature",
      "geometry": {
        "type": "Point",
        "coordinates": [
          -117.117741,
          32.763131
        ]
      },
      "properties": {
        "cluster_id": 255,
        "center_lat": 32.763131,
        "center_lng": -117.117741,
        "radius_m": 317.789107,
        "radius_km": 0.31779,
        "start_date": "2022/11/30",
        "end_date": "2023/9/5",
        "start_year": 2022,
        "start_month": 11,
        "end_year": 2023,
        "end_month": 9,
        "duration_days": 279,
        "duration_weeks": 39.86,
        "observed_cases": 133,
        "expected_cases": 52.73,
        "excess_cases": 80.27,
        "obs_exp_ratio": 2.52,
        "llr": 42.810377,
        "p_value": 0.01,
        "is_high_rate": true,
        "is_hierarchical": true,
        "is_gini": false,
        "slider_value": 0.01,
        "n_case_points": 185,
        "cases_centroid_lat": 32.763261,
        "cases_centroid_lng": -117.117784,
        "center_to_case_centroid_km": 0.015
      }
    },
    {
      "type": "Feature",
      "geometry": {
        "type": "Point",
        "coordinates": [
          -117.156022,
          32.722957
        ]
      },
      "properties": {
        "cluster_id": 256,
        "center_lat": 32.722957,
        "center_lng": -117.156022,
        "radius_m": 321.78081,
        "radius_km": 0.32178,
        "start_date": "2024/2/21",
        "end_date": "2024/4/16",
        "start_year": 2024,
        "start_month": 2,
        "end_year": 2024,
        "end_month": 4,
        "duration_days": 55,
        "duration_weeks": 7.86,
        "observed_cases": 95,
        "expected_cases": 30.81,
        "excess_cases": 64.19,
        "obs_exp_ratio": 3.08,
        "llr": 42.803663,
        "p_value": 0.01,
        "is_high_rate": true,
        "is_hierarchical": true,
        "is_gini": false,
        "slider_value": 0.01,
        "n_case_points": 580,
        "cases_centroid_lat": 32.72236,
        "cases_centroid_lng": -117.157288,
        "center_to_case_centroid_km": 0.1358
      }
    },
    {
      "type": "Feature",
      "geometry": {
        "type": "Point",
        "coordinates": [
          -117.254867,
          32.790707
        ]
      },
      "properties": {
        "cluster_id": 257,
        "center_lat": 32.790707,
        "center_lng": -117.254867,
        "radius_m": 163.98807,
        "radius_km": 0.16399,
        "start_date": "2022/10/12",
        "end_date": "2022/11/1",
        "start_year": 2022,
        "start_month": 10,
        "end_year": 2022,
        "end_month": 11,
        "duration_days": 20,
        "duration_weeks": 2.86,
        "observed_cases": 25,
        "expected_cases": 1.79,
        "excess_cases": 23.21,
        "obs_exp_ratio": 14.0,
        "llr": 42.762874,
        "p_value": 0.01,
        "is_high_rate": true,
        "is_hierarchical": true,
        "is_gini": false,
        "slider_value": 0.01,
        "n_case_points": 103,
        "cases_centroid_lat": 32.790931,
        "cases_centroid_lng": -117.255242,
        "center_to_case_centroid_km": 0.043
      }
    },
    {
      "type": "Feature",
      "geometry": {
        "type": "Point",
        "coordinates": [
          -117.254555,
          32.793406
        ]
      },
      "properties": {
        "cluster_id": 258,
        "center_lat": 32.793406,
        "center_lng": -117.254555,
        "radius_m": 97.172203,
        "radius_km": 0.09717,
        "start_date": "2022/1/26",
        "end_date": "2022/3/1",
        "start_year": 2022,
        "start_month": 1,
        "end_year": 2022,
        "end_month": 3,
        "duration_days": 34,
        "duration_weeks": 4.86,
        "observed_cases": 22,
        "expected_cases": 1.23,
        "excess_cases": 20.77,
        "obs_exp_ratio": 17.82,
        "llr": 42.598277,
        "p_value": 0.01,
        "is_high_rate": true,
        "is_hierarchical": true,
        "is_gini": false,
        "slider_value": 0.01,
        "n_case_points": 45,
        "cases_centroid_lat": 32.793249,
        "cases_centroid_lng": -117.254818,
        "center_to_case_centroid_km": 0.0302
      }
    },
    {
      "type": "Feature",
      "geometry": {
        "type": "Point",
        "coordinates": [
          -117.154628,
          32.710949
        ]
      },
      "properties": {
        "cluster_id": 259,
        "center_lat": 32.710949,
        "center_lng": -117.154628,
        "radius_m": 143.271397,
        "radius_km": 0.14327,
        "start_date": "2024/7/17",
        "end_date": "2024/12/10",
        "start_year": 2024,
        "start_month": 7,
        "end_year": 2024,
        "end_month": 12,
        "duration_days": 146,
        "duration_weeks": 20.86,
        "observed_cases": 73,
        "expected_cases": 19.61,
        "excess_cases": 53.39,
        "obs_exp_ratio": 3.72,
        "llr": 42.563795,
        "p_value": 0.01,
        "is_high_rate": true,
        "is_hierarchical": true,
        "is_gini": false,
        "slider_value": 0.01,
        "n_case_points": 163,
        "cases_centroid_lat": 32.711255,
        "cases_centroid_lng": -117.154405,
        "center_to_case_centroid_km": 0.0399
      }
    },
    {
      "type": "Feature",
      "geometry": {
        "type": "Point",
        "coordinates": [
          -117.167459,
          32.727056
        ]
      },
      "properties": {
        "cluster_id": 260,
        "center_lat": 32.727056,
        "center_lng": -117.167459,
        "radius_m": 16.505472,
        "radius_km": 0.01651,
        "start_date": "2022/7/13",
        "end_date": "2022/8/9",
        "start_year": 2022,
        "start_month": 7,
        "end_year": 2022,
        "end_month": 8,
        "duration_days": 27,
        "duration_weeks": 3.86,
        "observed_cases": 27,
        "expected_cases": 2.24,
        "excess_cases": 24.76,
        "obs_exp_ratio": 12.05,
        "llr": 42.451611,
        "p_value": 0.01,
        "is_high_rate": true,
        "is_hierarchical": true,
        "is_gini": false,
        "slider_value": 0.01,
        "n_case_points": 82,
        "cases_centroid_lat": 32.72702,
        "cases_centroid_lng": -117.167497,
        "center_to_case_centroid_km": 0.0053
      }
    },
    {
      "type": "Feature",
      "geometry": {
        "type": "Point",
        "coordinates": [
          -117.171283,
          32.723576
        ]
      },
      "properties": {
        "cluster_id": 261,
        "center_lat": 32.723576,
        "center_lng": -117.171283,
        "radius_m": 89.328153,
        "radius_km": 0.08933,
        "start_date": "2024/4/17",
        "end_date": "2024/4/23",
        "start_year": 2024,
        "start_month": 4,
        "end_year": 2024,
        "end_month": 4,
        "duration_days": 6,
        "duration_weeks": 0.86,
        "observed_cases": 13,
        "expected_cases": 0.19,
        "excess_cases": 12.81,
        "obs_exp_ratio": 69.48,
        "llr": 42.321063,
        "p_value": 0.01,
        "is_high_rate": true,
        "is_hierarchical": true,
        "is_gini": false,
        "slider_value": 0.01,
        "n_case_points": 27,
        "cases_centroid_lat": 32.723672,
        "cases_centroid_lng": -117.170518,
        "center_to_case_centroid_km": 0.0723
      }
    },
    {
      "type": "Feature",
      "geometry": {
        "type": "Point",
        "coordinates": [
          -117.129352,
          32.7552
        ]
      },
      "properties": {
        "cluster_id": 262,
        "center_lat": 32.7552,
        "center_lng": -117.129352,
        "radius_m": 177.326459,
        "radius_km": 0.17733,
        "start_date": "2023/11/29",
        "end_date": "2024/3/5",
        "start_year": 2023,
        "start_month": 11,
        "end_year": 2024,
        "end_month": 3,
        "duration_days": 97,
        "duration_weeks": 13.86,
        "observed_cases": 51,
        "expected_cases": 9.97,
        "excess_cases": 41.03,
        "obs_exp_ratio": 5.12,
        "llr": 42.230594,
        "p_value": 0.01,
        "is_high_rate": true,
        "is_hierarchical": true,
        "is_gini": false,
        "slider_value": 0.01,
        "n_case_points": 92,
        "cases_centroid_lat": 32.755418,
        "cases_centroid_lng": -117.129516,
        "center_to_case_centroid_km": 0.0287
      }
    },
    {
      "type": "Feature",
      "geometry": {
        "type": "Point",
        "coordinates": [
          -117.157645,
          32.713752
        ]
      },
      "properties": {
        "cluster_id": 263,
        "center_lat": 32.713752,
        "center_lng": -117.157645,
        "radius_m": 23.464789,
        "radius_km": 0.02346,
        "start_date": "2022/11/2",
        "end_date": "2023/4/11",
        "start_year": 2022,
        "start_month": 11,
        "end_year": 2023,
        "end_month": 4,
        "duration_days": 160,
        "duration_weeks": 22.86,
        "observed_cases": 140,
        "expected_cases": 57.49,
        "excess_cases": 82.51,
        "obs_exp_ratio": 2.44,
        "llr": 42.124615,
        "p_value": 0.01,
        "is_high_rate": true,
        "is_hierarchical": true,
        "is_gini": false,
        "slider_value": 0.01,
        "n_case_points": 503,
        "cases_centroid_lat": 32.713709,
        "cases_centroid_lng": -117.15765,
        "center_to_case_centroid_km": 0.0048
      }
    },
    {
      "type": "Feature",
      "geometry": {
        "type": "Point",
        "coordinates": [
          -117.214554,
          32.765054
        ]
      },
      "properties": {
        "cluster_id": 264,
        "center_lat": 32.765054,
        "center_lng": -117.214554,
        "radius_m": 500.515016,
        "radius_km": 0.50052,
        "start_date": "2022/3/16",
        "end_date": "2022/6/7",
        "start_year": 2022,
        "start_month": 3,
        "end_year": 2022,
        "end_month": 6,
        "duration_days": 83,
        "duration_weeks": 11.86,
        "observed_cases": 63,
        "expected_cases": 15.18,
        "excess_cases": 47.82,
        "obs_exp_ratio": 4.15,
        "llr": 41.841089,
        "p_value": 0.01,
        "is_high_rate": true,
        "is_hierarchical": true,
        "is_gini": false,
        "slider_value": 0.01,
        "n_case_points": 199,
        "cases_centroid_lat": 32.765789,
        "cases_centroid_lng": -117.214068,
        "center_to_case_centroid_km": 0.0935
      }
    },
    {
      "type": "Feature",
      "geometry": {
        "type": "Point",
        "coordinates": [
          -117.063674,
          32.7632
        ]
      },
      "properties": {
        "cluster_id": 265,
        "center_lat": 32.7632,
        "center_lng": -117.063674,
        "radius_m": 15.665049,
        "radius_km": 0.01567,
        "start_date": "2023/8/16",
        "end_date": "2023/11/21",
        "start_year": 2023,
        "start_month": 8,
        "end_year": 2023,
        "end_month": 11,
        "duration_days": 97,
        "duration_weeks": 13.86,
        "observed_cases": 55,
        "expected_cases": 11.72,
        "excess_cases": 43.28,
        "obs_exp_ratio": 4.69,
        "llr": 41.745617,
        "p_value": 0.01,
        "is_high_rate": true,
        "is_hierarchical": true,
        "is_gini": false,
        "slider_value": 0.01,
        "n_case_points": 94,
        "cases_centroid_lat": 32.763207,
        "cases_centroid_lng": -117.063762,
        "center_to_case_centroid_km": 0.0082
      }
    },
    {
      "type": "Feature",
      "geometry": {
        "type": "Point",
        "coordinates": [
          -117.249227,
          32.749593
        ]
      },
      "properties": {
        "cluster_id": 266,
        "center_lat": 32.749593,
        "center_lng": -117.249227,
        "radius_m": 289.089982,
        "radius_km": 0.28909,
        "start_date": "2022/7/13",
        "end_date": "2022/8/16",
        "start_year": 2022,
        "start_month": 7,
        "end_year": 2022,
        "end_month": 8,
        "duration_days": 34,
        "duration_weeks": 4.86,
        "observed_cases": 60,
        "expected_cases": 13.93,
        "excess_cases": 46.07,
        "obs_exp_ratio": 4.31,
        "llr": 41.555067,
        "p_value": 0.01,
        "is_high_rate": true,
        "is_hierarchical": true,
        "is_gini": false,
        "slider_value": 0.01,
        "n_case_points": 428,
        "cases_centroid_lat": 32.748969,
        "cases_centroid_lng": -117.250859,
        "center_to_case_centroid_km": 0.1677
      }
    },
    {
      "type": "Feature",
      "geometry": {
        "type": "Point",
        "coordinates": [
          -117.156286,
          32.71706
        ]
      },
      "properties": {
        "cluster_id": 267,
        "center_lat": 32.71706,
        "center_lng": -117.156286,
        "radius_m": 23.302532,
        "radius_km": 0.0233,
        "start_date": "2024/3/13",
        "end_date": "2024/6/4",
        "start_year": 2024,
        "start_month": 3,
        "end_year": 2024,
        "end_month": 6,
        "duration_days": 83,
        "duration_weeks": 11.86,
        "observed_cases": 56,
        "expected_cases": 12.2,
        "excess_cases": 43.8,
        "obs_exp_ratio": 4.59,
        "llr": 41.541252,
        "p_value": 0.01,
        "is_high_rate": true,
        "is_hierarchical": true,
        "is_gini": false,
        "slider_value": 0.01,
        "n_case_points": 152,
        "cases_centroid_lat": 32.717034,
        "cases_centroid_lng": -117.156411,
        "center_to_case_centroid_km": 0.0121
      }
    },
    {
      "type": "Feature",
      "geometry": {
        "type": "Point",
        "coordinates": [
          -117.111268,
          32.766318
        ]
      },
      "properties": {
        "cluster_id": 268,
        "center_lat": 32.766318,
        "center_lng": -117.111268,
        "radius_m": 26.851465,
        "radius_km": 0.02685,
        "start_date": "2023/8/2",
        "end_date": "2023/8/15",
        "start_year": 2023,
        "start_month": 8,
        "end_year": 2023,
        "end_month": 8,
        "duration_days": 13,
        "duration_weeks": 1.86,
        "observed_cases": 14,
        "expected_cases": 0.27,
        "excess_cases": 13.73,
        "obs_exp_ratio": 51.45,
        "llr": 41.441672,
        "p_value": 0.01,
        "is_high_rate": true,
        "is_hierarchical": true,
        "is_gini": false,
        "slider_value": 0.01,
        "n_case_points": 14,
        "cases_centroid_lat": 32.766334,
        "cases_centroid_lng": -117.111323,
        "center_to_case_centroid_km": 0.0054
      }
    },
    {
      "type": "Feature",
      "geometry": {
        "type": "Point",
        "coordinates": [
          -117.145321,
          32.754013
        ]
      },
      "properties": {
        "cluster_id": 269,
        "center_lat": 32.754013,
        "center_lng": -117.145321,
        "radius_m": 22.125311,
        "radius_km": 0.02213,
        "start_date": "2022/4/13",
        "end_date": "2022/8/16",
        "start_year": 2022,
        "start_month": 4,
        "end_year": 2022,
        "end_month": 8,
        "duration_days": 125,
        "duration_weeks": 17.86,
        "observed_cases": 46,
        "expected_cases": 8.23,
        "excess_cases": 37.77,
        "obs_exp_ratio": 5.59,
        "llr": 41.378605,
        "p_value": 0.01,
        "is_high_rate": true,
        "is_hierarchical": true,
        "is_gini": false,
        "slider_value": 0.01,
        "n_case_points": 72,
        "cases_centroid_lat": 32.754006,
        "cases_centroid_lng": -117.145332,
        "center_to_case_centroid_km": 0.0013
      }
    },
    {
      "type": "Feature",
      "geometry": {
        "type": "Point",
        "coordinates": [
          -117.156938,
          32.714607
        ]
      },
      "properties": {
        "cluster_id": 270,
        "center_lat": 32.714607,
        "center_lng": -117.156938,
        "radius_m": 18.863114,
        "radius_km": 0.01886,
        "start_date": "2022/1/1",
        "end_date": "2022/3/1",
        "start_year": 2022,
        "start_month": 1,
        "end_year": 2022,
        "end_month": 3,
        "duration_days": 59,
        "duration_weeks": 8.43,
        "observed_cases": 35,
        "expected_cases": 4.49,
        "excess_cases": 30.51,
        "obs_exp_ratio": 7.8,
        "llr": 41.369986,
        "p_value": 0.01,
        "is_high_rate": true,
        "is_hierarchical": true,
        "is_gini": false,
        "slider_value": 0.01,
        "n_case_points": 98,
        "cases_centroid_lat": 32.714655,
        "cases_centroid_lng": -117.156971,
        "center_to_case_centroid_km": 0.0061
      }
    },
    {
      "type": "Feature",
      "geometry": {
        "type": "Point",
        "coordinates": [
          -117.232046,
          32.867733
        ]
      },
      "properties": {
        "cluster_id": 271,
        "center_lat": 32.867733,
        "center_lng": -117.232046,
        "radius_m": 40.793347,
        "radius_km": 0.04079,
        "start_date": "2024/5/22",
        "end_date": "2024/6/18",
        "start_year": 2024,
        "start_month": 5,
        "end_year": 2024,
        "end_month": 6,
        "duration_days": 27,
        "duration_weeks": 3.86,
        "observed_cases": 21,
        "expected_cases": 1.15,
        "excess_cases": 19.85,
        "obs_exp_ratio": 18.33,
        "llr": 41.229386,
        "p_value": 0.01,
        "is_high_rate": true,
        "is_hierarchical": true,
        "is_gini": false,
        "slider_value": 0.01,
        "n_case_points": 44,
        "cases_centroid_lat": 32.867721,
        "cases_centroid_lng": -117.232092,
        "center_to_case_centroid_km": 0.0045
      }
    },
    {
      "type": "Feature",
      "geometry": {
        "type": "Point",
        "coordinates": [
          -117.21817,
          32.761524
        ]
      },
      "properties": {
        "cluster_id": 272,
        "center_lat": 32.761524,
        "center_lng": -117.21817,
        "radius_m": 474.407702,
        "radius_km": 0.47441,
        "start_date": "2022/7/6",
        "end_date": "2022/9/6",
        "start_year": 2022,
        "start_month": 7,
        "end_year": 2022,
        "end_month": 9,
        "duration_days": 62,
        "duration_weeks": 8.86,
        "observed_cases": 50,
        "expected_cases": 9.82,
        "excess_cases": 40.18,
        "obs_exp_ratio": 5.09,
        "llr": 41.208026,
        "p_value": 0.01,
        "is_high_rate": true,
        "is_hierarchical": true,
        "is_gini": false,
        "slider_value": 0.01,
        "n_case_points": 142,
        "cases_centroid_lat": 32.760881,
        "cases_centroid_lng": -117.21703,
        "center_to_case_centroid_km": 0.1284
      }
    },
    {
      "type": "Feature",
      "geometry": {
        "type": "Point",
        "coordinates": [
          -117.140212,
          32.748228
        ]
      },
      "properties": {
        "cluster_id": 273,
        "center_lat": 32.748228,
        "center_lng": -117.140212,
        "radius_m": 26.582324,
        "radius_km": 0.02658,
        "start_date": "2024/10/30",
        "end_date": "2024/12/10",
        "start_year": 2024,
        "start_month": 10,
        "end_year": 2024,
        "end_month": 12,
        "duration_days": 41,
        "duration_weeks": 5.86,
        "observed_cases": 22,
        "expected_cases": 1.32,
        "excess_cases": 20.68,
        "obs_exp_ratio": 16.64,
        "llr": 41.186555,
        "p_value": 0.01,
        "is_high_rate": true,
        "is_hierarchical": true,
        "is_gini": false,
        "slider_value": 0.01,
        "n_case_points": 48,
        "cases_centroid_lat": 32.748144,
        "cases_centroid_lng": -117.140162,
        "center_to_case_centroid_km": 0.0104
      }
    },
    {
      "type": "Feature",
      "geometry": {
        "type": "Point",
        "coordinates": [
          -117.218487,
          32.87066
        ]
      },
      "properties": {
        "cluster_id": 274,
        "center_lat": 32.87066,
        "center_lng": -117.218487,
        "radius_m": 866.578936,
        "radius_km": 0.86658,
        "start_date": "2022/4/13",
        "end_date": "2022/6/28",
        "start_year": 2022,
        "start_month": 4,
        "end_year": 2022,
        "end_month": 6,
        "duration_days": 76,
        "duration_weeks": 10.86,
        "observed_cases": 40,
        "expected_cases": 6.13,
        "excess_cases": 33.87,
        "obs_exp_ratio": 6.52,
        "llr": 41.145637,
        "p_value": 0.01,
        "is_high_rate": true,
        "is_hierarchical": true,
        "is_gini": false,
        "slider_value": 0.01,
        "n_case_points": 83,
        "cases_centroid_lat": 32.868264,
        "cases_centroid_lng": -117.21968,
        "center_to_case_centroid_km": 0.2888
      }
    },
    {
      "type": "Feature",
      "geometry": {
        "type": "Point",
        "coordinates": [
          -117.110895,
          32.787718
        ]
      },
      "properties": {
        "cluster_id": 275,
        "center_lat": 32.787718,
        "center_lng": -117.110895,
        "radius_m": 220.123121,
        "radius_km": 0.22012,
        "start_date": "2023/8/16",
        "end_date": "2023/8/29",
        "start_year": 2023,
        "start_month": 8,
        "end_year": 2023,
        "end_month": 8,
        "duration_days": 13,
        "duration_weeks": 1.86,
        "observed_cases": 15,
        "expected_cases": 0.37,
        "excess_cases": 14.63,
        "obs_exp_ratio": 41.09,
        "llr": 41.102398,
        "p_value": 0.01,
        "is_high_rate": true,
        "is_hierarchical": true,
        "is_gini": false,
        "slider_value": 0.01,
        "n_case_points": 19,
        "cases_centroid_lat": 32.786481,
        "cases_centroid_lng": -117.111224,
        "center_to_case_centroid_km": 0.1409
      }
    },
    {
      "type": "Feature",
      "geometry": {
        "type": "Point",
        "coordinates": [
          -117.159214,
          32.754557
        ]
      },
      "properties": {
        "cluster_id": 276,
        "center_lat": 32.754557,
        "center_lng": -117.159214,
        "radius_m": 134.690535,
        "radius_km": 0.13469,
        "start_date": "2022/1/1",
        "end_date": "2022/1/18",
        "start_year": 2022,
        "start_month": 1,
        "end_year": 2022,
        "end_month": 1,
        "duration_days": 17,
        "duration_weeks": 2.43,
        "observed_cases": 16,
        "expected_cases": 0.46,
        "excess_cases": 15.54,
        "obs_exp_ratio": 34.45,
        "llr": 41.099495,
        "p_value": 0.01,
        "is_high_rate": true,
        "is_hierarchical": true,
        "is_gini": false,
        "slider_value": 0.01,
        "n_case_points": 35,
        "cases_centroid_lat": 32.75475,
        "cases_centroid_lng": -117.15932,
        "center_to_case_centroid_km": 0.0237
      }
    },
    {
      "type": "Feature",
      "geometry": {
        "type": "Point",
        "coordinates": [
          -117.159036,
          32.738147
        ]
      },
      "properties": {
        "cluster_id": 277,
        "center_lat": 32.738147,
        "center_lng": -117.159036,
        "radius_m": 102.172573,
        "radius_km": 0.10217,
        "start_date": "2023/7/12",
        "end_date": "2023/8/15",
        "start_year": 2023,
        "start_month": 7,
        "end_year": 2023,
        "end_month": 8,
        "duration_days": 34,
        "duration_weeks": 4.86,
        "observed_cases": 27,
        "expected_cases": 2.38,
        "excess_cases": 24.62,
        "obs_exp_ratio": 11.36,
        "llr": 40.9949,
        "p_value": 0.01,
        "is_high_rate": true,
        "is_hierarchical": true,
        "is_gini": false,
        "slider_value": 0.01,
        "n_case_points": 54,
        "cases_centroid_lat": 32.738511,
        "cases_centroid_lng": -117.159127,
        "center_to_case_centroid_km": 0.0413
      }
    },
    {
      "type": "Feature",
      "geometry": {
        "type": "Point",
        "coordinates": [
          -117.258053,
          32.798808
        ]
      },
      "properties": {
        "cluster_id": 278,
        "center_lat": 32.798808,
        "center_lng": -117.258053,
        "radius_m": 392.485271,
        "radius_km": 0.39249,
        "start_date": "2022/5/25",
        "end_date": "2022/11/22",
        "start_year": 2022,
        "start_month": 5,
        "end_year": 2022,
        "end_month": 11,
        "duration_days": 181,
        "duration_weeks": 25.86,
        "observed_cases": 156,
        "expected_cases": 68.53,
        "excess_cases": 87.47,
        "obs_exp_ratio": 2.28,
        "llr": 40.886838,
        "p_value": 0.01,
        "is_high_rate": true,
        "is_hierarchical": true,
        "is_gini": false,
        "slider_value": 0.01,
        "n_case_points": 417,
        "cases_centroid_lat": 32.798458,
        "cases_centroid_lng": -117.257512,
        "center_to_case_centroid_km": 0.0638
      }
    },
    {
      "type": "Feature",
      "geometry": {
        "type": "Point",
        "coordinates": [
          -117.121899,
          32.749043
        ]
      },
      "properties": {
        "cluster_id": 279,
        "center_lat": 32.749043,
        "center_lng": -117.121899,
        "radius_m": 81.989629,
        "radius_km": 0.08199,
        "start_date": "2022/5/4",
        "end_date": "2022/5/24",
        "start_year": 2022,
        "start_month": 5,
        "end_year": 2022,
        "end_month": 5,
        "duration_days": 20,
        "duration_weeks": 2.86,
        "observed_cases": 55,
        "expected_cases": 12.01,
        "excess_cases": 42.99,
        "obs_exp_ratio": 4.58,
        "llr": 40.71336,
        "p_value": 0.01,
        "is_high_rate": true,
        "is_hierarchical": true,
        "is_gini": false,
        "slider_value": 0.01,
        "n_case_points": 546,
        "cases_centroid_lat": 32.74932,
        "cases_centroid_lng": -117.122211,
        "center_to_case_centroid_km": 0.0424
      }
    },
    {
      "type": "Feature",
      "geometry": {
        "type": "Point",
        "coordinates": [
          -117.156654,
          32.715101
        ]
      },
      "properties": {
        "cluster_id": 280,
        "center_lat": 32.715101,
        "center_lng": -117.156654,
        "radius_m": 33.221659,
        "radius_km": 0.03322,
        "start_date": "2024/3/20",
        "end_date": "2024/4/23",
        "start_year": 2024,
        "start_month": 3,
        "end_year": 2024,
        "end_month": 4,
        "duration_days": 34,
        "duration_weeks": 4.86,
        "observed_cases": 36,
        "expected_cases": 4.9,
        "excess_cases": 31.1,
        "obs_exp_ratio": 7.35,
        "llr": 40.700855,
        "p_value": 0.01,
        "is_high_rate": true,
        "is_hierarchical": true,
        "is_gini": false,
        "slider_value": 0.01,
        "n_case_points": 155,
        "cases_centroid_lat": 32.71506,
        "cases_centroid_lng": -117.156567,
        "center_to_case_centroid_km": 0.0093
      }
    },
    {
      "type": "Feature",
      "geometry": {
        "type": "Point",
        "coordinates": [
          -117.156335,
          32.718336
        ]
      },
      "properties": {
        "cluster_id": 281,
        "center_lat": 32.718336,
        "center_lng": -117.156335,
        "radius_m": 67.296108,
        "radius_km": 0.0673,
        "start_date": "2023/11/1",
        "end_date": "2023/12/26",
        "start_year": 2023,
        "start_month": 11,
        "end_year": 2023,
        "end_month": 12,
        "duration_days": 55,
        "duration_weeks": 7.86,
        "observed_cases": 71,
        "expected_cases": 19.35,
        "excess_cases": 51.65,
        "obs_exp_ratio": 3.67,
        "llr": 40.67143,
        "p_value": 0.01,
        "is_high_rate": true,
        "is_hierarchical": true,
        "is_gini": false,
        "slider_value": 0.01,
        "n_case_points": 305,
        "cases_centroid_lat": 32.717868,
        "cases_centroid_lng": -117.156377,
        "center_to_case_centroid_km": 0.0521
      }
    },
    {
      "type": "Feature",
      "geometry": {
        "type": "Point",
        "coordinates": [
          -117.150336,
          32.711245
        ]
      },
      "properties": {
        "cluster_id": 282,
        "center_lat": 32.711245,
        "center_lng": -117.150336,
        "radius_m": 11.315683,
        "radius_km": 0.01132,
        "start_date": "2022/10/12",
        "end_date": "2023/1/10",
        "start_year": 2022,
        "start_month": 10,
        "end_year": 2023,
        "end_month": 1,
        "duration_days": 90,
        "duration_weeks": 12.86,
        "observed_cases": 55,
        "expected_cases": 12.04,
        "excess_cases": 42.96,
        "obs_exp_ratio": 4.57,
        "llr": 40.58501,
        "p_value": 0.01,
        "is_high_rate": true,
        "is_hierarchical": true,
        "is_gini": false,
        "slider_value": 0.01,
        "n_case_points": 198,
        "cases_centroid_lat": 32.711262,
        "cases_centroid_lng": -117.150319,
        "center_to_case_centroid_km": 0.0024
      }
    },
    {
      "type": "Feature",
      "geometry": {
        "type": "Point",
        "coordinates": [
          -117.151833,
          32.707725
        ]
      },
      "properties": {
        "cluster_id": 283,
        "center_lat": 32.707725,
        "center_lng": -117.151833,
        "radius_m": 72.322831,
        "radius_km": 0.07232,
        "start_date": "2023/6/21",
        "end_date": "2023/8/8",
        "start_year": 2023,
        "start_month": 6,
        "end_year": 2023,
        "end_month": 8,
        "duration_days": 48,
        "duration_weeks": 6.86,
        "observed_cases": 86,
        "expected_cases": 27.08,
        "excess_cases": 58.92,
        "obs_exp_ratio": 3.18,
        "llr": 40.465625,
        "p_value": 0.01,
        "is_high_rate": true,
        "is_hierarchical": true,
        "is_gini": false,
        "slider_value": 0.01,
        "n_case_points": 489,
        "cases_centroid_lat": 32.707839,
        "cases_centroid_lng": -117.151963,
        "center_to_case_centroid_km": 0.0175
      }
    },
    {
      "type": "Feature",
      "geometry": {
        "type": "Point",
        "coordinates": [
          -117.154146,
          32.714598
        ]
      },
      "properties": {
        "cluster_id": 284,
        "center_lat": 32.714598,
        "center_lng": -117.154146,
        "radius_m": 28.704884,
        "radius_km": 0.0287,
        "start_date": "2024/3/27",
        "end_date": "2024/4/2",
        "start_year": 2024,
        "start_month": 3,
        "end_year": 2024,
        "end_month": 4,
        "duration_days": 6,
        "duration_weeks": 0.86,
        "observed_cases": 18,
        "expected_cases": 0.73,
        "excess_cases": 17.27,
        "obs_exp_ratio": 24.56,
        "llr": 40.352525,
        "p_value": 0.01,
        "is_high_rate": true,
        "is_hierarchical": true,
        "is_gini": false,
        "slider_value": 0.01,
        "n_case_points": 112,
        "cases_centroid_lat": 32.714635,
        "cases_centroid_lng": -117.154089,
        "center_to_case_centroid_km": 0.0067
      }
    },
    {
      "type": "Feature",
      "geometry": {
        "type": "Point",
        "coordinates": [
          -117.209111,
          32.76204
        ]
      },
      "properties": {
        "cluster_id": 285,
        "center_lat": 32.76204,
        "center_lng": -117.209111,
        "radius_m": 49.669837,
        "radius_km": 0.04967,
        "start_date": "2024/6/5",
        "end_date": "2024/8/20",
        "start_year": 2024,
        "start_month": 6,
        "end_year": 2024,
        "end_month": 8,
        "duration_days": 76,
        "duration_weeks": 10.86,
        "observed_cases": 25,
        "expected_cases": 2.0,
        "excess_cases": 23.0,
        "obs_exp_ratio": 12.52,
        "llr": 40.186764,
        "p_value": 0.01,
        "is_high_rate": true,
        "is_hierarchical": true,
        "is_gini": false,
        "slider_value": 0.01,
        "n_case_points": 29,
        "cases_centroid_lat": 32.762148,
        "cases_centroid_lng": -117.20896,
        "center_to_case_centroid_km": 0.0186
      }
    },
    {
      "type": "Feature",
      "geometry": {
        "type": "Point",
        "coordinates": [
          -117.148532,
          32.708447
        ]
      },
      "properties": {
        "cluster_id": 286,
        "center_lat": 32.708447,
        "center_lng": -117.148532,
        "radius_m": 53.038613,
        "radius_km": 0.05304,
        "start_date": "2024/3/6",
        "end_date": "2024/4/9",
        "start_year": 2024,
        "start_month": 3,
        "end_year": 2024,
        "end_month": 4,
        "duration_days": 34,
        "duration_weeks": 4.86,
        "observed_cases": 49,
        "expected_cases": 9.73,
        "excess_cases": 39.27,
        "obs_exp_ratio": 5.04,
        "llr": 39.955797,
        "p_value": 0.01,
        "is_high_rate": true,
        "is_hierarchical": true,
        "is_gini": false,
        "slider_value": 0.01,
        "n_case_points": 272,
        "cases_centroid_lat": 32.708422,
        "cases_centroid_lng": -117.148645,
        "center_to_case_centroid_km": 0.0109
      }
    },
    {
      "type": "Feature",
      "geometry": {
        "type": "Point",
        "coordinates": [
          -117.096802,
          32.769751
        ]
      },
      "properties": {
        "cluster_id": 287,
        "center_lat": 32.769751,
        "center_lng": -117.096802,
        "radius_m": 1114.925658,
        "radius_km": 1.11493,
        "start_date": "2024/3/20",
        "end_date": "2024/12/31",
        "start_year": 2024,
        "start_month": 3,
        "end_year": 2024,
        "end_month": 12,
        "duration_days": 286,
        "duration_weeks": 40.86,
        "observed_cases": 164,
        "expected_cases": 74.54,
        "excess_cases": 89.46,
        "obs_exp_ratio": 2.2,
        "llr": 39.891516,
        "p_value": 0.01,
        "is_high_rate": true,
        "is_hierarchical": true,
        "is_gini": false,
        "slider_value": 0.01,
        "n_case_points": 311,
        "cases_centroid_lat": 32.767634,
        "cases_centroid_lng": -117.097311,
        "center_to_case_centroid_km": 0.2401
      }
    },
    {
      "type": "Feature",
      "geometry": {
        "type": "Point",
        "coordinates": [
          -117.242515,
          32.755458
        ]
      },
      "properties": {
        "cluster_id": 288,
        "center_lat": 32.755458,
        "center_lng": -117.242515,
        "radius_m": 86.968662,
        "radius_km": 0.08697,
        "start_date": "2022/3/2",
        "end_date": "2022/3/22",
        "start_year": 2022,
        "start_month": 3,
        "end_year": 2022,
        "end_month": 3,
        "duration_days": 20,
        "duration_weeks": 2.86,
        "observed_cases": 16,
        "expected_cases": 0.5,
        "excess_cases": 15.5,
        "obs_exp_ratio": 31.87,
        "llr": 39.890035,
        "p_value": 0.01,
        "is_high_rate": true,
        "is_hierarchical": true,
        "is_gini": false,
        "slider_value": 0.01,
        "n_case_points": 29,
        "cases_centroid_lat": 32.755347,
        "cases_centroid_lng": -117.24237,
        "center_to_case_centroid_km": 0.0183
      }
    },
    {
      "type": "Feature",
      "geometry": {
        "type": "Point",
        "coordinates": [
          -117.235262,
          32.751263
        ]
      },
      "properties": {
        "cluster_id": 289,
        "center_lat": 32.751263,
        "center_lng": -117.235262,
        "radius_m": 48.962127,
        "radius_km": 0.04896,
        "start_date": "2024/9/11",
        "end_date": "2024/9/17",
        "start_year": 2024,
        "start_month": 9,
        "end_year": 2024,
        "end_month": 9,
        "duration_days": 6,
        "duration_weeks": 0.86,
        "observed_cases": 10,
        "expected_cases": 0.069,
        "excess_cases": 9.93,
        "obs_exp_ratio": 145.47,
        "llr": 39.868759,
        "p_value": 0.01,
        "is_high_rate": true,
        "is_hierarchical": true,
        "is_gini": false,
        "slider_value": 0.01,
        "n_case_points": 12,
        "cases_centroid_lat": 32.751353,
        "cases_centroid_lng": -117.235368,
        "center_to_case_centroid_km": 0.0141
      }
    },
    {
      "type": "Feature",
      "geometry": {
        "type": "Point",
        "coordinates": [
          -117.141916,
          32.778028
        ]
      },
      "properties": {
        "cluster_id": 290,
        "center_lat": 32.778028,
        "center_lng": -117.141916,
        "radius_m": 547.786626,
        "radius_km": 0.54779,
        "start_date": "2024/10/30",
        "end_date": "2024/12/17",
        "start_year": 2024,
        "start_month": 10,
        "end_year": 2024,
        "end_month": 12,
        "duration_days": 48,
        "duration_weeks": 6.86,
        "observed_cases": 33,
        "expected_cases": 4.12,
        "excess_cases": 28.88,
        "obs_exp_ratio": 8.02,
        "llr": 39.806547,
        "p_value": 0.01,
        "is_high_rate": true,
        "is_hierarchical": true,
        "is_gini": false,
        "slider_value": 0.01,
        "n_case_points": 126,
        "cases_centroid_lat": 32.77719,
        "cases_centroid_lng": -117.141172,
        "center_to_case_centroid_km": 0.1163
      }
    },
    {
      "type": "Feature",
      "geometry": {
        "type": "Point",
        "coordinates": [
          -117.098412,
          32.790726
        ]
      },
      "properties": {
        "cluster_id": 291,
        "center_lat": 32.790726,
        "center_lng": -117.098412,
        "radius_m": 37.551907,
        "radius_km": 0.03755,
        "start_date": "2023/3/15",
        "end_date": "2023/4/25",
        "start_year": 2023,
        "start_month": 3,
        "end_year": 2023,
        "end_month": 4,
        "duration_days": 41,
        "duration_weeks": 5.86,
        "observed_cases": 21,
        "expected_cases": 1.24,
        "excess_cases": 19.76,
        "obs_exp_ratio": 16.9,
        "llr": 39.61854,
        "p_value": 0.01,
        "is_high_rate": true,
        "is_hierarchical": true,
        "is_gini": false,
        "slider_value": 0.01,
        "n_case_points": 37,
        "cases_centroid_lat": 32.790677,
        "cases_centroid_lng": -117.098417,
        "center_to_case_centroid_km": 0.0055
      }
    },
    {
      "type": "Feature",
      "geometry": {
        "type": "Point",
        "coordinates": [
          -117.215493,
          32.81136
        ]
      },
      "properties": {
        "cluster_id": 292,
        "center_lat": 32.81136,
        "center_lng": -117.215493,
        "radius_m": 505.175773,
        "radius_km": 0.50518,
        "start_date": "2023/1/18",
        "end_date": "2023/3/7",
        "start_year": 2023,
        "start_month": 1,
        "end_year": 2023,
        "end_month": 3,
        "duration_days": 48,
        "duration_weeks": 6.86,
        "observed_cases": 44,
        "expected_cases": 7.88,
        "excess_cases": 36.12,
        "obs_exp_ratio": 5.58,
        "llr": 39.554448,
        "p_value": 0.01,
        "is_high_rate": true,
        "is_hierarchical": true,
        "is_gini": false,
        "slider_value": 0.01,
        "n_case_points": 196,
        "cases_centroid_lat": 32.810845,
        "cases_centroid_lng": -117.217985,
        "center_to_case_centroid_km": 0.2398
      }
    },
    {
      "type": "Feature",
      "geometry": {
        "type": "Point",
        "coordinates": [
          -117.100426,
          32.75173
        ]
      },
      "properties": {
        "cluster_id": 293,
        "center_lat": 32.75173,
        "center_lng": -117.100426,
        "radius_m": 64.972365,
        "radius_km": 0.06497,
        "start_date": "2023/8/9",
        "end_date": "2023/10/10",
        "start_year": 2023,
        "start_month": 8,
        "end_year": 2023,
        "end_month": 10,
        "duration_days": 62,
        "duration_weeks": 8.86,
        "observed_cases": 26,
        "expected_cases": 2.28,
        "excess_cases": 23.72,
        "obs_exp_ratio": 11.38,
        "llr": 39.51999,
        "p_value": 0.01,
        "is_high_rate": true,
        "is_hierarchical": true,
        "is_gini": false,
        "slider_value": 0.01,
        "n_case_points": 27,
        "cases_centroid_lat": 32.751617,
        "cases_centroid_lng": -117.100435,
        "center_to_case_centroid_km": 0.0125
      }
    },
    {
      "type": "Feature",
      "geometry": {
        "type": "Point",
        "coordinates": [
          -117.156221,
          32.750022
        ]
      },
      "properties": {
        "cluster_id": 294,
        "center_lat": 32.750022,
        "center_lng": -117.156221,
        "radius_m": 21.777364,
        "radius_km": 0.02178,
        "start_date": "2022/6/1",
        "end_date": "2022/6/7",
        "start_year": 2022,
        "start_month": 6,
        "end_year": 2022,
        "end_month": 6,
        "duration_days": 6,
        "duration_weeks": 0.86,
        "observed_cases": 17,
        "expected_cases": 0.64,
        "excess_cases": 16.36,
        "obs_exp_ratio": 26.68,
        "llr": 39.463174,
        "p_value": 0.01,
        "is_high_rate": true,
        "is_hierarchical": true,
        "is_gini": false,
        "slider_value": 0.01,
        "n_case_points": 99,
        "cases_centroid_lat": 32.750042,
        "cases_centroid_lng": -117.156172,
        "center_to_case_centroid_km": 0.0051
      }
    },
    {
      "type": "Feature",
      "geometry": {
        "type": "Point",
        "coordinates": [
          -117.101398,
          32.754354
        ]
      },
      "properties": {
        "cluster_id": 295,
        "center_lat": 32.754354,
        "center_lng": -117.101398,
        "radius_m": 22.897164,
        "radius_km": 0.0229,
        "start_date": "2022/10/12",
        "end_date": "2022/11/8",
        "start_year": 2022,
        "start_month": 10,
        "end_year": 2022,
        "end_month": 11,
        "duration_days": 27,
        "duration_weeks": 3.86,
        "observed_cases": 14,
        "expected_cases": 0.32,
        "excess_cases": 13.68,
        "obs_exp_ratio": 44.04,
        "llr": 39.309088,
        "p_value": 0.01,
        "is_high_rate": true,
        "is_hierarchical": true,
        "is_gini": false,
        "slider_value": 0.01,
        "n_case_points": 14,
        "cases_centroid_lat": 32.754324,
        "cases_centroid_lng": -117.101399,
        "center_to_case_centroid_km": 0.0033
      }
    },
    {
      "type": "Feature",
      "geometry": {
        "type": "Point",
        "coordinates": [
          -117.156637,
          32.714587
        ]
      },
      "properties": {
        "cluster_id": 296,
        "center_lat": 32.714587,
        "center_lng": -117.156637,
        "radius_m": 4.855426,
        "radius_km": 0.00486,
        "start_date": "2022/11/16",
        "end_date": "2022/12/13",
        "start_year": 2022,
        "start_month": 11,
        "end_year": 2022,
        "end_month": 12,
        "duration_days": 27,
        "duration_weeks": 3.86,
        "observed_cases": 15,
        "expected_cases": 0.41,
        "excess_cases": 14.59,
        "obs_exp_ratio": 36.27,
        "llr": 39.278466,
        "p_value": 0.01,
        "is_high_rate": true,
        "is_hierarchical": true,
        "is_gini": false,
        "slider_value": 0.01,
        "n_case_points": 22,
        "cases_centroid_lat": 32.714586,
        "cases_centroid_lng": -117.156628,
        "center_to_case_centroid_km": 0.0009
      }
    },
    {
      "type": "Feature",
      "geometry": {
        "type": "Point",
        "coordinates": [
          -117.140437,
          32.764784
        ]
      },
      "properties": {
        "cluster_id": 297,
        "center_lat": 32.764784,
        "center_lng": -117.140437,
        "radius_m": 220.328131,
        "radius_km": 0.22033,
        "start_date": "2023/3/8",
        "end_date": "2023/3/28",
        "start_year": 2023,
        "start_month": 3,
        "end_year": 2023,
        "end_month": 3,
        "duration_days": 20,
        "duration_weeks": 2.86,
        "observed_cases": 18,
        "expected_cases": 0.78,
        "excess_cases": 17.22,
        "obs_exp_ratio": 22.97,
        "llr": 39.1992,
        "p_value": 0.01,
        "is_high_rate": true,
        "is_hierarchical": true,
        "is_gini": false,
        "slider_value": 0.01,
        "n_case_points": 48,
        "cases_centroid_lat": 32.764851,
        "cases_centroid_lng": -117.139232,
        "center_to_case_centroid_km": 0.113
      }
    },
    {
      "type": "Feature",
      "geometry": {
        "type": "Point",
        "coordinates": [
          -117.085348,
          32.740559
        ]
      },
      "properties": {
        "cluster_id": 298,
        "center_lat": 32.740559,
        "center_lng": -117.085348,
        "radius_m": 79.763839,
        "radius_km": 0.07976,
        "start_date": "2023/10/25",
        "end_date": "2023/11/21",
        "start_year": 2023,
        "start_month": 10,
        "end_year": 2023,
        "end_month": 11,
        "duration_days": 27,
        "duration_weeks": 3.86,
        "observed_cases": 20,
        "expected_cases": 1.1,
        "excess_cases": 18.9,
        "obs_exp_ratio": 18.23,
        "llr": 39.161797,
        "p_value": 0.01,
        "is_high_rate": true,
        "is_hierarchical": true,
        "is_gini": false,
        "slider_value": 0.01,
        "n_case_points": 33,
        "cases_centroid_lat": 32.74024,
        "cases_centroid_lng": -117.085212,
        "center_to_case_centroid_km": 0.0377
      }
    },
    {
      "type": "Feature",
      "geometry": {
        "type": "Point",
        "coordinates": [
          -117.15782,
          32.714722
        ]
      },
      "properties": {
        "cluster_id": 299,
        "center_lat": 32.714722,
        "center_lng": -117.15782,
        "radius_m": 18.53228,
        "radius_km": 0.01853,
        "start_date": "2022/8/24",
        "end_date": "2023/2/14",
        "start_year": 2022,
        "start_month": 8,
        "end_year": 2023,
        "end_month": 2,
        "duration_days": 174,
        "duration_weeks": 24.86,
        "observed_cases": 98,
        "expected_cases": 34.42,
        "excess_cases": 63.58,
        "obs_exp_ratio": 2.85,
        "llr": 38.971629,
        "p_value": 0.01,
        "is_high_rate": true,
        "is_hierarchical": true,
        "is_gini": false,
        "slider_value": 0.01,
        "n_case_points": 255,
        "cases_centroid_lat": 32.71471,
        "cases_centroid_lng": -117.15784,
        "center_to_case_centroid_km": 0.0023
      }
    },
    {
      "type": "Feature",
      "geometry": {
        "type": "Point",
        "coordinates": [
          -117.137365,
          32.712168
        ]
      },
      "properties": {
        "cluster_id": 300,
        "center_lat": 32.712168,
        "center_lng": -117.137365,
        "radius_m": 116.83258,
        "radius_km": 0.11683,
        "start_date": "2023/11/22",
        "end_date": "2023/12/26",
        "start_year": 2023,
        "start_month": 11,
        "end_year": 2023,
        "end_month": 12,
        "duration_days": 34,
        "duration_weeks": 4.86,
        "observed_cases": 23,
        "expected_cases": 1.68,
        "excess_cases": 21.32,
        "obs_exp_ratio": 13.69,
        "llr": 38.862803,
        "p_value": 0.01,
        "is_high_rate": true,
        "is_hierarchical": true,
        "is_gini": false,
        "slider_value": 0.01,
        "n_case_points": 49,
        "cases_centroid_lat": 32.712295,
        "cases_centroid_lng": -117.137803,
        "center_to_case_centroid_km": 0.0433
      }
    },
    {
      "type": "Feature",
      "geometry": {
        "type": "Point",
        "coordinates": [
          -117.072887,
          32.758322
        ]
      },
      "properties": {
        "cluster_id": 301,
        "center_lat": 32.758322,
        "center_lng": -117.072887,
        "radius_m": 69.393252,
        "radius_km": 0.06939,
        "start_date": "2022/7/13",
        "end_date": "2022/7/26",
        "start_year": 2022,
        "start_month": 7,
        "end_year": 2022,
        "end_month": 7,
        "duration_days": 13,
        "duration_weeks": 1.86,
        "observed_cases": 15,
        "expected_cases": 0.43,
        "excess_cases": 14.57,
        "obs_exp_ratio": 35.09,
        "llr": 38.797897,
        "p_value": 0.01,
        "is_high_rate": true,
        "is_hierarchical": true,
        "is_gini": false,
        "slider_value": 0.01,
        "n_case_points": 32,
        "cases_centroid_lat": 32.758856,
        "cases_centroid_lng": -117.072759,
        "center_to_case_centroid_km": 0.0606
      }
    },
    {
      "type": "Feature",
      "geometry": {
        "type": "Point",
        "coordinates": [
          -117.159455,
          32.723198
        ]
      },
      "properties": {
        "cluster_id": 302,
        "center_lat": 32.723198,
        "center_lng": -117.159455,
        "radius_m": 38.592566,
        "radius_km": 0.03859,
        "start_date": "2023/8/9",
        "end_date": "2023/8/22",
        "start_year": 2023,
        "start_month": 8,
        "end_year": 2023,
        "end_month": 8,
        "duration_days": 13,
        "duration_weeks": 1.86,
        "observed_cases": 27,
        "expected_cases": 2.61,
        "excess_cases": 24.39,
        "obs_exp_ratio": 10.34,
        "llr": 38.693823,
        "p_value": 0.01,
        "is_high_rate": true,
        "is_hierarchical": true,
        "is_gini": false,
        "slider_value": 0.01,
        "n_case_points": 136,
        "cases_centroid_lat": 32.723135,
        "cases_centroid_lng": -117.159383,
        "center_to_case_centroid_km": 0.0097
      }
    },
    {
      "type": "Feature",
      "geometry": {
        "type": "Point",
        "coordinates": [
          -117.250822,
          32.747325
        ]
      },
      "properties": {
        "cluster_id": 303,
        "center_lat": 32.747325,
        "center_lng": -117.250822,
        "radius_m": 40.022152,
        "radius_km": 0.04002,
        "start_date": "2024/4/3",
        "end_date": "2024/4/9",
        "start_year": 2024,
        "start_month": 4,
        "end_year": 2024,
        "end_month": 4,
        "duration_days": 6,
        "duration_weeks": 0.86,
        "observed_cases": 17,
        "expected_cases": 0.67,
        "excess_cases": 16.33,
        "obs_exp_ratio": 25.35,
        "llr": 38.629777,
        "p_value": 0.01,
        "is_high_rate": true,
        "is_hierarchical": true,
        "is_gini": false,
        "slider_value": 0.01,
        "n_case_points": 106,
        "cases_centroid_lat": 32.747158,
        "cases_centroid_lng": -117.250883,
        "center_to_case_centroid_km": 0.0194
      }
    },
    {
      "type": "Feature",
      "geometry": {
        "type": "Point",
        "coordinates": [
          -117.223778,
          32.871147
        ]
      },
      "properties": {
        "cluster_id": 304,
        "center_lat": 32.871147,
        "center_lng": -117.223778,
        "radius_m": 172.900518,
        "radius_km": 0.1729,
        "start_date": "2022/1/19",
        "end_date": "2022/2/8",
        "start_year": 2022,
        "start_month": 1,
        "end_year": 2022,
        "end_month": 2,
        "duration_days": 20,
        "duration_weeks": 2.86,
        "observed_cases": 13,
        "expected_cases": 0.25,
        "excess_cases": 12.75,
        "obs_exp_ratio": 51.89,
        "llr": 38.590064,
        "p_value": 0.01,
        "is_high_rate": true,
        "is_hierarchical": true,
        "is_gini": false,
        "slider_value": 0.01,
        "n_case_points": 14,
        "cases_centroid_lat": 32.871042,
        "cases_centroid_lng": -117.223549,
        "center_to_case_centroid_km": 0.0243
      }
    },
    {
      "type": "Feature",
      "geometry": {
        "type": "Point",
        "coordinates": [
          -117.151464,
          32.706192
        ]
      },
      "properties": {
        "cluster_id": 305,
        "center_lat": 32.706192,
        "center_lng": -117.151464,
        "radius_m": 63.975364,
        "radius_km": 0.06398,
        "start_date": "2024/5/22",
        "end_date": "2024/6/11",
        "start_year": 2024,
        "start_month": 5,
        "end_year": 2024,
        "end_month": 6,
        "duration_days": 20,
        "duration_weeks": 2.86,
        "observed_cases": 35,
        "expected_cases": 4.92,
        "excess_cases": 30.08,
        "obs_exp_ratio": 7.11,
        "llr": 38.582091,
        "p_value": 0.01,
        "is_high_rate": true,
        "is_hierarchical": true,
        "is_gini": false,
        "slider_value": 0.01,
        "n_case_points": 228,
        "cases_centroid_lat": 32.706295,
        "cases_centroid_lng": -117.151658,
        "center_to_case_centroid_km": 0.0215
      }
    },
    {
      "type": "Feature",
      "geometry": {
        "type": "Point",
        "coordinates": [
          -117.096817,
          32.759085
        ]
      },
      "properties": {
        "cluster_id": 306,
        "center_lat": 32.759085,
        "center_lng": -117.096817,
        "radius_m": 35.605296,
        "radius_km": 0.03561,
        "start_date": "2022/5/11",
        "end_date": "2022/6/14",
        "start_year": 2022,
        "start_month": 5,
        "end_year": 2022,
        "end_month": 6,
        "duration_days": 34,
        "duration_weeks": 4.86,
        "observed_cases": 16,
        "expected_cases": 0.55,
        "excess_cases": 15.45,
        "obs_exp_ratio": 28.99,
        "llr": 38.42578,
        "p_value": 0.01,
        "is_high_rate": true,
        "is_hierarchical": true,
        "is_gini": false,
        "slider_value": 0.01,
        "n_case_points": 17,
        "cases_centroid_lat": 32.759099,
        "cases_centroid_lng": -117.096981,
        "center_to_case_centroid_km": 0.0154
      }
    },
    {
      "type": "Feature",
      "geometry": {
        "type": "Point",
        "coordinates": [
          -117.096016,
          32.752539
        ]
      },
      "properties": {
        "cluster_id": 307,
        "center_lat": 32.752539,
        "center_lng": -117.096016,
        "radius_m": 59.781298,
        "radius_km": 0.05978,
        "start_date": "2023/1/25",
        "end_date": "2023/2/21",
        "start_year": 2023,
        "start_month": 1,
        "end_year": 2023,
        "end_month": 2,
        "duration_days": 27,
        "duration_weeks": 3.86,
        "observed_cases": 14,
        "expected_cases": 0.34,
        "excess_cases": 13.66,
        "obs_exp_ratio": 41.25,
        "llr": 38.414515,
        "p_value": 0.01,
        "is_high_rate": true,
        "is_hierarchical": true,
        "is_gini": false,
        "slider_value": 0.01,
        "n_case_points": 15,
        "cases_centroid_lat": 32.752525,
        "cases_centroid_lng": -117.095989,
        "center_to_case_centroid_km": 0.003
      }
    },
    {
      "type": "Feature",
      "geometry": {
        "type": "Point",
        "coordinates": [
          -117.138643,
          32.711693
        ]
      },
      "properties": {
        "cluster_id": 308,
        "center_lat": 32.711693,
        "center_lng": -117.138643,
        "radius_m": 24.532723,
        "radius_km": 0.02453,
        "start_date": "2022/6/1",
        "end_date": "2022/7/19",
        "start_year": 2022,
        "start_month": 6,
        "end_year": 2022,
        "end_month": 7,
        "duration_days": 48,
        "duration_weeks": 6.86,
        "observed_cases": 19,
        "expected_cases": 0.98,
        "excess_cases": 18.02,
        "obs_exp_ratio": 19.41,
        "llr": 38.331933,
        "p_value": 0.01,
        "is_high_rate": true,
        "is_hierarchical": true,
        "is_gini": false,
        "slider_value": 0.01,
        "n_case_points": 21,
        "cases_centroid_lat": 32.711694,
        "cases_centroid_lng": -117.138645,
        "center_to_case_centroid_km": 0.0003
      }
    },
    {
      "type": "Feature",
      "geometry": {
        "type": "Point",
        "coordinates": [
          -117.145024,
          32.706814
        ]
      },
      "properties": {
        "cluster_id": 309,
        "center_lat": 32.706814,
        "center_lng": -117.145024,
        "radius_m": 58.678212,
        "radius_km": 0.05868,
        "start_date": "2024/6/26",
        "end_date": "2024/9/3",
        "start_year": 2024,
        "start_month": 6,
        "end_year": 2024,
        "end_month": 9,
        "duration_days": 69,
        "duration_weeks": 9.86,
        "observed_cases": 24,
        "expected_cases": 1.94,
        "excess_cases": 22.06,
        "obs_exp_ratio": 12.37,
        "llr": 38.315887,
        "p_value": 0.01,
        "is_high_rate": true,
        "is_hierarchical": true,
        "is_gini": false,
        "slider_value": 0.01,
        "n_case_points": 29,
        "cases_centroid_lat": 32.706549,
        "cases_centroid_lng": -117.144838,
        "center_to_case_centroid_km": 0.0342
      }
    },
    {
      "type": "Feature",
      "geometry": {
        "type": "Point",
        "coordinates": [
          -117.060098,
          32.764112
        ]
      },
      "properties": {
        "cluster_id": 310,
        "center_lat": 32.764112,
        "center_lng": -117.060098,
        "radius_m": 51.045052,
        "radius_km": 0.05105,
        "start_date": "2023/3/8",
        "end_date": "2023/4/25",
        "start_year": 2023,
        "start_month": 3,
        "end_year": 2023,
        "end_month": 4,
        "duration_days": 48,
        "duration_weeks": 6.86,
        "observed_cases": 51,
        "expected_cases": 10.98,
        "excess_cases": 40.02,
        "obs_exp_ratio": 4.64,
        "llr": 38.297963,
        "p_value": 0.01,
        "is_high_rate": true,
        "is_hierarchical": true,
        "is_gini": false,
        "slider_value": 0.01,
        "n_case_points": 265,
        "cases_centroid_lat": 32.764027,
        "cases_centroid_lng": -117.059903,
        "center_to_case_centroid_km": 0.0205
      }
    },
    {
      "type": "Feature",
      "geometry": {
        "type": "Point",
        "coordinates": [
          -117.098546,
          32.785951
        ]
      },
      "properties": {
        "cluster_id": 311,
        "center_lat": 32.785951,
        "center_lng": -117.098546,
        "radius_m": 333.454264,
        "radius_km": 0.33345,
        "start_date": "2022/4/27",
        "end_date": "2022/5/24",
        "start_year": 2022,
        "start_month": 4,
        "end_year": 2022,
        "end_month": 5,
        "duration_days": 27,
        "duration_weeks": 3.86,
        "observed_cases": 37,
        "expected_cases": 5.63,
        "excess_cases": 31.37,
        "obs_exp_ratio": 6.57,
        "llr": 38.283111,
        "p_value": 0.01,
        "is_high_rate": true,
        "is_hierarchical": true,
        "is_gini": false,
        "slider_value": 0.01,
        "n_case_points": 207,
        "cases_centroid_lat": 32.786428,
        "cases_centroid_lng": -117.098024,
        "center_to_case_centroid_km": 0.0721
      }
    },
    {
      "type": "Feature",
      "geometry": {
        "type": "Point",
        "coordinates": [
          -117.24638,
          32.75414
        ]
      },
      "properties": {
        "cluster_id": 312,
        "center_lat": 32.75414,
        "center_lng": -117.24638,
        "radius_m": 30.324062,
        "radius_km": 0.03032,
        "start_date": "2022/7/13",
        "end_date": "2022/10/4",
        "start_year": 2022,
        "start_month": 7,
        "end_year": 2022,
        "end_month": 10,
        "duration_days": 83,
        "duration_weeks": 11.86,
        "observed_cases": 25,
        "expected_cases": 2.17,
        "excess_cases": 22.83,
        "obs_exp_ratio": 11.52,
        "llr": 38.264799,
        "p_value": 0.01,
        "is_high_rate": true,
        "is_hierarchical": true,
        "is_gini": false,
        "slider_value": 0.01,
        "n_case_points": 4,
        "cases_centroid_lat": 32.754129,
        "cases_centroid_lng": -117.246325,
        "center_to_case_centroid_km": 0.0053
      }
    },
    {
      "type": "Feature",
      "geometry": {
        "type": "Point",
        "coordinates": [
          -117.214357,
          32.757056
        ]
      },
      "properties": {
        "cluster_id": 313,
        "center_lat": 32.757056,
        "center_lng": -117.214357,
        "radius_m": 173.43017,
        "radius_km": 0.17343,
        "start_date": "2023/6/7",
        "end_date": "2023/6/27",
        "start_year": 2023,
        "start_month": 6,
        "end_year": 2023,
        "end_month": 6,
        "duration_days": 20,
        "duration_weeks": 2.86,
        "observed_cases": 51,
        "expected_cases": 11.04,
        "excess_cases": 39.96,
        "obs_exp_ratio": 4.62,
        "llr": 38.088946,
        "p_value": 0.01,
        "is_high_rate": true,
        "is_hierarchical": true,
        "is_gini": false,
        "slider_value": 0.01,
        "n_case_points": 377,
        "cases_centroid_lat": 32.757905,
        "cases_centroid_lng": -117.214449,
        "center_to_case_centroid_km": 0.0948
      }
    },
    {
      "type": "Feature",
      "geometry": {
        "type": "Point",
        "coordinates": [
          -117.140737,
          32.758568
        ]
      },
      "properties": {
        "cluster_id": 314,
        "center_lat": 32.758568,
        "center_lng": -117.140737,
        "radius_m": 453.361494,
        "radius_km": 0.45336,
        "start_date": "2023/3/1",
        "end_date": "2023/4/25",
        "start_year": 2023,
        "start_month": 3,
        "end_year": 2023,
        "end_month": 4,
        "duration_days": 55,
        "duration_weeks": 7.86,
        "observed_cases": 26,
        "expected_cases": 2.44,
        "excess_cases": 23.56,
        "obs_exp_ratio": 10.65,
        "llr": 37.95255,
        "p_value": 0.01,
        "is_high_rate": true,
        "is_hierarchical": true,
        "is_gini": false,
        "slider_value": 0.01,
        "n_case_points": 53,
        "cases_centroid_lat": 32.757046,
        "cases_centroid_lng": -117.140331,
        "center_to_case_centroid_km": 0.1734
      }
    },
    {
      "type": "Feature",
      "geometry": {
        "type": "Point",
        "coordinates": [
          -117.133368,
          32.746809
        ]
      },
      "properties": {
        "cluster_id": 315,
        "center_lat": 32.746809,
        "center_lng": -117.133368,
        "radius_m": 222.621823,
        "radius_km": 0.22262,
        "start_date": "2024/9/4",
        "end_date": "2024/12/24",
        "start_year": 2024,
        "start_month": 9,
        "end_year": 2024,
        "end_month": 12,
        "duration_days": 111,
        "duration_weeks": 15.86,
        "observed_cases": 30,
        "expected_cases": 3.5,
        "excess_cases": 26.5,
        "obs_exp_ratio": 8.56,
        "llr": 37.93396,
        "p_value": 0.01,
        "is_high_rate": true,
        "is_hierarchical": true,
        "is_gini": false,
        "slider_value": 0.01,
        "n_case_points": 45,
        "cases_centroid_lat": 32.747598,
        "cases_centroid_lng": -117.13266,
        "center_to_case_centroid_km": 0.1099
      }
    },
    {
      "type": "Feature",
      "geometry": {
        "type": "Point",
        "coordinates": [
          -117.156509,
          32.714887
        ]
      },
      "properties": {
        "cluster_id": 316,
        "center_lat": 32.714887,
        "center_lng": -117.156509,
        "radius_m": 18.855238,
        "radius_km": 0.01886,
        "start_date": "2022/6/22",
        "end_date": "2022/9/6",
        "start_year": 2022,
        "start_month": 6,
        "end_year": 2022,
        "end_month": 9,
        "duration_days": 76,
        "duration_weeks": 10.86,
        "observed_cases": 39,
        "expected_cases": 6.41,
        "excess_cases": 32.59,
        "obs_exp_ratio": 6.08,
        "llr": 37.840183,
        "p_value": 0.01,
        "is_high_rate": true,
        "is_hierarchical": true,
        "is_gini": false,
        "slider_value": 0.01,
        "n_case_points": 89,
        "cases_centroid_lat": 32.71491,
        "cases_centroid_lng": -117.156556,
        "center_to_case_centroid_km": 0.0051
      }
    },
    {
      "type": "Feature",
      "geometry": {
        "type": "Point",
        "coordinates": [
          -117.146798,
          32.707781
        ]
      },
      "properties": {
        "cluster_id": 317,
        "center_lat": 32.707781,
        "center_lng": -117.146798,
        "radius_m": 47.391363,
        "radius_km": 0.04739,
        "start_date": "2022/11/2",
        "end_date": "2022/11/29",
        "start_year": 2022,
        "start_month": 11,
        "end_year": 2022,
        "end_month": 11,
        "duration_days": 27,
        "duration_weeks": 3.86,
        "observed_cases": 40,
        "expected_cases": 6.8,
        "excess_cases": 33.2,
        "obs_exp_ratio": 5.88,
        "llr": 37.669999,
        "p_value": 0.01,
        "is_high_rate": true,
        "is_hierarchical": true,
        "is_gini": false,
        "slider_value": 0.01,
        "n_case_points": 299,
        "cases_centroid_lat": 32.707688,
        "cases_centroid_lng": -117.146754,
        "center_to_case_centroid_km": 0.0111
      }
    },
    {
      "type": "Feature",
      "geometry": {
        "type": "Point",
        "coordinates": [
          -117.069215,
          32.77075
        ]
      },
      "properties": {
        "cluster_id": 318,
        "center_lat": 32.77075,
        "center_lng": -117.069215,
        "radius_m": 1002.273631,
        "radius_km": 1.00227,
        "start_date": "2023/5/31",
        "end_date": "2023/6/13",
        "start_year": 2023,
        "start_month": 5,
        "end_year": 2023,
        "end_month": 6,
        "duration_days": 13,
        "duration_weeks": 1.86,
        "observed_cases": 48,
        "expected_cases": 9.95,
        "excess_cases": 38.05,
        "obs_exp_ratio": 4.82,
        "llr": 37.48033,
        "p_value": 0.01,
        "is_high_rate": true,
        "is_hierarchical": true,
        "is_gini": false,
        "slider_value": 0.01,
        "n_case_points": 650,
        "cases_centroid_lat": 32.763881,
        "cases_centroid_lng": -117.064653,
        "center_to_case_centroid_km": 0.8748
      }
    },
    {
      "type": "Feature",
      "geometry": {
        "type": "Point",
        "coordinates": [
          -117.106463,
          32.779669
        ]
      },
      "properties": {
        "cluster_id": 319,
        "center_lat": 32.779669,
        "center_lng": -117.106463,
        "radius_m": 273.597938,
        "radius_km": 0.2736,
        "start_date": "2024/11/13",
        "end_date": "2024/11/26",
        "start_year": 2024,
        "start_month": 11,
        "end_year": 2024,
        "end_month": 11,
        "duration_days": 13,
        "duration_weeks": 1.86,
        "observed_cases": 12,
        "expected_cases": 0.2,
        "excess_cases": 11.8,
        "obs_exp_ratio": 59.57,
        "llr": 37.247911,
        "p_value": 0.01,
        "is_high_rate": true,
        "is_hierarchical": true,
        "is_gini": false,
        "slider_value": 0.01,
        "n_case_points": 21,
        "cases_centroid_lat": 32.779467,
        "cases_centroid_lng": -117.105946,
        "center_to_case_centroid_km": 0.0533
      }
    },
    {
      "type": "Feature",
      "geometry": {
        "type": "Point",
        "coordinates": [
          -117.108673,
          32.755566
        ]
      },
      "properties": {
        "cluster_id": 320,
        "center_lat": 32.755566,
        "center_lng": -117.108673,
        "radius_m": 164.740594,
        "radius_km": 0.16474,
        "start_date": "2022/11/23",
        "end_date": "2022/12/6",
        "start_year": 2022,
        "start_month": 11,
        "end_year": 2022,
        "end_month": 12,
        "duration_days": 13,
        "duration_weeks": 1.86,
        "observed_cases": 24,
        "expected_cases": 2.04,
        "excess_cases": 21.96,
        "obs_exp_ratio": 11.75,
        "llr": 37.179756,
        "p_value": 0.01,
        "is_high_rate": true,
        "is_hierarchical": true,
        "is_gini": false,
        "slider_value": 0.01,
        "n_case_points": 201,
        "cases_centroid_lat": 32.755746,
        "cases_centroid_lng": -117.10934,
        "center_to_case_centroid_km": 0.0655
      }
    },
    {
      "type": "Feature",
      "geometry": {
        "type": "Point",
        "coordinates": [
          -117.208041,
          32.748937
        ]
      },
      "properties": {
        "cluster_id": 321,
        "center_lat": 32.748937,
        "center_lng": -117.208041,
        "radius_m": 7.738647,
        "radius_km": 0.00774,
        "start_date": "2023/4/12",
        "end_date": "2023/4/25",
        "start_year": 2023,
        "start_month": 4,
        "end_year": 2023,
        "end_month": 4,
        "duration_days": 13,
        "duration_weeks": 1.86,
        "observed_cases": 13,
        "expected_cases": 0.28,
        "excess_cases": 12.72,
        "obs_exp_ratio": 46.37,
        "llr": 37.158805,
        "p_value": 0.01,
        "is_high_rate": true,
        "is_hierarchical": true,
        "is_gini": false,
        "slider_value": 0.01,
        "n_case_points": 21,
        "cases_centroid_lat": 32.748956,
        "cases_centroid_lng": -117.208055,
        "center_to_case_centroid_km": 0.0025
      }
    },
    {
      "type": "Feature",
      "geometry": {
        "type": "Point",
        "coordinates": [
          -117.1524,
          32.71464
        ]
      },
      "properties": {
        "cluster_id": 322,
        "center_lat": 32.71464,
        "center_lng": -117.1524,
        "radius_m": 6.523694,
        "radius_km": 0.00652,
        "start_date": "2024/9/18",
        "end_date": "2024/10/8",
        "start_year": 2024,
        "start_month": 9,
        "end_year": 2024,
        "end_month": 10,
        "duration_days": 20,
        "duration_weeks": 2.86,
        "observed_cases": 27,
        "expected_cases": 2.79,
        "excess_cases": 24.21,
        "obs_exp_ratio": 9.68,
        "llr": 37.076909,
        "p_value": 0.01,
        "is_high_rate": true,
        "is_hierarchical": true,
        "is_gini": false,
        "slider_value": 0.01,
        "n_case_points": 161,
        "cases_centroid_lat": 32.71462,
        "cases_centroid_lng": -117.152404,
        "center_to_case_centroid_km": 0.0022
      }
    },
    {
      "type": "Feature",
      "geometry": {
        "type": "Point",
        "coordinates": [
          -117.156915,
          32.733645
        ]
      },
      "properties": {
        "cluster_id": 323,
        "center_lat": 32.733645,
        "center_lng": -117.156915,
        "radius_m": 97.541532,
        "radius_km": 0.09754,
        "start_date": "2024/7/17",
        "end_date": "2024/9/17",
        "start_year": 2024,
        "start_month": 7,
        "end_year": 2024,
        "end_month": 9,
        "duration_days": 62,
        "duration_weeks": 8.86,
        "observed_cases": 31,
        "expected_cases": 3.91,
        "excess_cases": 27.09,
        "obs_exp_ratio": 7.92,
        "llr": 37.073702,
        "p_value": 0.01,
        "is_high_rate": true,
        "is_hierarchical": true,
        "is_gini": false,
        "slider_value": 0.01,
        "n_case_points": 68,
        "cases_centroid_lat": 32.733402,
        "cases_centroid_lng": -117.157006,
        "center_to_case_centroid_km": 0.0284
      }
    },
    {
      "type": "Feature",
      "geometry": {
        "type": "Point",
        "coordinates": [
          -117.145394,
          32.711675
        ]
      },
      "properties": {
        "cluster_id": 324,
        "center_lat": 32.711675,
        "center_lng": -117.145394,
        "radius_m": 152.48663,
        "radius_km": 0.15249,
        "start_date": "2024/3/27",
        "end_date": "2024/5/28",
        "start_year": 2024,
        "start_month": 3,
        "end_year": 2024,
        "end_month": 5,
        "duration_days": 62,
        "duration_weeks": 8.86,
        "observed_cases": 70,
        "expected_cases": 20.32,
        "excess_cases": 49.68,
        "obs_exp_ratio": 3.45,
        "llr": 36.92418,
        "p_value": 0.01,
        "is_high_rate": true,
        "is_hierarchical": true,
        "is_gini": false,
        "slider_value": 0.01,
        "n_case_points": 324,
        "cases_centroid_lat": 32.712387,
        "cases_centroid_lng": -117.145721,
        "center_to_case_centroid_km": 0.0849
      }
    },
    {
      "type": "Feature",
      "geometry": {
        "type": "Point",
        "coordinates": [
          -117.148299,
          32.722657
        ]
      },
      "properties": {
        "cluster_id": 325,
        "center_lat": 32.722657,
        "center_lng": -117.148299,
        "radius_m": 364.818278,
        "radius_km": 0.36482,
        "start_date": "2024/3/6",
        "end_date": "2024/7/16",
        "start_year": 2024,
        "start_month": 3,
        "end_year": 2024,
        "end_month": 7,
        "duration_days": 132,
        "duration_weeks": 18.86,
        "observed_cases": 74,
        "expected_cases": 22.37,
        "excess_cases": 51.63,
        "obs_exp_ratio": 3.31,
        "llr": 36.920181,
        "p_value": 0.01,
        "is_high_rate": true,
        "is_hierarchical": true,
        "is_gini": false,
        "slider_value": 0.01,
        "n_case_points": 182,
        "cases_centroid_lat": 32.720641,
        "cases_centroid_lng": -117.147624,
        "center_to_case_centroid_km": 0.2329
      }
    },
    {
      "type": "Feature",
      "geometry": {
        "type": "Point",
        "coordinates": [
          -117.149456,
          32.709354
        ]
      },
      "properties": {
        "cluster_id": 326,
        "center_lat": 32.709354,
        "center_lng": -117.149456,
        "radius_m": 6.920904,
        "radius_km": 0.00692,
        "start_date": "2022/7/27",
        "end_date": "2022/8/2",
        "start_year": 2022,
        "start_month": 7,
        "end_year": 2022,
        "end_month": 8,
        "duration_days": 6,
        "duration_weeks": 0.86,
        "observed_cases": 11,
        "expected_cases": 0.14,
        "excess_cases": 10.86,
        "obs_exp_ratio": 76.88,
        "llr": 36.908225,
        "p_value": 0.01,
        "is_high_rate": true,
        "is_hierarchical": true,
        "is_gini": false,
        "slider_value": 0.01,
        "n_case_points": 10,
        "cases_centroid_lat": 32.709352,
        "cases_centroid_lng": -117.149436,
        "center_to_case_centroid_km": 0.0019
      }
    },
    {
      "type": "Feature",
      "geometry": {
        "type": "Point",
        "coordinates": [
          -117.152432,
          32.708279
        ]
      },
      "properties": {
        "cluster_id": 327,
        "center_lat": 32.708279,
        "center_lng": -117.152432,
        "radius_m": 17.069717,
        "radius_km": 0.01707,
        "start_date": "2024/1/3",
        "end_date": "2024/2/27",
        "start_year": 2024,
        "start_month": 1,
        "end_year": 2024,
        "end_month": 2,
        "duration_days": 55,
        "duration_weeks": 7.86,
        "observed_cases": 46,
        "expected_cases": 9.34,
        "excess_cases": 36.66,
        "obs_exp_ratio": 4.93,
        "llr": 36.687916,
        "p_value": 0.01,
        "is_high_rate": true,
        "is_hierarchical": true,
        "is_gini": false,
        "slider_value": 0.01,
        "n_case_points": 136,
        "cases_centroid_lat": 32.708319,
        "cases_centroid_lng": -117.152407,
        "center_to_case_centroid_km": 0.005
      }
    },
    {
      "type": "Feature",
      "geometry": {
        "type": "Point",
        "coordinates": [
          -117.157124,
          32.758889
        ]
      },
      "properties": {
        "cluster_id": 328,
        "center_lat": 32.758889,
        "center_lng": -117.157124,
        "radius_m": 401.411273,
        "radius_km": 0.40141,
        "start_date": "2023/2/1",
        "end_date": "2023/3/21",
        "start_year": 2023,
        "start_month": 2,
        "end_year": 2023,
        "end_month": 3,
        "duration_days": 48,
        "duration_weeks": 6.86,
        "observed_cases": 20,
        "expected_cases": 1.26,
        "excess_cases": 18.74,
        "obs_exp_ratio": 15.9,
        "llr": 36.580366,
        "p_value": 0.01,
        "is_high_rate": true,
        "is_hierarchical": true,
        "is_gini": false,
        "slider_value": 0.01,
        "n_case_points": 29,
        "cases_centroid_lat": 32.758249,
        "cases_centroid_lng": -117.157902,
        "center_to_case_centroid_km": 0.1017
      }
    },
    {
      "type": "Feature",
      "geometry": {
        "type": "Point",
        "coordinates": [
          -117.12529,
          32.694242
        ]
      },
      "properties": {
        "cluster_id": 329,
        "center_lat": 32.694242,
        "center_lng": -117.12529,
        "radius_m": 54.214296,
        "radius_km": 0.05421,
        "start_date": "2023/9/20",
        "end_date": "2024/1/9",
        "start_year": 2023,
        "start_month": 9,
        "end_year": 2024,
        "end_month": 1,
        "duration_days": 111,
        "duration_weeks": 15.86,
        "observed_cases": 42,
        "expected_cases": 7.83,
        "excess_cases": 34.17,
        "obs_exp_ratio": 5.36,
        "llr": 36.369256,
        "p_value": 0.01,
        "is_high_rate": true,
        "is_hierarchical": true,
        "is_gini": false,
        "slider_value": 0.01,
        "n_case_points": 63,
        "cases_centroid_lat": 32.694207,
        "cases_centroid_lng": -117.125308,
        "center_to_case_centroid_km": 0.0043
      }
    },
    {
      "type": "Feature",
      "geometry": {
        "type": "Point",
        "coordinates": [
          -117.163393,
          32.720848
        ]
      },
      "properties": {
        "cluster_id": 330,
        "center_lat": 32.720848,
        "center_lng": -117.163393,
        "radius_m": 26.99109,
        "radius_km": 0.02699,
        "start_date": "2023/9/27",
        "end_date": "2023/10/3",
        "start_year": 2023,
        "start_month": 9,
        "end_year": 2023,
        "end_month": 10,
        "duration_days": 6,
        "duration_weeks": 0.86,
        "observed_cases": 17,
        "expected_cases": 0.78,
        "excess_cases": 16.22,
        "obs_exp_ratio": 21.93,
        "llr": 36.273483,
        "p_value": 0.01,
        "is_high_rate": true,
        "is_hierarchical": true,
        "is_gini": false,
        "slider_value": 0.01,
        "n_case_points": 89,
        "cases_centroid_lat": 32.72085,
        "cases_centroid_lng": -117.16336,
        "center_to_case_centroid_km": 0.0031
      }
    },
    {
      "type": "Feature",
      "geometry": {
        "type": "Point",
        "coordinates": [
          -117.145885,
          32.89669
        ]
      },
      "properties": {
        "cluster_id": 331,
        "center_lat": 32.89669,
        "center_lng": -117.145885,
        "radius_m": 455.020167,
        "radius_km": 0.45502,
        "start_date": "2024/10/16",
        "end_date": "2024/11/12",
        "start_year": 2024,
        "start_month": 10,
        "end_year": 2024,
        "end_month": 11,
        "duration_days": 27,
        "duration_weeks": 3.86,
        "observed_cases": 20,
        "expected_cases": 1.28,
        "excess_cases": 18.72,
        "obs_exp_ratio": 15.63,
        "llr": 36.266569,
        "p_value": 0.01,
        "is_high_rate": true,
        "is_hierarchical": true,
        "is_gini": false,
        "slider_value": 0.01,
        "n_case_points": 62,
        "cases_centroid_lat": 32.896693,
        "cases_centroid_lng": -117.146388,
        "center_to_case_centroid_km": 0.047
      }
    },
    {
      "type": "Feature",
      "geometry": {
        "type": "Point",
        "coordinates": [
          -117.115709,
          32.745216
        ]
      },
      "properties": {
        "cluster_id": 332,
        "center_lat": 32.745216,
        "center_lng": -117.115709,
        "radius_m": 388.229189,
        "radius_km": 0.38823,
        "start_date": "2022/1/1",
        "end_date": "2022/8/30",
        "start_year": 2022,
        "start_month": 1,
        "end_year": 2022,
        "end_month": 8,
        "duration_days": 241,
        "duration_weeks": 34.43,
        "observed_cases": 157,
        "expected_cases": 73.05,
        "excess_cases": 83.95,
        "obs_exp_ratio": 2.15,
        "llr": 36.205574,
        "p_value": 0.01,
        "is_high_rate": true,
        "is_hierarchical": true,
        "is_gini": false,
        "slider_value": 0.01,
        "n_case_points": 337,
        "cases_centroid_lat": 32.744755,
        "cases_centroid_lng": -117.116784,
        "center_to_case_centroid_km": 0.1129
      }
    },
    {
      "type": "Feature",
      "geometry": {
        "type": "Point",
        "coordinates": [
          -117.143945,
          32.718468
        ]
      },
      "properties": {
        "cluster_id": 333,
        "center_lat": 32.718468,
        "center_lng": -117.143945,
        "radius_m": 329.441511,
        "radius_km": 0.32944,
        "start_date": "2023/12/13",
        "end_date": "2024/1/23",
        "start_year": 2023,
        "start_month": 12,
        "end_year": 2024,
        "end_month": 1,
        "duration_days": 41,
        "duration_weeks": 5.86,
        "observed_cases": 56,
        "expected_cases": 13.89,
        "excess_cases": 42.11,
        "obs_exp_ratio": 4.03,
        "llr": 35.983375,
        "p_value": 0.01,
        "is_high_rate": true,
        "is_hierarchical": true,
        "is_gini": false,
        "slider_value": 0.01,
        "n_case_points": 345,
        "cases_centroid_lat": 32.718793,
        "cases_centroid_lng": -117.14539,
        "center_to_case_centroid_km": 0.1399
      }
    },
    {
      "type": "Feature",
      "geometry": {
        "type": "Point",
        "coordinates": [
          -117.154089,
          32.708277
        ]
      },
      "properties": {
        "cluster_id": 334,
        "center_lat": 32.708277,
        "center_lng": -117.154089,
        "radius_m": 15.330455,
        "radius_km": 0.01533,
        "start_date": "2023/10/25",
        "end_date": "2023/11/7",
        "start_year": 2023,
        "start_month": 10,
        "end_year": 2023,
        "end_month": 11,
        "duration_days": 13,
        "duration_weeks": 1.86,
        "observed_cases": 24,
        "expected_cases": 2.17,
        "excess_cases": 21.83,
        "obs_exp_ratio": 11.09,
        "llr": 35.901882,
        "p_value": 0.01,
        "is_high_rate": true,
        "is_hierarchical": true,
        "is_gini": false,
        "slider_value": 0.01,
        "n_case_points": 138,
        "cases_centroid_lat": 32.708258,
        "cases_centroid_lng": -117.154076,
        "center_to_case_centroid_km": 0.0024
      }
    },
    {
      "type": "Feature",
      "geometry": {
        "type": "Point",
        "coordinates": [
          -117.250694,
          32.793945
        ]
      },
      "properties": {
        "cluster_id": 335,
        "center_lat": 32.793945,
        "center_lng": -117.250694,
        "radius_m": 81.079228,
        "radius_km": 0.08108,
        "start_date": "2024/1/3",
        "end_date": "2024/8/6",
        "start_year": 2024,
        "start_month": 1,
        "end_year": 2024,
        "end_month": 8,
        "duration_days": 216,
        "duration_weeks": 30.86,
        "observed_cases": 65,
        "expected_cases": 18.28,
        "excess_cases": 46.72,
        "obs_exp_ratio": 3.56,
        "llr": 35.740378,
        "p_value": 0.01,
        "is_high_rate": true,
        "is_hierarchical": true,
        "is_gini": false,
        "slider_value": 0.01,
        "n_case_points": 75,
        "cases_centroid_lat": 32.794053,
        "cases_centroid_lng": -117.250494,
        "center_to_case_centroid_km": 0.0222
      }
    },
    {
      "type": "Feature",
      "geometry": {
        "type": "Point",
        "coordinates": [
          -117.146219,
          32.738169
        ]
      },
      "properties": {
        "cluster_id": 336,
        "center_lat": 32.738169,
        "center_lng": -117.146219,
        "radius_m": 163.794113,
        "radius_km": 0.16379,
        "start_date": "2022/1/1",
        "end_date": "2022/3/29",
        "start_year": 2022,
        "start_month": 1,
        "end_year": 2022,
        "end_month": 3,
        "duration_days": 87,
        "duration_weeks": 12.43,
        "observed_cases": 46,
        "expected_cases": 9.59,
        "excess_cases": 36.41,
        "obs_exp_ratio": 4.8,
        "llr": 35.709891,
        "p_value": 0.01,
        "is_high_rate": true,
        "is_hierarchical": true,
        "is_gini": false,
        "slider_value": 0.01,
        "n_case_points": 139,
        "cases_centroid_lat": 32.738612,
        "cases_centroid_lng": -117.146074,
        "center_to_case_centroid_km": 0.0511
      }
    },
    {
      "type": "Feature",
      "geometry": {
        "type": "Point",
        "coordinates": [
          -117.154186,
          32.717217
        ]
      },
      "properties": {
        "cluster_id": 337,
        "center_lat": 32.717217,
        "center_lng": -117.154186,
        "radius_m": 15.473409,
        "radius_km": 0.01547,
        "start_date": "2023/10/4",
        "end_date": "2023/10/31",
        "start_year": 2023,
        "start_month": 10,
        "end_year": 2023,
        "end_month": 10,
        "duration_days": 27,
        "duration_weeks": 3.86,
        "observed_cases": 22,
        "expected_cases": 1.74,
        "excess_cases": 20.26,
        "obs_exp_ratio": 12.67,
        "llr": 35.59444,
        "p_value": 0.01,
        "is_high_rate": true,
        "is_hierarchical": true,
        "is_gini": false,
        "slider_value": 0.01,
        "n_case_points": 1,
        "cases_centroid_lat": 32.717217,
        "cases_centroid_lng": -117.154186,
        "center_to_case_centroid_km": 0.0
      }
    },
    {
      "type": "Feature",
      "geometry": {
        "type": "Point",
        "coordinates": [
          -117.158666,
          32.745035
        ]
      },
      "properties": {
        "cluster_id": 338,
        "center_lat": 32.745035,
        "center_lng": -117.158666,
        "radius_m": 26.784886,
        "radius_km": 0.02678,
        "start_date": "2024/1/3",
        "end_date": "2024/1/30",
        "start_year": 2024,
        "start_month": 1,
        "end_year": 2024,
        "end_month": 1,
        "duration_days": 27,
        "duration_weeks": 3.86,
        "observed_cases": 18,
        "expected_cases": 0.97,
        "excess_cases": 17.03,
        "obs_exp_ratio": 18.5,
        "llr": 35.49513,
        "p_value": 0.01,
        "is_high_rate": true,
        "is_hierarchical": true,
        "is_gini": false,
        "slider_value": 0.01,
        "n_case_points": 26,
        "cases_centroid_lat": 32.745183,
        "cases_centroid_lng": -117.158716,
        "center_to_case_centroid_km": 0.0171
      }
    },
    {
      "type": "Feature",
      "geometry": {
        "type": "Point",
        "coordinates": [
          -117.011988,
          32.801608
        ]
      },
      "properties": {
        "cluster_id": 339,
        "center_lat": 32.801608,
        "center_lng": -117.011988,
        "radius_m": 51.332201,
        "radius_km": 0.05133,
        "start_date": "2022/1/1",
        "end_date": "2022/1/18",
        "start_year": 2022,
        "start_month": 1,
        "end_year": 2022,
        "end_month": 1,
        "duration_days": 17,
        "duration_weeks": 2.43,
        "observed_cases": 11,
        "expected_cases": 0.16,
        "excess_cases": 10.84,
        "obs_exp_ratio": 67.42,
        "llr": 35.483609,
        "p_value": 0.01,
        "is_high_rate": true,
        "is_hierarchical": true,
        "is_gini": false,
        "slider_value": 0.01,
        "n_case_points": 7,
        "cases_centroid_lat": 32.801313,
        "cases_centroid_lng": -117.011979,
        "center_to_case_centroid_km": 0.0328
      }
    },
    {
      "type": "Feature",
      "geometry": {
        "type": "Point",
        "coordinates": [
          -117.203504,
          32.756235
        ]
      },
      "properties": {
        "cluster_id": 340,
        "center_lat": 32.756235,
        "center_lng": -117.203504,
        "radius_m": 124.003305,
        "radius_km": 0.124,
        "start_date": "2024/5/15",
        "end_date": "2024/7/23",
        "start_year": 2024,
        "start_month": 5,
        "end_year": 2024,
        "end_month": 7,
        "duration_days": 69,
        "duration_weeks": 9.86,
        "observed_cases": 32,
        "expected_cases": 4.48,
        "excess_cases": 27.52,
        "obs_exp_ratio": 7.14,
        "llr": 35.375425,
        "p_value": 0.01,
        "is_high_rate": true,
        "is_hierarchical": true,
        "is_gini": false,
        "slider_value": 0.01,
        "n_case_points": 68,
        "cases_centroid_lat": 32.756303,
        "cases_centroid_lng": -117.204029,
        "center_to_case_centroid_km": 0.0496
      }
    },
    {
      "type": "Feature",
      "geometry": {
        "type": "Point",
        "coordinates": [
          -117.206769,
          32.75518
        ]
      },
      "properties": {
        "cluster_id": 341,
        "center_lat": 32.75518,
        "center_lng": -117.206769,
        "radius_m": 153.032195,
        "radius_km": 0.15303,
        "start_date": "2023/2/15",
        "end_date": "2023/4/4",
        "start_year": 2023,
        "start_month": 2,
        "end_year": 2023,
        "end_month": 4,
        "duration_days": 48,
        "duration_weeks": 6.86,
        "observed_cases": 35,
        "expected_cases": 5.53,
        "excess_cases": 29.47,
        "obs_exp_ratio": 6.33,
        "llr": 35.123096,
        "p_value": 0.01,
        "is_high_rate": true,
        "is_hierarchical": true,
        "is_gini": false,
        "slider_value": 0.01,
        "n_case_points": 143,
        "cases_centroid_lat": 32.755305,
        "cases_centroid_lng": -117.206053,
        "center_to_case_centroid_km": 0.0684
      }
    },
    {
      "type": "Feature",
      "geometry": {
        "type": "Point",
        "coordinates": [
          -117.226875,
          32.796836
        ]
      },
      "properties": {
        "cluster_id": 342,
        "center_lat": 32.796836,
        "center_lng": -117.226875,
        "radius_m": 305.422188,
        "radius_km": 0.30542,
        "start_date": "2023/3/8",
        "end_date": "2023/4/4",
        "start_year": 2023,
        "start_month": 3,
        "end_year": 2023,
        "end_month": 4,
        "duration_days": 27,
        "duration_weeks": 3.86,
        "observed_cases": 16,
        "expected_cases": 0.69,
        "excess_cases": 15.31,
        "obs_exp_ratio": 23.32,
        "llr": 35.077086,
        "p_value": 0.01,
        "is_high_rate": true,
        "is_hierarchical": true,
        "is_gini": false,
        "slider_value": 0.01,
        "n_case_points": 33,
        "cases_centroid_lat": 32.796571,
        "cases_centroid_lng": -117.228222,
        "center_to_case_centroid_km": 0.1293
      }
    },
    {
      "type": "Feature",
      "geometry": {
        "type": "Point",
        "coordinates": [
          -117.079122,
          32.744207
        ]
      },
      "properties": {
        "cluster_id": 343,
        "center_lat": 32.744207,
        "center_lng": -117.079122,
        "radius_m": 38.449966,
        "radius_km": 0.03845,
        "start_date": "2022/9/28",
        "end_date": "2023/1/10",
        "start_year": 2022,
        "start_month": 9,
        "end_year": 2023,
        "end_month": 1,
        "duration_days": 104,
        "duration_weeks": 14.86,
        "observed_cases": 22,
        "expected_cases": 1.79,
        "excess_cases": 20.21,
        "obs_exp_ratio": 12.28,
        "llr": 34.974845,
        "p_value": 0.01,
        "is_high_rate": true,
        "is_hierarchical": true,
        "is_gini": false,
        "slider_value": 0.01,
        "n_case_points": 24,
        "cases_centroid_lat": 32.74426,
        "cases_centroid_lng": -117.079273,
        "center_to_case_centroid_km": 0.0153
      }
    },
    {
      "type": "Feature",
      "geometry": {
        "type": "Point",
        "coordinates": [
          -117.159602,
          32.748728
        ]
      },
      "properties": {
        "cluster_id": 344,
        "center_lat": 32.748728,
        "center_lng": -117.159602,
        "radius_m": 30.263492,
        "radius_km": 0.03026,
        "start_date": "2024/6/26",
        "end_date": "2024/10/8",
        "start_year": 2024,
        "start_month": 6,
        "end_year": 2024,
        "end_month": 10,
        "duration_days": 104,
        "duration_weeks": 14.86,
        "observed_cases": 34,
        "expected_cases": 5.22,
        "excess_cases": 28.78,
        "obs_exp_ratio": 6.52,
        "llr": 34.95246,
        "p_value": 0.01,
        "is_high_rate": true,
        "is_hierarchical": true,
        "is_gini": false,
        "slider_value": 0.01,
        "n_case_points": 57,
        "cases_centroid_lat": 32.748593,
        "cases_centroid_lng": -117.159448,
        "center_to_case_centroid_km": 0.0208
      }
    },
    {
      "type": "Feature",
      "geometry": {
        "type": "Point",
        "coordinates": [
          -117.149712,
          32.710268
        ]
      },
      "properties": {
        "cluster_id": 345,
        "center_lat": 32.710268,
        "center_lng": -117.149712,
        "radius_m": 37.762988,
        "radius_km": 0.03776,
        "start_date": "2022/12/28",
        "end_date": "2023/4/18",
        "start_year": 2022,
        "start_month": 12,
        "end_year": 2023,
        "end_month": 4,
        "duration_days": 111,
        "duration_weeks": 15.86,
        "observed_cases": 78,
        "expected_cases": 25.41,
        "excess_cases": 52.59,
        "obs_exp_ratio": 3.07,
        "llr": 34.912987,
        "p_value": 0.01,
        "is_high_rate": true,
        "is_hierarchical": true,
        "is_gini": false,
        "slider_value": 0.01,
        "n_case_points": 294,
        "cases_centroid_lat": 32.710449,
        "cases_centroid_lng": -117.149674,
        "center_to_case_centroid_km": 0.0204
      }
    },
    {
      "type": "Feature",
      "geometry": {
        "type": "Point",
        "coordinates": [
          -117.110755,
          32.762282
        ]
      },
      "properties": {
        "cluster_id": 346,
        "center_lat": 32.762282,
        "center_lng": -117.110755,
        "radius_m": 47.235775,
        "radius_km": 0.04724,
        "start_date": "2022/6/29",
        "end_date": "2022/8/9",
        "start_year": 2022,
        "start_month": 6,
        "end_year": 2022,
        "end_month": 8,
        "duration_days": 41,
        "duration_weeks": 5.86,
        "observed_cases": 29,
        "expected_cases": 3.63,
        "excess_cases": 25.37,
        "obs_exp_ratio": 7.98,
        "llr": 34.872567,
        "p_value": 0.01,
        "is_high_rate": true,
        "is_hierarchical": true,
        "is_gini": false,
        "slider_value": 0.01,
        "n_case_points": 78,
        "cases_centroid_lat": 32.762252,
        "cases_centroid_lng": -117.110771,
        "center_to_case_centroid_km": 0.0037
      }
    },
    {
      "type": "Feature",
      "geometry": {
        "type": "Point",
        "coordinates": [
          -117.233294,
          32.801107
        ]
      },
      "properties": {
        "cluster_id": 347,
        "center_lat": 32.801107,
        "center_lng": -117.233294,
        "radius_m": 114.915007,
        "radius_km": 0.11492,
        "start_date": "2022/11/2",
        "end_date": "2022/12/13",
        "start_year": 2022,
        "start_month": 11,
        "end_year": 2022,
        "end_month": 12,
        "duration_days": 41,
        "duration_weeks": 5.86,
        "observed_cases": 15,
        "expected_cases": 0.56,
        "excess_cases": 14.44,
        "obs_exp_ratio": 26.73,
        "llr": 34.851068,
        "p_value": 0.01,
        "is_high_rate": true,
        "is_hierarchical": true,
        "is_gini": false,
        "slider_value": 0.01,
        "n_case_points": 18,
        "cases_centroid_lat": 32.801021,
        "cases_centroid_lng": -117.233422,
        "center_to_case_centroid_km": 0.0153
      }
    },
    {
      "type": "Feature",
      "geometry": {
        "type": "Point",
        "coordinates": [
          -117.160232,
          32.744408
        ]
      },
      "properties": {
        "cluster_id": 348,
        "center_lat": 32.744408,
        "center_lng": -117.160232,
        "radius_m": 61.541471,
        "radius_km": 0.06154,
        "start_date": "2023/5/10",
        "end_date": "2023/5/16",
        "start_year": 2023,
        "start_month": 5,
        "end_year": 2023,
        "end_month": 5,
        "duration_days": 6,
        "duration_weeks": 0.86,
        "observed_cases": 12,
        "expected_cases": 0.25,
        "excess_cases": 11.75,
        "obs_exp_ratio": 48.29,
        "llr": 34.775295,
        "p_value": 0.01,
        "is_high_rate": true,
        "is_hierarchical": true,
        "is_gini": false,
        "slider_value": 0.01,
        "n_case_points": 28,
        "cases_centroid_lat": 32.744342,
        "cases_centroid_lng": -117.160262,
        "center_to_case_centroid_km": 0.0079
      }
    },
    {
      "type": "Feature",
      "geometry": {
        "type": "Point",
        "coordinates": [
          -117.156775,
          32.765268
        ]
      },
      "properties": {
        "cluster_id": 349,
        "center_lat": 32.765268,
        "center_lng": -117.156775,
        "radius_m": 162.30571,
        "radius_km": 0.16231,
        "start_date": "2023/9/13",
        "end_date": "2023/10/31",
        "start_year": 2023,
        "start_month": 9,
        "end_year": 2023,
        "end_month": 10,
        "duration_days": 48,
        "duration_weeks": 6.86,
        "observed_cases": 25,
        "expected_cases": 2.54,
        "excess_cases": 22.46,
        "obs_exp_ratio": 9.84,
        "llr": 34.712774,
        "p_value": 0.01,
        "is_high_rate": true,
        "is_hierarchical": true,
        "is_gini": false,
        "slider_value": 0.01,
        "n_case_points": 42,
        "cases_centroid_lat": 32.765376,
        "cases_centroid_lng": -117.156007,
        "center_to_case_centroid_km": 0.0728
      }
    },
    {
      "type": "Feature",
      "geometry": {
        "type": "Point",
        "coordinates": [
          -117.038073,
          32.72037
        ]
      },
      "properties": {
        "cluster_id": 350,
        "center_lat": 32.72037,
        "center_lng": -117.038073,
        "radius_m": 2539.693032,
        "radius_km": 2.53969,
        "start_date": "2022/10/5",
        "end_date": "2023/5/2",
        "start_year": 2022,
        "start_month": 10,
        "end_year": 2023,
        "end_month": 5,
        "duration_days": 209,
        "duration_weeks": 29.86,
        "observed_cases": 99,
        "expected_cases": 37.82,
        "excess_cases": 61.18,
        "obs_exp_ratio": 2.62,
        "llr": 34.099708,
        "p_value": 0.01,
        "is_high_rate": true,
        "is_hierarchical": true,
        "is_gini": false,
        "slider_value": 0.01,
        "n_case_points": 226,
        "cases_centroid_lat": 32.711182,
        "cases_centroid_lng": -117.045157,
        "center_to_case_centroid_km": 1.2178
      }
    },
    {
      "type": "Feature",
      "geometry": {
        "type": "Point",
        "coordinates": [
          -117.12305,
          32.74844
        ]
      },
      "properties": {
        "cluster_id": 351,
        "center_lat": 32.74844,
        "center_lng": -117.12305,
        "radius_m": 8.43748,
        "radius_km": 0.00844,
        "start_date": "2022/6/8",
        "end_date": "2022/6/28",
        "start_year": 2022,
        "start_month": 6,
        "end_year": 2022,
        "end_month": 6,
        "duration_days": 20,
        "duration_weeks": 2.86,
        "observed_cases": 13,
        "expected_cases": 0.36,
        "excess_cases": 12.64,
        "obs_exp_ratio": 36.39,
        "llr": 34.083922,
        "p_value": 0.01,
        "is_high_rate": true,
        "is_hierarchical": true,
        "is_gini": false,
        "slider_value": 0.01,
        "n_case_points": 17,
        "cases_centroid_lat": 32.748438,
        "cases_centroid_lng": -117.123068,
        "center_to_case_centroid_km": 0.0017
      }
    },
    {
      "type": "Feature",
      "geometry": {
        "type": "Point",
        "coordinates": [
          -117.120715,
          32.749142
        ]
      },
      "properties": {
        "cluster_id": 352,
        "center_lat": 32.749142,
        "center_lng": -117.120715,
        "radius_m": 43.53597,
        "radius_km": 0.04354,
        "start_date": "2024/10/16",
        "end_date": "2024/11/5",
        "start_year": 2024,
        "start_month": 10,
        "end_year": 2024,
        "end_month": 11,
        "duration_days": 20,
        "duration_weeks": 2.86,
        "observed_cases": 12,
        "expected_cases": 0.26,
        "excess_cases": 11.74,
        "obs_exp_ratio": 45.4,
        "llr": 34.050785,
        "p_value": 0.01,
        "is_high_rate": true,
        "is_hierarchical": true,
        "is_gini": false,
        "slider_value": 0.01,
        "n_case_points": 18,
        "cases_centroid_lat": 32.749075,
        "cases_centroid_lng": -117.120629,
        "center_to_case_centroid_km": 0.0109
      }
    },
    {
      "type": "Feature",
      "geometry": {
        "type": "Point",
        "coordinates": [
          -117.26148,
          32.805567
        ]
      },
      "properties": {
        "cluster_id": 353,
        "center_lat": 32.805567,
        "center_lng": -117.26148,
        "radius_m": 44.535457,
        "radius_km": 0.04454,
        "start_date": "2024/11/20",
        "end_date": "2024/12/10",
        "start_year": 2024,
        "start_month": 11,
        "end_year": 2024,
        "end_month": 12,
        "duration_days": 20,
        "duration_weeks": 2.86,
        "observed_cases": 11,
        "expected_cases": 0.19,
        "excess_cases": 10.81,
        "obs_exp_ratio": 58.89,
        "llr": 34.01989,
        "p_value": 0.01,
        "is_high_rate": true,
        "is_hierarchical": true,
        "is_gini": false,
        "slider_value": 0.01,
        "n_case_points": 15,
        "cases_centroid_lat": 32.805529,
        "cases_centroid_lng": -117.261497,
        "center_to_case_centroid_km": 0.0045
      }
    },
    {
      "type": "Feature",
      "geometry": {
        "type": "Point",
        "coordinates": [
          -117.15128,
          32.708662
        ]
      },
      "properties": {
        "cluster_id": 354,
        "center_lat": 32.708662,
        "center_lng": -117.15128,
        "radius_m": 5.461539,
        "radius_km": 0.00546,
        "start_date": "2022/6/8",
        "end_date": "2022/7/12",
        "start_year": 2022,
        "start_month": 6,
        "end_year": 2022,
        "end_month": 7,
        "duration_days": 34,
        "duration_weeks": 4.86,
        "observed_cases": 14,
        "expected_cases": 0.47,
        "excess_cases": 13.53,
        "obs_exp_ratio": 29.65,
        "llr": 33.925672,
        "p_value": 0.01,
        "is_high_rate": true,
        "is_hierarchical": true,
        "is_gini": false,
        "slider_value": 0.01,
        "n_case_points": 3,
        "cases_centroid_lat": 32.708662,
        "cases_centroid_lng": -117.151303,
        "center_to_case_centroid_km": 0.0022
      }
    },
    {
      "type": "Feature",
      "geometry": {
        "type": "Point",
        "coordinates": [
          -117.08895,
          32.753993
        ]
      },
      "properties": {
        "cluster_id": 355,
        "center_lat": 32.753993,
        "center_lng": -117.08895,
        "radius_m": 342.406101,
        "radius_km": 0.34241,
        "start_date": "2024/2/28",
        "end_date": "2024/5/21",
        "start_year": 2024,
        "start_month": 2,
        "end_year": 2024,
        "end_month": 5,
        "duration_days": 83,
        "duration_weeks": 11.86,
        "observed_cases": 55,
        "expected_cases": 14.2,
        "excess_cases": 40.8,
        "obs_exp_ratio": 3.87,
        "llr": 33.677045,
        "p_value": 0.01,
        "is_high_rate": true,
        "is_hierarchical": true,
        "is_gini": false,
        "slider_value": 0.01,
        "n_case_points": 177,
        "cases_centroid_lat": 32.7545,
        "cases_centroid_lng": -117.089763,
        "center_to_case_centroid_km": 0.0946
      }
    },
    {
      "type": "Feature",
      "geometry": {
        "type": "Point",
        "coordinates": [
          -117.170012,
          32.791155
        ]
      },
      "properties": {
        "cluster_id": 356,
        "center_lat": 32.791155,
        "center_lng": -117.170012,
        "radius_m": 172.739401,
        "radius_km": 0.17274,
        "start_date": "2022/11/9",
        "end_date": "2023/1/31",
        "start_year": 2022,
        "start_month": 11,
        "end_year": 2023,
        "end_month": 1,
        "duration_days": 83,
        "duration_weeks": 11.86,
        "observed_cases": 29,
        "expected_cases": 3.81,
        "excess_cases": 25.19,
        "obs_exp_ratio": 7.6,
        "llr": 33.645481,
        "p_value": 0.01,
        "is_high_rate": true,
        "is_hierarchical": true,
        "is_gini": false,
        "slider_value": 0.01,
        "n_case_points": 56,
        "cases_centroid_lat": 32.791502,
        "cases_centroid_lng": -117.169959,
        "center_to_case_centroid_km": 0.0389
      }
    },
    {
      "type": "Feature",
      "geometry": {
        "type": "Point",
        "coordinates": [
          -117.150712,
          32.705291
        ]
      },
      "properties": {
        "cluster_id": 357,
        "center_lat": 32.705291,
        "center_lng": -117.150712,
        "radius_m": 184.314036,
        "radius_km": 0.18431,
        "start_date": "2023/8/9",
        "end_date": "2023/10/3",
        "start_year": 2023,
        "start_month": 8,
        "end_year": 2023,
        "end_month": 10,
        "duration_days": 55,
        "duration_weeks": 7.86,
        "observed_cases": 163,
        "expected_cases": 79.45,
        "excess_cases": 83.55,
        "obs_exp_ratio": 2.05,
        "llr": 33.616703,
        "p_value": 0.01,
        "is_high_rate": true,
        "is_hierarchical": true,
        "is_gini": false,
        "slider_value": 0.01,
        "n_case_points": 1026,
        "cases_centroid_lat": 32.705611,
        "cases_centroid_lng": -117.150811,
        "center_to_case_centroid_km": 0.0367
      }
    },
    {
      "type": "Feature",
      "geometry": {
        "type": "Point",
        "coordinates": [
          -117.126048,
          32.756292
        ]
      },
      "properties": {
        "cluster_id": 358,
        "center_lat": 32.756292,
        "center_lng": -117.126048,
        "radius_m": 32.448254,
        "radius_km": 0.03245,
        "start_date": "2024/3/6",
        "end_date": "2024/3/12",
        "start_year": 2024,
        "start_month": 3,
        "end_year": 2024,
        "end_month": 3,
        "duration_days": 6,
        "duration_weeks": 0.86,
        "observed_cases": 10,
        "expected_cases": 0.13,
        "excess_cases": 9.87,
        "obs_exp_ratio": 76.84,
        "llr": 33.548189,
        "p_value": 0.01,
        "is_high_rate": true,
        "is_hierarchical": true,
        "is_gini": false,
        "slider_value": 0.01,
        "n_case_points": 19,
        "cases_centroid_lat": 32.756211,
        "cases_centroid_lng": -117.126022,
        "center_to_case_centroid_km": 0.0093
      }
    },
    {
      "type": "Feature",
      "geometry": {
        "type": "Point",
        "coordinates": [
          -117.141609,
          32.713644
        ]
      },
      "properties": {
        "cluster_id": 359,
        "center_lat": 32.713644,
        "center_lng": -117.141609,
        "radius_m": 109.596431,
        "radius_km": 0.1096,
        "start_date": "2024/8/28",
        "end_date": "2024/9/24",
        "start_year": 2024,
        "start_month": 8,
        "end_year": 2024,
        "end_month": 9,
        "duration_days": 27,
        "duration_weeks": 3.86,
        "observed_cases": 17,
        "expected_cases": 0.92,
        "excess_cases": 16.08,
        "obs_exp_ratio": 18.43,
        "llr": 33.464994,
        "p_value": 0.01,
        "is_high_rate": true,
        "is_hierarchical": true,
        "is_gini": false,
        "slider_value": 0.01,
        "n_case_points": 38,
        "cases_centroid_lat": 32.71327,
        "cases_centroid_lng": -117.141683,
        "center_to_case_centroid_km": 0.0422
      }
    },
    {
      "type": "Feature",
      "geometry": {
        "type": "Point",
        "coordinates": [
          -117.147344,
          32.710456
        ]
      },
      "properties": {
        "cluster_id": 360,
        "center_lat": 32.710456,
        "center_lng": -117.147344,
        "radius_m": 107.96144,
        "radius_km": 0.10796,
        "start_date": "2024/6/26",
        "end_date": "2024/11/26",
        "start_year": 2024,
        "start_month": 6,
        "end_year": 2024,
        "end_month": 11,
        "duration_days": 153,
        "duration_weeks": 21.86,
        "observed_cases": 89,
        "expected_cases": 32.38,
        "excess_cases": 56.62,
        "obs_exp_ratio": 2.75,
        "llr": 33.389132,
        "p_value": 0.01,
        "is_high_rate": true,
        "is_hierarchical": true,
        "is_gini": false,
        "slider_value": 0.01,
        "n_case_points": 252,
        "cases_centroid_lat": 32.710445,
        "cases_centroid_lng": -117.147567,
        "center_to_case_centroid_km": 0.0209
      }
    },
    {
      "type": "Feature",
      "geometry": {
        "type": "Point",
        "coordinates": [
          -117.058769,
          32.769439
        ]
      },
      "properties": {
        "cluster_id": 361,
        "center_lat": 32.769439,
        "center_lng": -117.058769,
        "radius_m": 63.603833,
        "radius_km": 0.0636,
        "start_date": "2023/10/4",
        "end_date": "2023/10/17",
        "start_year": 2023,
        "start_month": 10,
        "end_year": 2023,
        "end_month": 10,
        "duration_days": 13,
        "duration_weeks": 1.86,
        "observed_cases": 11,
        "expected_cases": 0.2,
        "excess_cases": 10.8,
        "obs_exp_ratio": 55.52,
        "llr": 33.383342,
        "p_value": 0.01,
        "is_high_rate": true,
        "is_hierarchical": true,
        "is_gini": false,
        "slider_value": 0.01,
        "n_case_points": 11,
        "cases_centroid_lat": 32.769509,
        "cases_centroid_lng": -117.058774,
        "center_to_case_centroid_km": 0.0078
      }
    },
    {
      "type": "Feature",
      "geometry": {
        "type": "Point",
        "coordinates": [
          -117.129983,
          32.74553
        ]
      },
      "properties": {
        "cluster_id": 362,
        "center_lat": 32.74553,
        "center_lng": -117.129983,
        "radius_m": 136.292693,
        "radius_km": 0.13629,
        "start_date": "2023/10/25",
        "end_date": "2024/10/1",
        "start_year": 2023,
        "start_month": 10,
        "end_year": 2024,
        "end_month": 10,
        "duration_days": 342,
        "duration_weeks": 48.86,
        "observed_cases": 91,
        "expected_cases": 33.59,
        "excess_cases": 57.41,
        "obs_exp_ratio": 2.71,
        "llr": 33.293561,
        "p_value": 0.01,
        "is_high_rate": true,
        "is_hierarchical": true,
        "is_gini": false,
        "slider_value": 0.01,
        "n_case_points": 100,
        "cases_centroid_lat": 32.746067,
        "cases_centroid_lng": -117.129774,
        "center_to_case_centroid_km": 0.0629
      }
    },
    {
      "type": "Feature",
      "geometry": {
        "type": "Point",
        "coordinates": [
          -117.078289,
          32.753145
        ]
      },
      "properties": {
        "cluster_id": 363,
        "center_lat": 32.753145,
        "center_lng": -117.078289,
        "radius_m": 797.840454,
        "radius_km": 0.79784,
        "start_date": "2024/8/7",
        "end_date": "2024/11/19",
        "start_year": 2024,
        "start_month": 8,
        "end_year": 2024,
        "end_month": 11,
        "duration_days": 104,
        "duration_weeks": 14.86,
        "observed_cases": 135,
        "expected_cases": 60.98,
        "excess_cases": 74.02,
        "obs_exp_ratio": 2.21,
        "llr": 33.289869,
        "p_value": 0.01,
        "is_high_rate": true,
        "is_hierarchical": true,
        "is_gini": false,
        "slider_value": 0.01,
        "n_case_points": 695,
        "cases_centroid_lat": 32.752501,
        "cases_centroid_lng": -117.078913,
        "center_to_case_centroid_km": 0.0924
      }
    },
    {
      "type": "Feature",
      "geometry": {
        "type": "Point",
        "coordinates": [
          -117.081368,
          32.772108
        ]
      },
      "properties": {
        "cluster_id": 364,
        "center_lat": 32.772108,
        "center_lng": -117.081368,
        "radius_m": 142.18285,
        "radius_km": 0.14218,
        "start_date": "2023/6/14",
        "end_date": "2023/7/18",
        "start_year": 2023,
        "start_month": 6,
        "end_year": 2023,
        "end_month": 7,
        "duration_days": 34,
        "duration_weeks": 4.86,
        "observed_cases": 14,
        "expected_cases": 0.5,
        "excess_cases": 13.5,
        "obs_exp_ratio": 28.18,
        "llr": 33.239235,
        "p_value": 0.01,
        "is_high_rate": true,
        "is_hierarchical": true,
        "is_gini": false,
        "slider_value": 0.01,
        "n_case_points": 14,
        "cases_centroid_lat": 32.771699,
        "cases_centroid_lng": -117.081198,
        "center_to_case_centroid_km": 0.0481
      }
    },
    {
      "type": "Feature",
      "geometry": {
        "type": "Point",
        "coordinates": [
          -117.205805,
          32.790888
        ]
      },
      "properties": {
        "cluster_id": 365,
        "center_lat": 32.790888,
        "center_lng": -117.205805,
        "radius_m": 54.63249,
        "radius_km": 0.05463,
        "start_date": "2023/9/6",
        "end_date": "2023/9/12",
        "start_year": 2023,
        "start_month": 9,
        "end_year": 2023,
        "end_month": 9,
        "duration_days": 6,
        "duration_weeks": 0.86,
        "observed_cases": 14,
        "expected_cases": 0.5,
        "excess_cases": 13.5,
        "obs_exp_ratio": 28.14,
        "llr": 33.217808,
        "p_value": 0.01,
        "is_high_rate": true,
        "is_hierarchical": true,
        "is_gini": false,
        "slider_value": 0.01,
        "n_case_points": 60,
        "cases_centroid_lat": 32.790729,
        "cases_centroid_lng": -117.205929,
        "center_to_case_centroid_km": 0.0212
      }
    },
    {
      "type": "Feature",
      "geometry": {
        "type": "Point",
        "coordinates": [
          -117.16103,
          32.725566
        ]
      },
      "properties": {
        "cluster_id": 366,
        "center_lat": 32.725566,
        "center_lng": -117.16103,
        "radius_m": 16.696146,
        "radius_km": 0.0167,
        "start_date": "2024/8/7",
        "end_date": "2024/8/20",
        "start_year": 2024,
        "start_month": 8,
        "end_year": 2024,
        "end_month": 8,
        "duration_days": 13,
        "duration_weeks": 1.86,
        "observed_cases": 10,
        "expected_cases": 0.13,
        "excess_cases": 9.87,
        "obs_exp_ratio": 74.29,
        "llr": 33.214681,
        "p_value": 0.01,
        "is_high_rate": true,
        "is_hierarchical": true,
        "is_gini": false,
        "slider_value": 0.01,
        "n_case_points": 11,
        "cases_centroid_lat": 32.725566,
        "cases_centroid_lng": -117.161027,
        "center_to_case_centroid_km": 0.0002
      }
    },
    {
      "type": "Feature",
      "geometry": {
        "type": "Point",
        "coordinates": [
          -117.058904,
          32.76627
        ]
      },
      "properties": {
        "cluster_id": 367,
        "center_lat": 32.76627,
        "center_lng": -117.058904,
        "radius_m": 13.64496,
        "radius_km": 0.01364,
        "start_date": "2024/2/21",
        "end_date": "2024/4/2",
        "start_year": 2024,
        "start_month": 2,
        "end_year": 2024,
        "end_month": 4,
        "duration_days": 41,
        "duration_weeks": 5.86,
        "observed_cases": 38,
        "expected_cases": 7.02,
        "excess_cases": 30.98,
        "obs_exp_ratio": 5.42,
        "llr": 33.214571,
        "p_value": 0.01,
        "is_high_rate": true,
        "is_hierarchical": true,
        "is_gini": false,
        "slider_value": 0.01,
        "n_case_points": 170,
        "cases_centroid_lat": 32.766249,
        "cases_centroid_lng": -117.058976,
        "center_to_case_centroid_km": 0.0071
      }
    },
    {
      "type": "Feature",
      "geometry": {
        "type": "Point",
        "coordinates": [
          -117.162859,
          32.718813
        ]
      },
      "properties": {
        "cluster_id": 368,
        "center_lat": 32.718813,
        "center_lng": -117.162859,
        "radius_m": 97.93421,
        "radius_km": 0.09793,
        "start_date": "2022/9/14",
        "end_date": "2022/9/20",
        "start_year": 2022,
        "start_month": 9,
        "end_year": 2022,
        "end_month": 9,
        "duration_days": 6,
        "duration_weeks": 0.86,
        "observed_cases": 20,
        "expected_cases": 1.52,
        "excess_cases": 18.48,
        "obs_exp_ratio": 13.12,
        "llr": 33.011079,
        "p_value": 0.01,
        "is_high_rate": true,
        "is_hierarchical": true,
        "is_gini": false,
        "slider_value": 0.01,
        "n_case_points": 250,
        "cases_centroid_lat": 32.719198,
        "cases_centroid_lng": -117.162792,
        "center_to_case_centroid_km": 0.0433
      }
    },
    {
      "type": "Feature",
      "geometry": {
        "type": "Point",
        "coordinates": [
          -117.153074,
          32.708338
        ]
      },
      "properties": {
        "cluster_id": 369,
        "center_lat": 32.708338,
        "center_lng": -117.153074,
        "radius_m": 5.884233,
        "radius_km": 0.00588,
        "start_date": "2022/8/31",
        "end_date": "2022/11/8",
        "start_year": 2022,
        "start_month": 8,
        "end_year": 2022,
        "end_month": 11,
        "duration_days": 69,
        "duration_weeks": 9.86,
        "observed_cases": 24,
        "expected_cases": 2.48,
        "excess_cases": 21.52,
        "obs_exp_ratio": 9.68,
        "llr": 32.970283,
        "p_value": 0.01,
        "is_high_rate": true,
        "is_hierarchical": true,
        "is_gini": false,
        "slider_value": 0.01,
        "n_case_points": 41,
        "cases_centroid_lat": 32.708336,
        "cases_centroid_lng": -117.153073,
        "center_to_case_centroid_km": 0.0003
      }
    },
    {
      "type": "Feature",
      "geometry": {
        "type": "Point",
        "coordinates": [
          -117.108445,
          32.759498
        ]
      },
      "properties": {
        "cluster_id": 370,
        "center_lat": 32.759498,
        "center_lng": -117.108445,
        "radius_m": 55.392808,
        "radius_km": 0.05539,
        "start_date": "2022/6/8",
        "end_date": "2022/6/14",
        "start_year": 2022,
        "start_month": 6,
        "end_year": 2022,
        "end_month": 6,
        "duration_days": 6,
        "duration_weeks": 0.86,
        "observed_cases": 13,
        "expected_cases": 0.39,
        "excess_cases": 12.61,
        "obs_exp_ratio": 33.21,
        "llr": 32.929833,
        "p_value": 0.01,
        "is_high_rate": true,
        "is_hierarchical": true,
        "is_gini": false,
        "slider_value": 0.01,
        "n_case_points": 57,
        "cases_centroid_lat": 32.759343,
        "cases_centroid_lng": -117.108461,
        "center_to_case_centroid_km": 0.0173
      }
    },
    {
      "type": "Feature",
      "geometry": {
        "type": "Point",
        "coordinates": [
          -117.209231,
          32.793785
        ]
      },
      "properties": {
        "cluster_id": 371,
        "center_lat": 32.793785,
        "center_lng": -117.209231,
        "radius_m": 65.60609,
        "radius_km": 0.06561,
        "start_date": "2023/7/12",
        "end_date": "2023/8/8",
        "start_year": 2023,
        "start_month": 7,
        "end_year": 2023,
        "end_month": 8,
        "duration_days": 27,
        "duration_weeks": 3.86,
        "observed_cases": 18,
        "expected_cases": 1.13,
        "excess_cases": 16.87,
        "obs_exp_ratio": 15.86,
        "llr": 32.886453,
        "p_value": 0.01,
        "is_high_rate": true,
        "is_hierarchical": true,
        "is_gini": false,
        "slider_value": 0.01,
        "n_case_points": 34,
        "cases_centroid_lat": 32.793781,
        "cases_centroid_lng": -117.209125,
        "center_to_case_centroid_km": 0.0099
      }
    },
    {
      "type": "Feature",
      "geometry": {
        "type": "Point",
        "coordinates": [
          -117.150475,
          32.711013
        ]
      },
      "properties": {
        "cluster_id": 372,
        "center_lat": 32.711013,
        "center_lng": -117.150475,
        "radius_m": 67.573027,
        "radius_km": 0.06757,
        "start_date": "2022/3/23",
        "end_date": "2022/4/5",
        "start_year": 2022,
        "start_month": 3,
        "end_year": 2022,
        "end_month": 4,
        "duration_days": 13,
        "duration_weeks": 1.86,
        "observed_cases": 52,
        "expected_cases": 13.07,
        "excess_cases": 38.93,
        "obs_exp_ratio": 3.98,
        "llr": 32.884323,
        "p_value": 0.01,
        "is_high_rate": true,
        "is_hierarchical": true,
        "is_gini": false,
        "slider_value": 0.01,
        "n_case_points": 1078,
        "cases_centroid_lat": 32.711021,
        "cases_centroid_lng": -117.150329,
        "center_to_case_centroid_km": 0.0137
      }
    },
    {
      "type": "Feature",
      "geometry": {
        "type": "Point",
        "coordinates": [
          -117.159726,
          32.712713
        ]
      },
      "properties": {
        "cluster_id": 373,
        "center_lat": 32.712713,
        "center_lng": -117.159726,
        "radius_m": 26.511244,
        "radius_km": 0.02651,
        "start_date": "2022/9/21",
        "end_date": "2022/10/18",
        "start_year": 2022,
        "start_month": 9,
        "end_year": 2022,
        "end_month": 10,
        "duration_days": 27,
        "duration_weeks": 3.86,
        "observed_cases": 19,
        "expected_cases": 1.34,
        "excess_cases": 17.66,
        "obs_exp_ratio": 14.14,
        "llr": 32.678565,
        "p_value": 0.01,
        "is_high_rate": true,
        "is_hierarchical": true,
        "is_gini": false,
        "slider_value": 0.01,
        "n_case_points": 52,
        "cases_centroid_lat": 32.712587,
        "cases_centroid_lng": -117.159816,
        "center_to_case_centroid_km": 0.0163
      }
    },
    {
      "type": "Feature",
      "geometry": {
        "type": "Point",
        "coordinates": [
          -117.1238,
          32.750139
        ]
      },
      "properties": {
        "cluster_id": 374,
        "center_lat": 32.750139,
        "center_lng": -117.1238,
        "radius_m": 16.812918,
        "radius_km": 0.01681,
        "start_date": "2023/6/14",
        "end_date": "2023/8/15",
        "start_year": 2023,
        "start_month": 6,
        "end_year": 2023,
        "end_month": 8,
        "duration_days": 62,
        "duration_weeks": 8.86,
        "observed_cases": 30,
        "expected_cases": 4.3,
        "excess_cases": 25.7,
        "obs_exp_ratio": 6.98,
        "llr": 32.603136,
        "p_value": 0.01,
        "is_high_rate": true,
        "is_hierarchical": true,
        "is_gini": false,
        "slider_value": 0.01,
        "n_case_points": 60,
        "cases_centroid_lat": 32.750156,
        "cases_centroid_lng": -117.123727,
        "center_to_case_centroid_km": 0.0071
      }
    },
    {
      "type": "Feature",
      "geometry": {
        "type": "Point",
        "coordinates": [
          -117.108639,
          32.950422
        ]
      },
      "properties": {
        "cluster_id": 375,
        "center_lat": 32.950422,
        "center_lng": -117.108639,
        "radius_m": 188.92754,
        "radius_km": 0.18893,
        "start_date": "2022/8/17",
        "end_date": "2022/9/6",
        "start_year": 2022,
        "start_month": 8,
        "end_year": 2022,
        "end_month": 9,
        "duration_days": 20,
        "duration_weeks": 2.86,
        "observed_cases": 12,
        "expected_cases": 0.3,
        "excess_cases": 11.7,
        "obs_exp_ratio": 39.98,
        "llr": 32.5614,
        "p_value": 0.01,
        "is_high_rate": true,
        "is_hierarchical": true,
        "is_gini": false,
        "slider_value": 0.01,
        "n_case_points": 13,
        "cases_centroid_lat": 32.950498,
        "cases_centroid_lng": -117.108373,
        "center_to_case_centroid_km": 0.0262
      }
    },
    {
      "type": "Feature",
      "geometry": {
        "type": "Point",
        "coordinates": [
          -117.160731,
          32.723135
        ]
      },
      "properties": {
        "cluster_id": 376,
        "center_lat": 32.723135,
        "center_lng": -117.160731,
        "radius_m": 8.135075,
        "radius_km": 0.00814,
        "start_date": "2024/4/10",
        "end_date": "2024/6/4",
        "start_year": 2024,
        "start_month": 4,
        "end_year": 2024,
        "end_month": 6,
        "duration_days": 55,
        "duration_weeks": 7.86,
        "observed_cases": 33,
        "expected_cases": 5.37,
        "excess_cases": 27.63,
        "obs_exp_ratio": 6.15,
        "llr": 32.304539,
        "p_value": 0.01,
        "is_high_rate": true,
        "is_hierarchical": true,
        "is_gini": false,
        "slider_value": 0.01,
        "n_case_points": 100,
        "cases_centroid_lat": 32.723118,
        "cases_centroid_lng": -117.160754,
        "center_to_case_centroid_km": 0.0029
      }
    },
    {
      "type": "Feature",
      "geometry": {
        "type": "Point",
        "coordinates": [
          -117.151435,
          32.70824
        ]
      },
      "properties": {
        "cluster_id": 377,
        "center_lat": 32.70824,
        "center_lng": -117.151435,
        "radius_m": 28.125806,
        "radius_km": 0.02813,
        "start_date": "2022/7/6",
        "end_date": "2022/8/16",
        "start_year": 2022,
        "start_month": 7,
        "end_year": 2022,
        "end_month": 8,
        "duration_days": 41,
        "duration_weeks": 5.86,
        "observed_cases": 38,
        "expected_cases": 7.25,
        "excess_cases": 30.75,
        "obs_exp_ratio": 5.24,
        "llr": 32.187437,
        "p_value": 0.01,
        "is_high_rate": true,
        "is_hierarchical": true,
        "is_gini": false,
        "slider_value": 0.01,
        "n_case_points": 174,
        "cases_centroid_lat": 32.708402,
        "cases_centroid_lng": -117.151431,
        "center_to_case_centroid_km": 0.018
      }
    },
    {
      "type": "Feature",
      "geometry": {
        "type": "Point",
        "coordinates": [
          -117.151777,
          32.70876
        ]
      },
      "properties": {
        "cluster_id": 378,
        "center_lat": 32.70876,
        "center_lng": -117.151777,
        "radius_m": 10.880757,
        "radius_km": 0.01088,
        "start_date": "2022/5/4",
        "end_date": "2022/5/24",
        "start_year": 2022,
        "start_month": 5,
        "end_year": 2022,
        "end_month": 5,
        "duration_days": 20,
        "duration_weeks": 2.86,
        "observed_cases": 20,
        "expected_cases": 1.6,
        "excess_cases": 18.4,
        "obs_exp_ratio": 12.5,
        "llr": 32.119081,
        "p_value": 0.01,
        "is_high_rate": true,
        "is_hierarchical": true,
        "is_gini": false,
        "slider_value": 0.01,
        "n_case_points": 81,
        "cases_centroid_lat": 32.708748,
        "cases_centroid_lng": -117.15182,
        "center_to_case_centroid_km": 0.0043
      }
    },
    {
      "type": "Feature",
      "geometry": {
        "type": "Point",
        "coordinates": [
          -117.067084,
          32.762045
        ]
      },
      "properties": {
        "cluster_id": 379,
        "center_lat": 32.762045,
        "center_lng": -117.067084,
        "radius_m": 64.512351,
        "radius_km": 0.06451,
        "start_date": "2024/6/5",
        "end_date": "2024/6/11",
        "start_year": 2024,
        "start_month": 6,
        "end_year": 2024,
        "end_month": 6,
        "duration_days": 6,
        "duration_weeks": 0.86,
        "observed_cases": 16,
        "expected_cases": 0.84,
        "excess_cases": 15.16,
        "obs_exp_ratio": 19.06,
        "llr": 31.999354,
        "p_value": 0.01,
        "is_high_rate": true,
        "is_hierarchical": true,
        "is_gini": false,
        "slider_value": 0.01,
        "n_case_points": 119,
        "cases_centroid_lat": 32.762141,
        "cases_centroid_lng": -117.066739,
        "center_to_case_centroid_km": 0.034
      }
    },
    {
      "type": "Feature",
      "geometry": {
        "type": "Point",
        "coordinates": [
          -117.15043,
          32.711002
        ]
      },
      "properties": {
        "cluster_id": 380,
        "center_lat": 32.711002,
        "center_lng": -117.15043,
        "radius_m": 18.466222,
        "radius_km": 0.01847,
        "start_date": "2024/4/24",
        "end_date": "2024/5/7",
        "start_year": 2024,
        "start_month": 4,
        "end_year": 2024,
        "end_month": 5,
        "duration_days": 13,
        "duration_weeks": 1.86,
        "observed_cases": 22,
        "expected_cases": 2.09,
        "excess_cases": 19.91,
        "obs_exp_ratio": 10.52,
        "llr": 31.863446,
        "p_value": 0.01,
        "is_high_rate": true,
        "is_hierarchical": true,
        "is_gini": false,
        "slider_value": 0.01,
        "n_case_points": 161,
        "cases_centroid_lat": 32.710987,
        "cases_centroid_lng": -117.150372,
        "center_to_case_centroid_km": 0.0057
      }
    },
    {
      "type": "Feature",
      "geometry": {
        "type": "Point",
        "coordinates": [
          -117.149173,
          32.709358
        ]
      },
      "properties": {
        "cluster_id": 381,
        "center_lat": 32.709358,
        "center_lng": -117.149173,
        "radius_m": 41.994859,
        "radius_km": 0.04199,
        "start_date": "2023/6/7",
        "end_date": "2023/9/19",
        "start_year": 2023,
        "start_month": 6,
        "end_year": 2023,
        "end_month": 9,
        "duration_days": 104,
        "duration_weeks": 14.86,
        "observed_cases": 83,
        "expected_cases": 29.8,
        "excess_cases": 53.2,
        "obs_exp_ratio": 2.78,
        "llr": 31.825239,
        "p_value": 0.01,
        "is_high_rate": true,
        "is_hierarchical": true,
        "is_gini": false,
        "slider_value": 0.01,
        "n_case_points": 207,
        "cases_centroid_lat": 32.70939,
        "cases_centroid_lng": -117.149221,
        "center_to_case_centroid_km": 0.0057
      }
    },
    {
      "type": "Feature",
      "geometry": {
        "type": "Point",
        "coordinates": [
          -117.030273,
          32.584236
        ]
      },
      "properties": {
        "cluster_id": 382,
        "center_lat": 32.584236,
        "center_lng": -117.030273,
        "radius_m": 3855.50748,
        "radius_km": 3.85551,
        "start_date": "2024/7/3",
        "end_date": "2024/12/17",
        "start_year": 2024,
        "start_month": 7,
        "end_year": 2024,
        "end_month": 12,
        "duration_days": 167,
        "duration_weeks": 23.86,
        "observed_cases": 138,
        "expected_cases": 64.26,
        "excess_cases": 73.74,
        "obs_exp_ratio": 2.15,
        "llr": 31.763688,
        "p_value": 0.01,
        "is_high_rate": true,
        "is_hierarchical": true,
        "is_gini": false,
        "slider_value": 0.01,
        "n_case_points": 455,
        "cases_centroid_lat": 32.566963,
        "cases_centroid_lng": -117.042303,
        "center_to_case_centroid_km": 2.227
      }
    },
    {
      "type": "Feature",
      "geometry": {
        "type": "Point",
        "coordinates": [
          -117.148797,
          32.738311
        ]
      },
      "properties": {
        "cluster_id": 383,
        "center_lat": 32.738311,
        "center_lng": -117.148797,
        "radius_m": 168.901989,
        "radius_km": 0.1689,
        "start_date": "2023/1/11",
        "end_date": "2023/2/7",
        "start_year": 2023,
        "start_month": 1,
        "end_year": 2023,
        "end_month": 2,
        "duration_days": 27,
        "duration_weeks": 3.86,
        "observed_cases": 14,
        "expected_cases": 0.55,
        "excess_cases": 13.45,
        "obs_exp_ratio": 25.23,
        "llr": 31.748126,
        "p_value": 0.01,
        "is_high_rate": true,
        "is_hierarchical": true,
        "is_gini": false,
        "slider_value": 0.01,
        "n_case_points": 24,
        "cases_centroid_lat": 32.738746,
        "cases_centroid_lng": -117.14762,
        "center_to_case_centroid_km": 0.1202
      }
    },
    {
      "type": "Feature",
      "geometry": {
        "type": "Point",
        "coordinates": [
          -117.202996,
          32.769573
        ]
      },
      "properties": {
        "cluster_id": 384,
        "center_lat": 32.769573,
        "center_lng": -117.202996,
        "radius_m": 113.455147,
        "radius_km": 0.11346,
        "start_date": "2024/11/27",
        "end_date": "2024/12/17",
        "start_year": 2024,
        "start_month": 11,
        "end_year": 2024,
        "end_month": 12,
        "duration_days": 20,
        "duration_weeks": 2.86,
        "observed_cases": 10,
        "expected_cases": 0.16,
        "excess_cases": 9.84,
        "obs_exp_ratio": 63.98,
        "llr": 31.743203,
        "p_value": 0.01,
        "is_high_rate": true,
        "is_hierarchical": true,
        "is_gini": false,
        "slider_value": 0.01,
        "n_case_points": 13,
        "cases_centroid_lat": 32.769583,
        "cases_centroid_lng": -117.202732,
        "center_to_case_centroid_km": 0.0247
      }
    },
    {
      "type": "Feature",
      "geometry": {
        "type": "Point",
        "coordinates": [
          -117.145347,
          32.75378
        ]
      },
      "properties": {
        "cluster_id": 385,
        "center_lat": 32.75378,
        "center_lng": -117.145347,
        "radius_m": 58.315039,
        "radius_km": 0.05832,
        "start_date": "2023/5/10",
        "end_date": "2023/5/23",
        "start_year": 2023,
        "start_month": 5,
        "end_year": 2023,
        "end_month": 5,
        "duration_days": 13,
        "duration_weeks": 1.86,
        "observed_cases": 28,
        "expected_cases": 3.8,
        "excess_cases": 24.2,
        "obs_exp_ratio": 7.37,
        "llr": 31.717871,
        "p_value": 0.01,
        "is_high_rate": true,
        "is_hierarchical": true,
        "is_gini": false,
        "slider_value": 0.01,
        "n_case_points": 213,
        "cases_centroid_lat": 32.753864,
        "cases_centroid_lng": -117.145298,
        "center_to_case_centroid_km": 0.0103
      }
    },
    {
      "type": "Feature",
      "geometry": {
        "type": "Point",
        "coordinates": [
          -117.158587,
          32.772324
        ]
      },
      "properties": {
        "cluster_id": 386,
        "center_lat": 32.772324,
        "center_lng": -117.158587,
        "radius_m": 405.312157,
        "radius_km": 0.40531,
        "start_date": "2022/3/30",
        "end_date": "2022/4/12",
        "start_year": 2022,
        "start_month": 3,
        "end_year": 2022,
        "end_month": 4,
        "duration_days": 13,
        "duration_weeks": 1.86,
        "observed_cases": 27,
        "expected_cases": 3.5,
        "excess_cases": 23.5,
        "obs_exp_ratio": 7.72,
        "llr": 31.692908,
        "p_value": 0.01,
        "is_high_rate": true,
        "is_hierarchical": true,
        "is_gini": false,
        "slider_value": 0.01,
        "n_case_points": 277,
        "cases_centroid_lat": 32.770838,
        "cases_centroid_lng": -117.158711,
        "center_to_case_centroid_km": 0.1656
      }
    },
    {
      "type": "Feature",
      "geometry": {
        "type": "Point",
        "coordinates": [
          -117.064698,
          32.786843
        ]
      },
      "properties": {
        "cluster_id": 387,
        "center_lat": 32.786843,
        "center_lng": -117.064698,
        "radius_m": 1957.278099,
        "radius_km": 1.95728,
        "start_date": "2022/1/1",
        "end_date": "2022/2/1",
        "start_year": 2022,
        "start_month": 1,
        "end_year": 2022,
        "end_month": 2,
        "duration_days": 31,
        "duration_weeks": 4.43,
        "observed_cases": 27,
        "expected_cases": 3.5,
        "excess_cases": 23.5,
        "obs_exp_ratio": 7.72,
        "llr": 31.683266,
        "p_value": 0.01,
        "is_high_rate": true,
        "is_hierarchical": true,
        "is_gini": false,
        "slider_value": 0.01,
        "n_case_points": 142,
        "cases_centroid_lat": 32.783885,
        "cases_centroid_lng": -117.067366,
        "center_to_case_centroid_km": 0.4128
      }
    },
    {
      "type": "Feature",
      "geometry": {
        "type": "Point",
        "coordinates": [
          -117.213838,
          32.728501
        ]
      },
      "properties": {
        "cluster_id": 388,
        "center_lat": 32.728501,
        "center_lng": -117.213838,
        "radius_m": 18.243918,
        "radius_km": 0.01824,
        "start_date": "2022/10/5",
        "end_date": "2023/3/7",
        "start_year": 2022,
        "start_month": 10,
        "end_year": 2023,
        "end_month": 3,
        "duration_days": 153,
        "duration_weeks": 21.86,
        "observed_cases": 38,
        "expected_cases": 7.39,
        "excess_cases": 30.61,
        "obs_exp_ratio": 5.14,
        "llr": 31.602086,
        "p_value": 0.01,
        "is_high_rate": true,
        "is_hierarchical": true,
        "is_gini": false,
        "slider_value": 0.01,
        "n_case_points": 66,
        "cases_centroid_lat": 32.728504,
        "cases_centroid_lng": -117.213816,
        "center_to_case_centroid_km": 0.0021
      }
    },
    {
      "type": "Feature",
      "geometry": {
        "type": "Point",
        "coordinates": [
          -117.160717,
          32.72292
        ]
      },
      "properties": {
        "cluster_id": 389,
        "center_lat": 32.72292,
        "center_lng": -117.160717,
        "radius_m": 20.98043,
        "radius_km": 0.02098,
        "start_date": "2022/11/9",
        "end_date": "2023/1/3",
        "start_year": 2022,
        "start_month": 11,
        "end_year": 2023,
        "end_month": 1,
        "duration_days": 55,
        "duration_weeks": 7.86,
        "observed_cases": 25,
        "expected_cases": 2.92,
        "excess_cases": 22.08,
        "obs_exp_ratio": 8.56,
        "llr": 31.593606,
        "p_value": 0.01,
        "is_high_rate": true,
        "is_hierarchical": true,
        "is_gini": false,
        "slider_value": 0.01,
        "n_case_points": 93,
        "cases_centroid_lat": 32.72305,
        "cases_centroid_lng": -117.160692,
        "center_to_case_centroid_km": 0.0147
      }
    },
    {
      "type": "Feature",
      "geometry": {
        "type": "Point",
        "coordinates": [
          -117.089948,
          32.715057
        ]
      },
      "properties": {
        "cluster_id": 390,
        "center_lat": 32.715057,
        "center_lng": -117.089948,
        "radius_m": 1677.228806,
        "radius_km": 1.67723,
        "start_date": "2024/8/14",
        "end_date": "2024/12/10",
        "start_year": 2024,
        "start_month": 8,
        "end_year": 2024,
        "end_month": 12,
        "duration_days": 118,
        "duration_weeks": 16.86,
        "observed_cases": 156,
        "expected_cases": 76.6,
        "excess_cases": 79.4,
        "obs_exp_ratio": 2.04,
        "llr": 31.583247,
        "p_value": 0.01,
        "is_high_rate": true,
        "is_hierarchical": true,
        "is_gini": false,
        "slider_value": 0.01,
        "n_case_points": 807,
        "cases_centroid_lat": 32.715512,
        "cases_centroid_lng": -117.090605,
        "center_to_case_centroid_km": 0.0796
      }
    },
    {
      "type": "Feature",
      "geometry": {
        "type": "Point",
        "coordinates": [
          -117.124968,
          32.750599
        ]
      },
      "properties": {
        "cluster_id": 391,
        "center_lat": 32.750599,
        "center_lng": -117.124968,
        "radius_m": 124.470914,
        "radius_km": 0.12447,
        "start_date": "2022/11/2",
        "end_date": "2022/12/13",
        "start_year": 2022,
        "start_month": 11,
        "end_year": 2022,
        "end_month": 12,
        "duration_days": 41,
        "duration_weeks": 5.86,
        "observed_cases": 26,
        "expected_cases": 3.22,
        "excess_cases": 22.78,
        "obs_exp_ratio": 8.08,
        "llr": 31.537098,
        "p_value": 0.01,
        "is_high_rate": true,
        "is_hierarchical": true,
        "is_gini": false,
        "slider_value": 0.01,
        "n_case_points": 102,
        "cases_centroid_lat": 32.750476,
        "cases_centroid_lng": -117.123884,
        "center_to_case_centroid_km": 0.1023
      }
    },
    {
      "type": "Feature",
      "geometry": {
        "type": "Point",
        "coordinates": [
          -117.162335,
          32.766298
        ]
      },
      "properties": {
        "cluster_id": 392,
        "center_lat": 32.766298,
        "center_lng": -117.162335,
        "radius_m": 29.001435,
        "radius_km": 0.029,
        "start_date": "2023/7/12",
        "end_date": "2023/7/25",
        "start_year": 2023,
        "start_month": 7,
        "end_year": 2023,
        "end_month": 7,
        "duration_days": 13,
        "duration_weeks": 1.86,
        "observed_cases": 16,
        "expected_cases": 0.87,
        "excess_cases": 15.13,
        "obs_exp_ratio": 18.43,
        "llr": 31.49016,
        "p_value": 0.01,
        "is_high_rate": true,
        "is_hierarchical": true,
        "is_gini": false,
        "slider_value": 0.01,
        "n_case_points": 54,
        "cases_centroid_lat": 32.766319,
        "cases_centroid_lng": -117.162352,
        "center_to_case_centroid_km": 0.0028
      }
    },
    {
      "type": "Feature",
      "geometry": {
        "type": "Point",
        "coordinates": [
          -117.173246,
          32.794493
        ]
      },
      "properties": {
        "cluster_id": 393,
        "center_lat": 32.794493,
        "center_lng": -117.173246,
        "radius_m": 68.719901,
        "radius_km": 0.06872,
        "start_date": "2023/7/19",
        "end_date": "2023/8/22",
        "start_year": 2023,
        "start_month": 7,
        "end_year": 2023,
        "end_month": 8,
        "duration_days": 34,
        "duration_weeks": 4.86,
        "observed_cases": 18,
        "expected_cases": 1.24,
        "excess_cases": 16.76,
        "obs_exp_ratio": 14.48,
        "llr": 31.351394,
        "p_value": 0.01,
        "is_high_rate": true,
        "is_hierarchical": true,
        "is_gini": false,
        "slider_value": 0.01,
        "n_case_points": 28,
        "cases_centroid_lat": 32.794572,
        "cases_centroid_lng": -117.172746,
        "center_to_case_centroid_km": 0.0475
      }
    },
    {
      "type": "Feature",
      "geometry": {
        "type": "Point",
        "coordinates": [
          -117.099519,
          32.792917
        ]
      },
      "properties": {
        "cluster_id": 394,
        "center_lat": 32.792917,
        "center_lng": -117.099519,
        "radius_m": 15.240237,
        "radius_km": 0.01524,
        "start_date": "2023/7/12",
        "end_date": "2023/9/19",
        "start_year": 2023,
        "start_month": 7,
        "end_year": 2023,
        "end_month": 9,
        "duration_days": 69,
        "duration_weeks": 9.86,
        "observed_cases": 26,
        "expected_cases": 3.26,
        "excess_cases": 22.74,
        "obs_exp_ratio": 7.98,
        "llr": 31.271117,
        "p_value": 0.01,
        "is_high_rate": true,
        "is_hierarchical": true,
        "is_gini": false,
        "slider_value": 0.01,
        "n_case_points": 36,
        "cases_centroid_lat": 32.792928,
        "cases_centroid_lng": -117.099573,
        "center_to_case_centroid_km": 0.0052
      }
    },
    {
      "type": "Feature",
      "geometry": {
        "type": "Point",
        "coordinates": [
          -117.158153,
          32.713614
        ]
      },
      "properties": {
        "cluster_id": 395,
        "center_lat": 32.713614,
        "center_lng": -117.158153,
        "radius_m": 21.271704,
        "radius_km": 0.02127,
        "start_date": "2023/5/17",
        "end_date": "2023/7/4",
        "start_year": 2023,
        "start_month": 5,
        "end_year": 2023,
        "end_month": 7,
        "duration_days": 48,
        "duration_weeks": 6.86,
        "observed_cases": 82,
        "expected_cases": 29.56,
        "excess_cases": 52.44,
        "obs_exp_ratio": 2.77,
        "llr": 31.228144,
        "p_value": 0.01,
        "is_high_rate": true,
        "is_hierarchical": true,
        "is_gini": false,
        "slider_value": 0.01,
        "n_case_points": 566,
        "cases_centroid_lat": 32.713651,
        "cases_centroid_lng": -117.158177,
        "center_to_case_centroid_km": 0.0047
      }
    },
    {
      "type": "Feature",
      "geometry": {
        "type": "Point",
        "coordinates": [
          -117.229387,
          32.796356
        ]
      },
      "properties": {
        "cluster_id": 396,
        "center_lat": 32.796356,
        "center_lng": -117.229387,
        "radius_m": 58.820648,
        "radius_km": 0.05882,
        "start_date": "2023/11/22",
        "end_date": "2023/11/28",
        "start_year": 2023,
        "start_month": 11,
        "end_year": 2023,
        "end_month": 11,
        "duration_days": 6,
        "duration_weeks": 0.86,
        "observed_cases": 9,
        "expected_cases": 0.1,
        "excess_cases": 8.9,
        "obs_exp_ratio": 85.89,
        "llr": 31.182948,
        "p_value": 0.01,
        "is_high_rate": true,
        "is_hierarchical": true,
        "is_gini": false,
        "slider_value": 0.01,
        "n_case_points": 12,
        "cases_centroid_lat": 32.796221,
        "cases_centroid_lng": -117.229806,
        "center_to_case_centroid_km": 0.0419
      }
    },
    {
      "type": "Feature",
      "geometry": {
        "type": "Point",
        "coordinates": [
          -117.079425,
          32.738031
        ]
      },
      "properties": {
        "cluster_id": 397,
        "center_lat": 32.738031,
        "center_lng": -117.079425,
        "radius_m": 42.799405,
        "radius_km": 0.0428,
        "start_date": "2022/4/6",
        "end_date": "2022/9/20",
        "start_year": 2022,
        "start_month": 4,
        "end_year": 2022,
        "end_month": 9,
        "duration_days": 167,
        "duration_weeks": 23.86,
        "observed_cases": 38,
        "expected_cases": 7.51,
        "excess_cases": 30.49,
        "obs_exp_ratio": 5.06,
        "llr": 31.141513,
        "p_value": 0.01,
        "is_high_rate": true,
        "is_hierarchical": true,
        "is_gini": false,
        "slider_value": 0.01,
        "n_case_points": 45,
        "cases_centroid_lat": 32.737997,
        "cases_centroid_lng": -117.079413,
        "center_to_case_centroid_km": 0.004
      }
    },
    {
      "type": "Feature",
      "geometry": {
        "type": "Point",
        "coordinates": [
          -117.158825,
          32.70662
        ]
      },
      "properties": {
        "cluster_id": 398,
        "center_lat": 32.70662,
        "center_lng": -117.158825,
        "radius_m": 293.751551,
        "radius_km": 0.29375,
        "start_date": "2024/2/7",
        "end_date": "2024/4/2",
        "start_year": 2024,
        "start_month": 2,
        "end_year": 2024,
        "end_month": 4,
        "duration_days": 55,
        "duration_weeks": 7.86,
        "observed_cases": 38,
        "expected_cases": 7.51,
        "excess_cases": 30.49,
        "obs_exp_ratio": 5.06,
        "llr": 31.14104,
        "p_value": 0.01,
        "is_high_rate": true,
        "is_hierarchical": true,
        "is_gini": false,
        "slider_value": 0.01,
        "n_case_points": 132,
        "cases_centroid_lat": 32.706705,
        "cases_centroid_lng": -117.158739,
        "center_to_case_centroid_km": 0.0125
      }
    },
    {
      "type": "Feature",
      "geometry": {
        "type": "Point",
        "coordinates": [
          -117.145595,
          32.779311
        ]
      },
      "properties": {
        "cluster_id": 399,
        "center_lat": 32.779311,
        "center_lng": -117.145595,
        "radius_m": 825.48651,
        "radius_km": 0.82549,
        "start_date": "2022/9/21",
        "end_date": "2022/11/8",
        "start_year": 2022,
        "start_month": 9,
        "end_year": 2022,
        "end_month": 11,
        "duration_days": 48,
        "duration_weeks": 6.86,
        "observed_cases": 46,
        "expected_cases": 10.91,
        "excess_cases": 35.09,
        "obs_exp_ratio": 4.22,
        "llr": 31.097834,
        "p_value": 0.01,
        "is_high_rate": true,
        "is_hierarchical": true,
        "is_gini": false,
        "slider_value": 0.01,
        "n_case_points": 248,
        "cases_centroid_lat": 32.775936,
        "cases_centroid_lng": -117.145238,
        "center_to_case_centroid_km": 0.3768
      }
    },
    {
      "type": "Feature",
      "geometry": {
        "type": "Point",
        "coordinates": [
          -117.120472,
          32.744969
        ]
      },
      "properties": {
        "cluster_id": 400,
        "center_lat": 32.744969,
        "center_lng": -117.120472,
        "radius_m": 96.52022,
        "radius_km": 0.09652,
        "start_date": "2022/12/28",
        "end_date": "2023/4/18",
        "start_year": 2022,
        "start_month": 12,
        "end_year": 2023,
        "end_month": 4,
        "duration_days": 111,
        "duration_weeks": 15.86,
        "observed_cases": 35,
        "expected_cases": 6.35,
        "excess_cases": 28.65,
        "obs_exp_ratio": 5.51,
        "llr": 31.08826,
        "p_value": 0.01,
        "is_high_rate": true,
        "is_hierarchical": true,
        "is_gini": false,
        "slider_value": 0.01,
        "n_case_points": 70,
        "cases_centroid_lat": 32.745298,
        "cases_centroid_lng": -117.120465,
        "center_to_case_centroid_km": 0.0366
      }
    },
    {
      "type": "Feature",
      "geometry": {
        "type": "Point",
        "coordinates": [
          -117.254785,
          32.739471
        ]
      },
      "properties": {
        "cluster_id": 401,
        "center_lat": 32.739471,
        "center_lng": -117.254785,
        "radius_m": 24.892174,
        "radius_km": 0.02489,
        "start_date": "2024/6/12",
        "end_date": "2024/7/2",
        "start_year": 2024,
        "start_month": 6,
        "end_year": 2024,
        "end_month": 7,
        "duration_days": 20,
        "duration_weeks": 2.86,
        "observed_cases": 10,
        "expected_cases": 0.17,
        "excess_cases": 9.83,
        "obs_exp_ratio": 58.52,
        "llr": 30.865519,
        "p_value": 0.01,
        "is_high_rate": true,
        "is_hierarchical": true,
        "is_gini": false,
        "slider_value": 0.01,
        "n_case_points": 10,
        "cases_centroid_lat": 32.739508,
        "cases_centroid_lng": -117.254841,
        "center_to_case_centroid_km": 0.0067
      }
    },
    {
      "type": "Feature",
      "geometry": {
        "type": "Point",
        "coordinates": [
          -117.066851,
          32.760012
        ]
      },
      "properties": {
        "cluster_id": 402,
        "center_lat": 32.760012,
        "center_lng": -117.066851,
        "radius_m": 58.359926,
        "radius_km": 0.05836,
        "start_date": "2023/1/18",
        "end_date": "2023/1/31",
        "start_year": 2023,
        "start_month": 1,
        "end_year": 2023,
        "end_month": 1,
        "duration_days": 13,
        "duration_weeks": 1.86,
        "observed_cases": 20,
        "expected_cases": 1.72,
        "excess_cases": 18.28,
        "obs_exp_ratio": 11.64,
        "llr": 30.812865,
        "p_value": 0.01,
        "is_high_rate": true,
        "is_hierarchical": true,
        "is_gini": false,
        "slider_value": 0.01,
        "n_case_points": 139,
        "cases_centroid_lat": 32.760187,
        "cases_centroid_lng": -117.06689,
        "center_to_case_centroid_km": 0.0198
      }
    },
    {
      "type": "Feature",
      "geometry": {
        "type": "Point",
        "coordinates": [
          -117.068927,
          32.760415
        ]
      },
      "properties": {
        "cluster_id": 403,
        "center_lat": 32.760415,
        "center_lng": -117.068927,
        "radius_m": 53.129121,
        "radius_km": 0.05313,
        "start_date": "2023/12/27",
        "end_date": "2024/1/16",
        "start_year": 2023,
        "start_month": 12,
        "end_year": 2024,
        "end_month": 1,
        "duration_days": 20,
        "duration_weeks": 2.86,
        "observed_cases": 20,
        "expected_cases": 1.72,
        "excess_cases": 18.28,
        "obs_exp_ratio": 11.61,
        "llr": 30.768937,
        "p_value": 0.01,
        "is_high_rate": true,
        "is_hierarchical": true,
        "is_gini": false,
        "slider_value": 0.01,
        "n_case_points": 75,
        "cases_centroid_lat": 32.760484,
        "cases_centroid_lng": -117.068638,
        "center_to_case_centroid_km": 0.0281
      }
    },
    {
      "type": "Feature",
      "geometry": {
        "type": "Point",
        "coordinates": [
          -117.233262,
          32.787277
        ]
      },
      "properties": {
        "cluster_id": 404,
        "center_lat": 32.787277,
        "center_lng": -117.233262,
        "radius_m": 113.654733,
        "radius_km": 0.11365,
        "start_date": "2024/7/24",
        "end_date": "2024/8/20",
        "start_year": 2024,
        "start_month": 7,
        "end_year": 2024,
        "end_month": 8,
        "duration_days": 27,
        "duration_weeks": 3.86,
        "observed_cases": 14,
        "expected_cases": 0.6,
        "excess_cases": 13.4,
        "obs_exp_ratio": 23.33,
        "llr": 30.697364,
        "p_value": 0.01,
        "is_high_rate": true,
        "is_hierarchical": true,
        "is_gini": false,
        "slider_value": 0.01,
        "n_case_points": 24,
        "cases_centroid_lat": 32.787699,
        "cases_centroid_lng": -117.233549,
        "center_to_case_centroid_km": 0.0541
      }
    },
    {
      "type": "Feature",
      "geometry": {
        "type": "Point",
        "coordinates": [
          -117.250854,
          32.746843
        ]
      },
      "properties": {
        "cluster_id": 405,
        "center_lat": 32.746843,
        "center_lng": -117.250854,
        "radius_m": 17.447309,
        "radius_km": 0.01745,
        "start_date": "2023/8/16",
        "end_date": "2023/8/22",
        "start_year": 2023,
        "start_month": 8,
        "end_year": 2023,
        "end_month": 8,
        "duration_days": 6,
        "duration_weeks": 0.86,
        "observed_cases": 11,
        "expected_cases": 0.26,
        "excess_cases": 10.74,
        "obs_exp_ratio": 42.84,
        "llr": 30.588484,
        "p_value": 0.01,
        "is_high_rate": true,
        "is_hierarchical": true,
        "is_gini": false,
        "slider_value": 0.01,
        "n_case_points": 31,
        "cases_centroid_lat": 32.746859,
        "cases_centroid_lng": -117.250882,
        "center_to_case_centroid_km": 0.0032
      }
    },
    {
      "type": "Feature",
      "geometry": {
        "type": "Point",
        "coordinates": [
          -117.064221,
          32.762366
        ]
      },
      "properties": {
        "cluster_id": 406,
        "center_lat": 32.762366,
        "center_lng": -117.064221,
        "radius_m": 37.127371,
        "radius_km": 0.03713,
        "start_date": "2023/8/23",
        "end_date": "2023/8/29",
        "start_year": 2023,
        "start_month": 8,
        "end_year": 2023,
        "end_month": 8,
        "duration_days": 6,
        "duration_weeks": 0.86,
        "observed_cases": 19,
        "expected_cases": 1.52,
        "excess_cases": 17.48,
        "obs_exp_ratio": 12.54,
        "llr": 30.56437,
        "p_value": 0.01,
        "is_high_rate": true,
        "is_hierarchical": true,
        "is_gini": false,
        "slider_value": 0.01,
        "n_case_points": 150,
        "cases_centroid_lat": 32.762233,
        "cases_centroid_lng": -117.064319,
        "center_to_case_centroid_km": 0.0174
      }
    },
    {
      "type": "Feature",
      "geometry": {
        "type": "Point",
        "coordinates": [
          -117.158236,
          32.71485
        ]
      },
      "properties": {
        "cluster_id": 407,
        "center_lat": 32.71485,
        "center_lng": -117.158236,
        "radius_m": 11.655051,
        "radius_km": 0.01166,
        "start_date": "2022/4/20",
        "end_date": "2022/5/3",
        "start_year": 2022,
        "start_month": 4,
        "end_year": 2022,
        "end_month": 5,
        "duration_days": 13,
        "duration_weeks": 1.86,
        "observed_cases": 29,
        "expected_cases": 4.32,
        "excess_cases": 24.68,
        "obs_exp_ratio": 6.72,
        "llr": 30.558883,
        "p_value": 0.01,
        "is_high_rate": true,
        "is_hierarchical": true,
        "is_gini": false,
        "slider_value": 0.01,
        "n_case_points": 367,
        "cases_centroid_lat": 32.714842,
        "cases_centroid_lng": -117.158272,
        "center_to_case_centroid_km": 0.0035
      }
    },
    {
      "type": "Feature",
      "geometry": {
        "type": "Point",
        "coordinates": [
          -117.158536,
          32.714285
        ]
      },
      "properties": {
        "cluster_id": 408,
        "center_lat": 32.714285,
        "center_lng": -117.158536,
        "radius_m": 20.520887,
        "radius_km": 0.02052,
        "start_date": "2023/10/11",
        "end_date": "2023/12/5",
        "start_year": 2023,
        "start_month": 10,
        "end_year": 2023,
        "end_month": 12,
        "duration_days": 55,
        "duration_weeks": 7.86,
        "observed_cases": 51,
        "expected_cases": 13.42,
        "excess_cases": 37.58,
        "obs_exp_ratio": 3.8,
        "llr": 30.521787,
        "p_value": 0.01,
        "is_high_rate": true,
        "is_hierarchical": true,
        "is_gini": false,
        "slider_value": 0.01,
        "n_case_points": 197,
        "cases_centroid_lat": 32.714264,
        "cases_centroid_lng": -117.158417,
        "center_to_case_centroid_km": 0.0114
      }
    },
    {
      "type": "Feature",
      "geometry": {
        "type": "Point",
        "coordinates": [
          -117.149912,
          32.710739
        ]
      },
      "properties": {
        "cluster_id": 409,
        "center_lat": 32.710739,
        "center_lng": -117.149912,
        "radius_m": 52.194479,
        "radius_km": 0.05219,
        "start_date": "2023/12/6",
        "end_date": "2024/1/9",
        "start_year": 2023,
        "start_month": 12,
        "end_year": 2024,
        "end_month": 1,
        "duration_days": 34,
        "duration_weeks": 4.86,
        "observed_cases": 75,
        "expected_cases": 26.01,
        "excess_cases": 48.99,
        "obs_exp_ratio": 2.88,
        "llr": 30.438884,
        "p_value": 0.01,
        "is_high_rate": true,
        "is_hierarchical": true,
        "is_gini": false,
        "slider_value": 0.01,
        "n_case_points": 863,
        "cases_centroid_lat": 32.710673,
        "cases_centroid_lng": -117.149962,
        "center_to_case_centroid_km": 0.0086
      }
    },
    {
      "type": "Feature",
      "geometry": {
        "type": "Point",
        "coordinates": [
          -117.148543,
          32.718663
        ]
      },
      "properties": {
        "cluster_id": 410,
        "center_lat": 32.718663,
        "center_lng": -117.148543,
        "radius_m": 81.379106,
        "radius_km": 0.08138,
        "start_date": "2023/6/28",
        "end_date": "2023/7/4",
        "start_year": 2023,
        "start_month": 6,
        "end_year": 2023,
        "end_month": 7,
        "duration_days": 6,
        "duration_weeks": 0.86,
        "observed_cases": 14,
        "expected_cases": 0.61,
        "excess_cases": 13.39,
        "obs_exp_ratio": 22.8,
        "llr": 30.391547,
        "p_value": 0.01,
        "is_high_rate": true,
        "is_hierarchical": true,
        "is_gini": false,
        "slider_value": 0.01,
        "n_case_points": 97,
        "cases_centroid_lat": 32.718361,
        "cases_centroid_lng": -117.148358,
        "center_to_case_centroid_km": 0.0378
      }
    },
    {
      "type": "Feature",
      "geometry": {
        "type": "Point",
        "coordinates": [
          -117.161125,
          32.732528
        ]
      },
      "properties": {
        "cluster_id": 411,
        "center_lat": 32.732528,
        "center_lng": -117.161125,
        "radius_m": 25.522389,
        "radius_km": 0.02552,
        "start_date": "2024/8/14",
        "end_date": "2024/9/3",
        "start_year": 2024,
        "start_month": 8,
        "end_year": 2024,
        "end_month": 9,
        "duration_days": 20,
        "duration_weeks": 2.86,
        "observed_cases": 10,
        "expected_cases": 0.18,
        "excess_cases": 9.82,
        "obs_exp_ratio": 55.5,
        "llr": 30.343562,
        "p_value": 0.01,
        "is_high_rate": true,
        "is_hierarchical": true,
        "is_gini": false,
        "slider_value": 0.01,
        "n_case_points": 10,
        "cases_centroid_lat": 32.732601,
        "cases_centroid_lng": -117.161117,
        "center_to_case_centroid_km": 0.0082
      }
    },
    {
      "type": "Feature",
      "geometry": {
        "type": "Point",
        "coordinates": [
          -117.166498,
          32.827826
        ]
      },
      "properties": {
        "cluster_id": 412,
        "center_lat": 32.827826,
        "center_lng": -117.166498,
        "radius_m": 316.914912,
        "radius_km": 0.31691,
        "start_date": "2022/9/28",
        "end_date": "2023/9/19",
        "start_year": 2022,
        "start_month": 9,
        "end_year": 2023,
        "end_month": 9,
        "duration_days": 356,
        "duration_weeks": 50.86,
        "observed_cases": 126,
        "expected_cases": 57.54,
        "excess_cases": 68.46,
        "obs_exp_ratio": 2.19,
        "llr": 30.325177,
        "p_value": 0.01,
        "is_high_rate": true,
        "is_hierarchical": true,
        "is_gini": false,
        "slider_value": 0.01,
        "n_case_points": 167,
        "cases_centroid_lat": 32.827996,
        "cases_centroid_lng": -117.16608,
        "center_to_case_centroid_km": 0.0433
      }
    },
    {
      "type": "Feature",
      "geometry": {
        "type": "Point",
        "coordinates": [
          -117.163279,
          32.748936
        ]
      },
      "properties": {
        "cluster_id": 413,
        "center_lat": 32.748936,
        "center_lng": -117.163279,
        "radius_m": 42.745046,
        "radius_km": 0.04275,
        "start_date": "2022/8/10",
        "end_date": "2022/8/30",
        "start_year": 2022,
        "start_month": 8,
        "end_year": 2022,
        "end_month": 8,
        "duration_days": 20,
        "duration_weeks": 2.86,
        "observed_cases": 16,
        "expected_cases": 0.94,
        "excess_cases": 15.06,
        "obs_exp_ratio": 17.03,
        "llr": 30.29852,
        "p_value": 0.01,
        "is_high_rate": true,
        "is_hierarchical": true,
        "is_gini": false,
        "slider_value": 0.01,
        "n_case_points": 47,
        "cases_centroid_lat": 32.748981,
        "cases_centroid_lng": -117.163302,
        "center_to_case_centroid_km": 0.0055
      }
    },
    {
      "type": "Feature",
      "geometry": {
        "type": "Point",
        "coordinates": [
          -117.151935,
          32.706328
        ]
      },
      "properties": {
        "cluster_id": 414,
        "center_lat": 32.706328,
        "center_lng": -117.151935,
        "radius_m": 12.229158,
        "radius_km": 0.01223,
        "start_date": "2023/10/11",
        "end_date": "2023/12/5",
        "start_year": 2023,
        "start_month": 10,
        "end_year": 2023,
        "end_month": 12,
        "duration_days": 55,
        "duration_weeks": 7.86,
        "observed_cases": 25,
        "expected_cases": 3.1,
        "excess_cases": 21.9,
        "obs_exp_ratio": 8.06,
        "llr": 30.277817,
        "p_value": 0.01,
        "is_high_rate": true,
        "is_hierarchical": true,
        "is_gini": false,
        "slider_value": 0.01,
        "n_case_points": 46,
        "cases_centroid_lat": 32.706355,
        "cases_centroid_lng": -117.151972,
        "center_to_case_centroid_km": 0.0046
      }
    },
    {
      "type": "Feature",
      "geometry": {
        "type": "Point",
        "coordinates": [
          -117.153277,
          32.708139
        ]
      },
      "properties": {
        "cluster_id": 415,
        "center_lat": 32.708139,
        "center_lng": -117.153277,
        "radius_m": 17.65247,
        "radius_km": 0.01765,
        "start_date": "2024/4/3",
        "end_date": "2024/4/23",
        "start_year": 2024,
        "start_month": 4,
        "end_year": 2024,
        "end_month": 4,
        "duration_days": 20,
        "duration_weeks": 2.86,
        "observed_cases": 20,
        "expected_cases": 1.78,
        "excess_cases": 18.22,
        "obs_exp_ratio": 11.24,
        "llr": 30.174524,
        "p_value": 0.01,
        "is_high_rate": true,
        "is_hierarchical": true,
        "is_gini": false,
        "slider_value": 0.01,
        "n_case_points": 94,
        "cases_centroid_lat": 32.708228,
        "cases_centroid_lng": -117.15336,
        "center_to_case_centroid_km": 0.0126
      }
    },
    {
      "type": "Feature",
      "geometry": {
        "type": "Point",
        "coordinates": [
          -117.165007,
          32.801166
        ]
      },
      "properties": {
        "cluster_id": 416,
        "center_lat": 32.801166,
        "center_lng": -117.165007,
        "radius_m": 195.713397,
        "radius_km": 0.19571,
        "start_date": "2023/9/27",
        "end_date": "2023/10/3",
        "start_year": 2023,
        "start_month": 9,
        "end_year": 2023,
        "end_month": 10,
        "duration_days": 6,
        "duration_weeks": 0.86,
        "observed_cases": 10,
        "expected_cases": 0.19,
        "excess_cases": 9.81,
        "obs_exp_ratio": 53.37,
        "llr": 29.96044,
        "p_value": 0.01,
        "is_high_rate": true,
        "is_hierarchical": true,
        "is_gini": false,
        "slider_value": 0.01,
        "n_case_points": 22,
        "cases_centroid_lat": 32.801221,
        "cases_centroid_lng": -117.164998,
        "center_to_case_centroid_km": 0.0062
      }
    },
    {
      "type": "Feature",
      "geometry": {
        "type": "Point",
        "coordinates": [
          -117.155484,
          32.714392
        ]
      },
      "properties": {
        "cluster_id": 417,
        "center_lat": 32.714392,
        "center_lng": -117.155484,
        "radius_m": 73.077893,
        "radius_km": 0.07308,
        "start_date": "2024/6/19",
        "end_date": "2024/12/24",
        "start_year": 2024,
        "start_month": 6,
        "end_year": 2024,
        "end_month": 12,
        "duration_days": 188,
        "duration_weeks": 26.86,
        "observed_cases": 61,
        "expected_cases": 18.66,
        "excess_cases": 42.34,
        "obs_exp_ratio": 3.27,
        "llr": 29.925076,
        "p_value": 0.01,
        "is_high_rate": true,
        "is_hierarchical": true,
        "is_gini": false,
        "slider_value": 0.01,
        "n_case_points": 101,
        "cases_centroid_lat": 32.714616,
        "cases_centroid_lng": -117.155292,
        "center_to_case_centroid_km": 0.0307
      }
    },
    {
      "type": "Feature",
      "geometry": {
        "type": "Point",
        "coordinates": [
          -117.097525,
          32.763284
        ]
      },
      "properties": {
        "cluster_id": 418,
        "center_lat": 32.763284,
        "center_lng": -117.097525,
        "radius_m": 31.718927,
        "radius_km": 0.03172,
        "start_date": "2023/10/11",
        "end_date": "2023/10/17",
        "start_year": 2023,
        "start_month": 10,
        "end_year": 2023,
        "end_month": 10,
        "duration_days": 6,
        "duration_weeks": 0.86,
        "observed_cases": 8,
        "expected_cases": 0.071,
        "excess_cases": 7.93,
        "obs_exp_ratio": 112.11,
        "llr": 29.827168,
        "p_value": 0.01,
        "is_high_rate": true,
        "is_hierarchical": true,
        "is_gini": false,
        "slider_value": 0.01,
        "n_case_points": 8,
        "cases_centroid_lat": 32.763276,
        "cases_centroid_lng": -117.097518,
        "center_to_case_centroid_km": 0.0011
      }
    },
    {
      "type": "Feature",
      "geometry": {
        "type": "Point",
        "coordinates": [
          -117.119776,
          32.707277
        ]
      },
      "properties": {
        "cluster_id": 419,
        "center_lat": 32.707277,
        "center_lng": -117.119776,
        "radius_m": 1188.254635,
        "radius_km": 1.18825,
        "start_date": "2024/6/19",
        "end_date": "2024/12/31",
        "start_year": 2024,
        "start_month": 6,
        "end_year": 2024,
        "end_month": 12,
        "duration_days": 195,
        "duration_weeks": 27.86,
        "observed_cases": 147,
        "expected_cases": 72.12,
        "excess_cases": 74.88,
        "obs_exp_ratio": 2.04,
        "llr": 29.82028,
        "p_value": 0.01,
        "is_high_rate": true,
        "is_hierarchical": true,
        "is_gini": false,
        "slider_value": 0.01,
        "n_case_points": 461,
        "cases_centroid_lat": 32.708826,
        "cases_centroid_lng": -117.121849,
        "center_to_case_centroid_km": 0.2594
      }
    },
    {
      "type": "Feature",
      "geometry": {
        "type": "Point",
        "coordinates": [
          -117.09442,
          32.578224
        ]
      },
      "properties": {
        "cluster_id": 420,
        "center_lat": 32.578224,
        "center_lng": -117.09442,
        "radius_m": 567.518615,
        "radius_km": 0.56752,
        "start_date": "2022/10/26",
        "end_date": "2023/4/25",
        "start_year": 2022,
        "start_month": 10,
        "end_year": 2023,
        "end_month": 4,
        "duration_days": 181,
        "duration_weeks": 25.86,
        "observed_cases": 50,
        "expected_cases": 13.2,
        "excess_cases": 36.8,
        "obs_exp_ratio": 3.79,
        "llr": 29.783186,
        "p_value": 0.01,
        "is_high_rate": true,
        "is_hierarchical": true,
        "is_gini": false,
        "slider_value": 0.01,
        "n_case_points": 76,
        "cases_centroid_lat": 32.581097,
        "cases_centroid_lng": -117.093322,
        "center_to_case_centroid_km": 0.3356
      }
    },
    {
      "type": "Feature",
      "geometry": {
        "type": "Point",
        "coordinates": [
          -117.089973,
          32.742443
        ]
      },
      "properties": {
        "cluster_id": 421,
        "center_lat": 32.742443,
        "center_lng": -117.089973,
        "radius_m": 97.247802,
        "radius_km": 0.09725,
        "start_date": "2022/10/26",
        "end_date": "2022/12/6",
        "start_year": 2022,
        "start_month": 10,
        "end_year": 2022,
        "end_month": 12,
        "duration_days": 41,
        "duration_weeks": 5.86,
        "observed_cases": 13,
        "expected_cases": 0.51,
        "excess_cases": 12.49,
        "obs_exp_ratio": 25.5,
        "llr": 29.61378,
        "p_value": 0.01,
        "is_high_rate": true,
        "is_hierarchical": true,
        "is_gini": false,
        "slider_value": 0.01,
        "n_case_points": 16,
        "cases_centroid_lat": 32.742162,
        "cases_centroid_lng": -117.089539,
        "center_to_case_centroid_km": 0.0512
      }
    },
    {
      "type": "Feature",
      "geometry": {
        "type": "Point",
        "coordinates": [
          -117.162206,
          32.716917
        ]
      },
      "properties": {
        "cluster_id": 422,
        "center_lat": 32.716917,
        "center_lng": -117.162206,
        "radius_m": 19.50187,
        "radius_km": 0.0195,
        "start_date": "2023/4/19",
        "end_date": "2023/6/6",
        "start_year": 2023,
        "start_month": 4,
        "end_year": 2023,
        "end_month": 6,
        "duration_days": 48,
        "duration_weeks": 6.86,
        "observed_cases": 21,
        "expected_cases": 2.09,
        "excess_cases": 18.91,
        "obs_exp_ratio": 10.06,
        "llr": 29.573816,
        "p_value": 0.01,
        "is_high_rate": true,
        "is_hierarchical": true,
        "is_gini": false,
        "slider_value": 0.01,
        "n_case_points": 38,
        "cases_centroid_lat": 32.716862,
        "cases_centroid_lng": -117.162181,
        "center_to_case_centroid_km": 0.0066
      }
    },
    {
      "type": "Feature",
      "geometry": {
        "type": "Point",
        "coordinates": [
          -117.157464,
          32.714425
        ]
      },
      "properties": {
        "cluster_id": 423,
        "center_lat": 32.714425,
        "center_lng": -117.157464,
        "radius_m": 19.614534,
        "radius_km": 0.01961,
        "start_date": "2023/10/4",
        "end_date": "2023/10/24",
        "start_year": 2023,
        "start_month": 10,
        "end_year": 2023,
        "end_month": 10,
        "duration_days": 20,
        "duration_weeks": 2.86,
        "observed_cases": 34,
        "expected_cases": 6.31,
        "excess_cases": 27.69,
        "obs_exp_ratio": 5.39,
        "llr": 29.566028,
        "p_value": 0.01,
        "is_high_rate": true,
        "is_hierarchical": true,
        "is_gini": false,
        "slider_value": 0.01,
        "n_case_points": 245,
        "cases_centroid_lat": 32.714426,
        "cases_centroid_lng": -117.157425,
        "center_to_case_centroid_km": 0.0036
      }
    },
    {
      "type": "Feature",
      "geometry": {
        "type": "Point",
        "coordinates": [
          -117.1544,
          32.717952
        ]
      },
      "properties": {
        "cluster_id": 424,
        "center_lat": 32.717952,
        "center_lng": -117.1544,
        "radius_m": 112.779576,
        "radius_km": 0.11278,
        "start_date": "2024/9/25",
        "end_date": "2024/11/19",
        "start_year": 2024,
        "start_month": 9,
        "end_year": 2024,
        "end_month": 11,
        "duration_days": 55,
        "duration_weeks": 7.86,
        "observed_cases": 80,
        "expected_cases": 29.43,
        "excess_cases": 50.57,
        "obs_exp_ratio": 2.72,
        "llr": 29.443564,
        "p_value": 0.01,
        "is_high_rate": true,
        "is_hierarchical": true,
        "is_gini": false,
        "slider_value": 0.01,
        "n_case_points": 565,
        "cases_centroid_lat": 32.717976,
        "cases_centroid_lng": -117.154582,
        "center_to_case_centroid_km": 0.0172
      }
    },
    {
      "type": "Feature",
      "geometry": {
        "type": "Point",
        "coordinates": [
          -117.206009,
          32.791014
        ]
      },
      "properties": {
        "cluster_id": 425,
        "center_lat": 32.791014,
        "center_lng": -117.206009,
        "radius_m": 49.607031,
        "radius_km": 0.04961,
        "start_date": "2022/1/12",
        "end_date": "2022/1/25",
        "start_year": 2022,
        "start_month": 1,
        "end_year": 2022,
        "end_month": 1,
        "duration_days": 13,
        "duration_weeks": 1.86,
        "observed_cases": 13,
        "expected_cases": 0.52,
        "excess_cases": 12.48,
        "obs_exp_ratio": 25.08,
        "llr": 29.407768,
        "p_value": 0.01,
        "is_high_rate": true,
        "is_hierarchical": true,
        "is_gini": false,
        "slider_value": 0.01,
        "n_case_points": 47,
        "cases_centroid_lat": 32.790827,
        "cases_centroid_lng": -117.205962,
        "center_to_case_centroid_km": 0.0213
      }
    },
    {
      "type": "Feature",
      "geometry": {
        "type": "Point",
        "coordinates": [
          -117.158543,
          32.723569
        ]
      },
      "properties": {
        "cluster_id": 426,
        "center_lat": 32.723569,
        "center_lng": -117.158543,
        "radius_m": 69.706134,
        "radius_km": 0.06971,
        "start_date": "2022/3/2",
        "end_date": "2022/4/12",
        "start_year": 2022,
        "start_month": 3,
        "end_year": 2022,
        "end_month": 4,
        "duration_days": 41,
        "duration_weeks": 5.86,
        "observed_cases": 23,
        "expected_cases": 2.65,
        "excess_cases": 20.35,
        "obs_exp_ratio": 8.68,
        "llr": 29.349514,
        "p_value": 0.01,
        "is_high_rate": true,
        "is_hierarchical": true,
        "is_gini": false,
        "slider_value": 0.01,
        "n_case_points": 75,
        "cases_centroid_lat": 32.723768,
        "cases_centroid_lng": -117.158961,
        "center_to_case_centroid_km": 0.0449
      }
    },
    {
      "type": "Feature",
      "geometry": {
        "type": "Point",
        "coordinates": [
          -117.160969,
          32.750109
        ]
      },
      "properties": {
        "cluster_id": 427,
        "center_lat": 32.750109,
        "center_lng": -117.160969,
        "radius_m": 123.763635,
        "radius_km": 0.12376,
        "start_date": "2023/11/1",
        "end_date": "2023/11/28",
        "start_year": 2023,
        "start_month": 11,
        "end_year": 2023,
        "end_month": 11,
        "duration_days": 27,
        "duration_weeks": 3.86,
        "observed_cases": 28,
        "expected_cases": 4.22,
        "excess_cases": 23.78,
        "obs_exp_ratio": 6.63,
        "llr": 29.190189,
        "p_value": 0.01,
        "is_high_rate": true,
        "is_hierarchical": true,
        "is_gini": false,
        "slider_value": 0.01,
        "n_case_points": 121,
        "cases_centroid_lat": 32.749987,
        "cases_centroid_lng": -117.161522,
        "center_to_case_centroid_km": 0.0534
      }
    },
    {
      "type": "Feature",
      "geometry": {
        "type": "Point",
        "coordinates": [
          -117.125451,
          32.69299
        ]
      },
      "properties": {
        "cluster_id": 428,
        "center_lat": 32.69299,
        "center_lng": -117.125451,
        "radius_m": 6.307141,
        "radius_km": 0.00631,
        "start_date": "2022/3/2",
        "end_date": "2022/5/3",
        "start_year": 2022,
        "start_month": 3,
        "end_year": 2022,
        "end_month": 5,
        "duration_days": 62,
        "duration_weeks": 8.86,
        "observed_cases": 15,
        "expected_cases": 0.84,
        "excess_cases": 14.16,
        "obs_exp_ratio": 17.95,
        "llr": 29.152395,
        "p_value": 0.01,
        "is_high_rate": true,
        "is_hierarchical": true,
        "is_gini": false,
        "slider_value": 0.01,
        "n_case_points": 16,
        "cases_centroid_lat": 32.692992,
        "cases_centroid_lng": -117.125432,
        "center_to_case_centroid_km": 0.0018
      }
    },
    {
      "type": "Feature",
      "geometry": {
        "type": "Point",
        "coordinates": [
          -117.149353,
          32.708201
        ]
      },
      "properties": {
        "cluster_id": 429,
        "center_lat": 32.708201,
        "center_lng": -117.149353,
        "radius_m": 56.657798,
        "radius_km": 0.05666,
        "start_date": "2024/5/8",
        "end_date": "2024/7/9",
        "start_year": 2024,
        "start_month": 5,
        "end_year": 2024,
        "end_month": 7,
        "duration_days": 62,
        "duration_weeks": 8.86,
        "observed_cases": 65,
        "expected_cases": 21.15,
        "excess_cases": 43.85,
        "obs_exp_ratio": 3.07,
        "llr": 29.12701,
        "p_value": 0.01,
        "is_high_rate": true,
        "is_hierarchical": true,
        "is_gini": false,
        "slider_value": 0.01,
        "n_case_points": 347,
        "cases_centroid_lat": 32.708384,
        "cases_centroid_lng": -117.149412,
        "center_to_case_centroid_km": 0.0211
      }
    },
    {
      "type": "Feature",
      "geometry": {
        "type": "Point",
        "coordinates": [
          -117.166631,
          32.718677
        ]
      },
      "properties": {
        "cluster_id": 430,
        "center_lat": 32.718677,
        "center_lng": -117.166631,
        "radius_m": 27.76838,
        "radius_km": 0.02777,
        "start_date": "2023/1/25",
        "end_date": "2023/4/11",
        "start_year": 2023,
        "start_month": 1,
        "end_year": 2023,
        "end_month": 4,
        "duration_days": 76,
        "duration_weeks": 10.86,
        "observed_cases": 18,
        "expected_cases": 1.42,
        "excess_cases": 16.58,
        "obs_exp_ratio": 12.66,
        "llr": 29.120396,
        "p_value": 0.01,
        "is_high_rate": true,
        "is_hierarchical": true,
        "is_gini": false,
        "slider_value": 0.01,
        "n_case_points": 24,
        "cases_centroid_lat": 32.718715,
        "cases_centroid_lng": -117.16649,
        "center_to_case_centroid_km": 0.0138
      }
    },
    {
      "type": "Feature",
      "geometry": {
        "type": "Point",
        "coordinates": [
          -117.191807,
          32.75783
        ]
      },
      "properties": {
        "cluster_id": 431,
        "center_lat": 32.75783,
        "center_lng": -117.191807,
        "radius_m": 389.059032,
        "radius_km": 0.38906,
        "start_date": "2022/7/20",
        "end_date": "2022/9/13",
        "start_year": 2022,
        "start_month": 7,
        "end_year": 2022,
        "end_month": 9,
        "duration_days": 55,
        "duration_weeks": 7.86,
        "observed_cases": 38,
        "expected_cases": 8.04,
        "excess_cases": 29.96,
        "obs_exp_ratio": 4.73,
        "llr": 29.071805,
        "p_value": 0.01,
        "is_high_rate": true,
        "is_hierarchical": true,
        "is_gini": false,
        "slider_value": 0.01,
        "n_case_points": 152,
        "cases_centroid_lat": 32.758488,
        "cases_centroid_lng": -117.192893,
        "center_to_case_centroid_km": 0.1252
      }
    },
    {
      "type": "Feature",
      "geometry": {
        "type": "Point",
        "coordinates": [
          -117.20947,
          32.792286
        ]
      },
      "properties": {
        "cluster_id": 432,
        "center_lat": 32.792286,
        "center_lng": -117.20947,
        "radius_m": 29.587821,
        "radius_km": 0.02959,
        "start_date": "2022/10/5",
        "end_date": "2023/2/14",
        "start_year": 2022,
        "start_month": 10,
        "end_year": 2023,
        "end_month": 2,
        "duration_days": 132,
        "duration_weeks": 18.86,
        "observed_cases": 25,
        "expected_cases": 3.28,
        "excess_cases": 21.72,
        "obs_exp_ratio": 7.62,
        "llr": 29.063601,
        "p_value": 0.01,
        "is_high_rate": true,
        "is_hierarchical": true,
        "is_gini": false,
        "slider_value": 0.01,
        "n_case_points": 34,
        "cases_centroid_lat": 32.792323,
        "cases_centroid_lng": -117.209498,
        "center_to_case_centroid_km": 0.0049
      }
    },
    {
      "type": "Feature",
      "geometry": {
        "type": "Point",
        "coordinates": [
          -117.150654,
          32.749181
        ]
      },
      "properties": {
        "cluster_id": 433,
        "center_lat": 32.749181,
        "center_lng": -117.150654,
        "radius_m": 65.621425,
        "radius_km": 0.06562,
        "start_date": "2024/10/16",
        "end_date": "2024/11/19",
        "start_year": 2024,
        "start_month": 10,
        "end_year": 2024,
        "end_month": 11,
        "duration_days": 34,
        "duration_weeks": 4.86,
        "observed_cases": 16,
        "expected_cases": 1.02,
        "excess_cases": 14.98,
        "obs_exp_ratio": 15.68,
        "llr": 29.062411,
        "p_value": 0.01,
        "is_high_rate": true,
        "is_hierarchical": true,
        "is_gini": false,
        "slider_value": 0.01,
        "n_case_points": 40,
        "cases_centroid_lat": 32.748927,
        "cases_centroid_lng": -117.151109,
        "center_to_case_centroid_km": 0.0511
      }
    },
    {
      "type": "Feature",
      "geometry": {
        "type": "Point",
        "coordinates": [
          -117.155496,
          32.71301
        ]
      },
      "properties": {
        "cluster_id": 434,
        "center_lat": 32.71301,
        "center_lng": -117.155496,
        "radius_m": 97.966407,
        "radius_km": 0.09797,
        "start_date": "2024/2/21",
        "end_date": "2024/3/12",
        "start_year": 2024,
        "start_month": 2,
        "end_year": 2024,
        "end_month": 3,
        "duration_days": 20,
        "duration_weeks": 2.86,
        "observed_cases": 35,
        "expected_cases": 6.82,
        "excess_cases": 28.18,
        "obs_exp_ratio": 5.13,
        "llr": 29.053435,
        "p_value": 0.01,
        "is_high_rate": true,
        "is_hierarchical": true,
        "is_gini": false,
        "slider_value": 0.01,
        "n_case_points": 309,
        "cases_centroid_lat": 32.712577,
        "cases_centroid_lng": -117.155241,
        "center_to_case_centroid_km": 0.0537
      }
    },
    {
      "type": "Feature",
      "geometry": {
        "type": "Point",
        "coordinates": [
          -117.059686,
          32.76392
        ]
      },
      "properties": {
        "cluster_id": 435,
        "center_lat": 32.76392,
        "center_lng": -117.059686,
        "radius_m": 26.007302,
        "radius_km": 0.02601,
        "start_date": "2022/1/1",
        "end_date": "2022/1/18",
        "start_year": 2022,
        "start_month": 1,
        "end_year": 2022,
        "end_month": 1,
        "duration_days": 17,
        "duration_weeks": 2.43,
        "observed_cases": 21,
        "expected_cases": 2.16,
        "excess_cases": 18.84,
        "obs_exp_ratio": 9.73,
        "llr": 28.935022,
        "p_value": 0.01,
        "is_high_rate": true,
        "is_hierarchical": true,
        "is_gini": false,
        "slider_value": 0.01,
        "n_case_points": 172,
        "cases_centroid_lat": 32.763939,
        "cases_centroid_lng": -117.059772,
        "center_to_case_centroid_km": 0.0083
      }
    },
    {
      "type": "Feature",
      "geometry": {
        "type": "Point",
        "coordinates": [
          -117.223169,
          32.804982
        ]
      },
      "properties": {
        "cluster_id": 436,
        "center_lat": 32.804982,
        "center_lng": -117.223169,
        "radius_m": 35.18305,
        "radius_km": 0.03518,
        "start_date": "2022/5/4",
        "end_date": "2022/7/5",
        "start_year": 2022,
        "start_month": 5,
        "end_year": 2022,
        "end_month": 7,
        "duration_days": 62,
        "duration_weeks": 8.86,
        "observed_cases": 17,
        "expected_cases": 1.23,
        "excess_cases": 15.77,
        "obs_exp_ratio": 13.79,
        "llr": 28.845998,
        "p_value": 0.01,
        "is_high_rate": true,
        "is_hierarchical": true,
        "is_gini": false,
        "slider_value": 0.01,
        "n_case_points": 21,
        "cases_centroid_lat": 32.804955,
        "cases_centroid_lng": -117.223153,
        "center_to_case_centroid_km": 0.0033
      }
    },
    {
      "type": "Feature",
      "geometry": {
        "type": "Point",
        "coordinates": [
          -117.148336,
          32.712534
        ]
      },
      "properties": {
        "cluster_id": 437,
        "center_lat": 32.712534,
        "center_lng": -117.148336,
        "radius_m": 9.666262,
        "radius_km": 0.00967,
        "start_date": "2024/10/16",
        "end_date": "2024/11/12",
        "start_year": 2024,
        "start_month": 10,
        "end_year": 2024,
        "end_month": 11,
        "duration_days": 27,
        "duration_weeks": 3.86,
        "observed_cases": 12,
        "expected_cases": 0.42,
        "excess_cases": 11.58,
        "obs_exp_ratio": 28.58,
        "llr": 28.65416,
        "p_value": 0.01,
        "is_high_rate": true,
        "is_hierarchical": true,
        "is_gini": false,
        "slider_value": 0.01,
        "n_case_points": 21,
        "cases_centroid_lat": 32.712552,
        "cases_centroid_lng": -117.14837,
        "center_to_case_centroid_km": 0.0037
      }
    },
    {
      "type": "Feature",
      "geometry": {
        "type": "Point",
        "coordinates": [
          -117.219209,
          32.810723
        ]
      },
      "properties": {
        "cluster_id": 438,
        "center_lat": 32.810723,
        "center_lng": -117.219209,
        "radius_m": 29.008469,
        "radius_km": 0.02901,
        "start_date": "2024/1/10",
        "end_date": "2024/2/6",
        "start_year": 2024,
        "start_month": 1,
        "end_year": 2024,
        "end_month": 2,
        "duration_days": 27,
        "duration_weeks": 3.86,
        "observed_cases": 18,
        "expected_cases": 1.46,
        "excess_cases": 16.54,
        "obs_exp_ratio": 12.3,
        "llr": 28.642654,
        "p_value": 0.01,
        "is_high_rate": true,
        "is_hierarchical": true,
        "is_gini": false,
        "slider_value": 0.01,
        "n_case_points": 43,
        "cases_centroid_lat": 32.810794,
        "cases_centroid_lng": -117.219213,
        "center_to_case_centroid_km": 0.0079
      }
    },
    {
      "type": "Feature",
      "geometry": {
        "type": "Point",
        "coordinates": [
          -117.09836,
          32.75457
        ]
      },
      "properties": {
        "cluster_id": 439,
        "center_lat": 32.75457,
        "center_lng": -117.09836,
        "radius_m": 97.179194,
        "radius_km": 0.09718,
        "start_date": "2022/1/1",
        "end_date": "2022/4/12",
        "start_year": 2022,
        "start_month": 1,
        "end_year": 2022,
        "end_month": 4,
        "duration_days": 101,
        "duration_weeks": 14.43,
        "observed_cases": 37,
        "expected_cases": 7.79,
        "excess_cases": 29.21,
        "obs_exp_ratio": 4.75,
        "llr": 28.440778,
        "p_value": 0.01,
        "is_high_rate": true,
        "is_hierarchical": true,
        "is_gini": false,
        "slider_value": 0.01,
        "n_case_points": 86,
        "cases_centroid_lat": 32.75491,
        "cases_centroid_lng": -117.098186,
        "center_to_case_centroid_km": 0.0412
      }
    },
    {
      "type": "Feature",
      "geometry": {
        "type": "Point",
        "coordinates": [
          -117.152391,
          32.71356
        ]
      },
      "properties": {
        "cluster_id": 440,
        "center_lat": 32.71356,
        "center_lng": -117.152391,
        "radius_m": 19.653311,
        "radius_km": 0.01965,
        "start_date": "2022/7/20",
        "end_date": "2022/8/9",
        "start_year": 2022,
        "start_month": 7,
        "end_year": 2022,
        "end_month": 8,
        "duration_days": 20,
        "duration_weeks": 2.86,
        "observed_cases": 10,
        "expected_cases": 0.22,
        "excess_cases": 9.78,
        "obs_exp_ratio": 45.66,
        "llr": 28.431056,
        "p_value": 0.01,
        "is_high_rate": true,
        "is_hierarchical": true,
        "is_gini": false,
        "slider_value": 0.01,
        "n_case_points": 11,
        "cases_centroid_lat": 32.713588,
        "cases_centroid_lng": -117.152385,
        "center_to_case_centroid_km": 0.0032
      }
    },
    {
      "type": "Feature",
      "geometry": {
        "type": "Point",
        "coordinates": [
          -117.048103,
          32.799557
        ]
      },
      "properties": {
        "cluster_id": 441,
        "center_lat": 32.799557,
        "center_lng": -117.048103,
        "radius_m": 3293.982694,
        "radius_km": 3.29398,
        "start_date": "2022/6/29",
        "end_date": "2022/8/23",
        "start_year": 2022,
        "start_month": 6,
        "end_year": 2022,
        "end_month": 8,
        "duration_days": 55,
        "duration_weeks": 7.86,
        "observed_cases": 62,
        "expected_cases": 19.9,
        "excess_cases": 42.1,
        "obs_exp_ratio": 3.11,
        "llr": 28.355234,
        "p_value": 0.01,
        "is_high_rate": true,
        "is_hierarchical": true,
        "is_gini": false,
        "slider_value": 0.01,
        "n_case_points": 372,
        "cases_centroid_lat": 32.793027,
        "cases_centroid_lng": -117.054175,
        "center_to_case_centroid_km": 0.9216
      }
    },
    {
      "type": "Feature",
      "geometry": {
        "type": "Point",
        "coordinates": [
          -117.142316,
          32.719588
        ]
      },
      "properties": {
        "cluster_id": 442,
        "center_lat": 32.719588,
        "center_lng": -117.142316,
        "radius_m": 21.805137,
        "radius_km": 0.02181,
        "start_date": "2022/6/15",
        "end_date": "2022/7/12",
        "start_year": 2022,
        "start_month": 6,
        "end_year": 2022,
        "end_month": 7,
        "duration_days": 27,
        "duration_weeks": 3.86,
        "observed_cases": 13,
        "expected_cases": 0.56,
        "excess_cases": 12.44,
        "obs_exp_ratio": 23.05,
        "llr": 28.353235,
        "p_value": 0.01,
        "is_high_rate": true,
        "is_hierarchical": true,
        "is_gini": false,
        "slider_value": 0.01,
        "n_case_points": 21,
        "cases_centroid_lat": 32.719596,
        "cases_centroid_lng": -117.142388,
        "center_to_case_centroid_km": 0.0068
      }
    },
    {
      "type": "Feature",
      "geometry": {
        "type": "Point",
        "coordinates": [
          -117.21518,
          32.757856
        ]
      },
      "properties": {
        "cluster_id": 443,
        "center_lat": 32.757856,
        "center_lng": -117.21518,
        "radius_m": 52.809289,
        "radius_km": 0.05281,
        "start_date": "2023/8/30",
        "end_date": "2023/9/12",
        "start_year": 2023,
        "start_month": 8,
        "end_year": 2023,
        "end_month": 9,
        "duration_days": 13,
        "duration_weeks": 1.86,
        "observed_cases": 23,
        "expected_cases": 2.8,
        "excess_cases": 20.2,
        "obs_exp_ratio": 8.23,
        "llr": 28.270679,
        "p_value": 0.01,
        "is_high_rate": true,
        "is_hierarchical": true,
        "is_gini": false,
        "slider_value": 0.01,
        "n_case_points": 118,
        "cases_centroid_lat": 32.757868,
        "cases_centroid_lng": -117.215157,
        "center_to_case_centroid_km": 0.0025
      }
    },
    {
      "type": "Feature",
      "geometry": {
        "type": "Point",
        "coordinates": [
          -117.133669,
          32.750703
        ]
      },
      "properties": {
        "cluster_id": 444,
        "center_lat": 32.750703,
        "center_lng": -117.133669,
        "radius_m": 14.779574,
        "radius_km": 0.01478,
        "start_date": "2022/11/9",
        "end_date": "2022/12/20",
        "start_year": 2022,
        "start_month": 11,
        "end_year": 2022,
        "end_month": 12,
        "duration_days": 41,
        "duration_weeks": 5.86,
        "observed_cases": 12,
        "expected_cases": 0.44,
        "excess_cases": 11.56,
        "obs_exp_ratio": 27.51,
        "llr": 28.211515,
        "p_value": 0.01,
        "is_high_rate": true,
        "is_hierarchical": true,
        "is_gini": false,
        "slider_value": 0.01,
        "n_case_points": 16,
        "cases_centroid_lat": 32.750764,
        "cases_centroid_lng": -117.133614,
        "center_to_case_centroid_km": 0.0085
      }
    },
    {
      "type": "Feature",
      "geometry": {
        "type": "Point",
        "coordinates": [
          -117.160481,
          32.739056
        ]
      },
      "properties": {
        "cluster_id": 445,
        "center_lat": 32.739056,
        "center_lng": -117.160481,
        "radius_m": 19.146501,
        "radius_km": 0.01915,
        "start_date": "2022/8/17",
        "end_date": "2022/8/23",
        "start_year": 2022,
        "start_month": 8,
        "end_year": 2022,
        "end_month": 8,
        "duration_days": 6,
        "duration_weeks": 0.86,
        "observed_cases": 12,
        "expected_cases": 0.44,
        "excess_cases": 11.56,
        "obs_exp_ratio": 27.07,
        "llr": 28.023221,
        "p_value": 0.01,
        "is_high_rate": true,
        "is_hierarchical": true,
        "is_gini": false,
        "slider_value": 0.01,
        "n_case_points": 63,
        "cases_centroid_lat": 32.739044,
        "cases_centroid_lng": -117.160456,
        "center_to_case_centroid_km": 0.0027
      }
    },
    {
      "type": "Feature",
      "geometry": {
        "type": "Point",
        "coordinates": [
          -117.214375,
          32.810086
        ]
      },
      "properties": {
        "cluster_id": 446,
        "center_lat": 32.810086,
        "center_lng": -117.214375,
        "radius_m": 290.632929,
        "radius_km": 0.29063,
        "start_date": "2022/7/20",
        "end_date": "2022/10/18",
        "start_year": 2022,
        "start_month": 7,
        "end_year": 2022,
        "end_month": 10,
        "duration_days": 90,
        "duration_weeks": 12.86,
        "observed_cases": 21,
        "expected_cases": 2.27,
        "excess_cases": 18.73,
        "obs_exp_ratio": 9.25,
        "llr": 27.995247,
        "p_value": 0.01,
        "is_high_rate": true,
        "is_hierarchical": true,
        "is_gini": false,
        "slider_value": 0.01,
        "n_case_points": 27,
        "cases_centroid_lat": 32.810346,
        "cases_centroid_lng": -117.214055,
        "center_to_case_centroid_km": 0.0416
      }
    },
    {
      "type": "Feature",
      "geometry": {
        "type": "Point",
        "coordinates": [
          -117.078578,
          32.75044
        ]
      },
      "properties": {
        "cluster_id": 447,
        "center_lat": 32.75044,
        "center_lng": -117.078578,
        "radius_m": 297.633576,
        "radius_km": 0.29763,
        "start_date": "2022/8/3",
        "end_date": "2023/3/7",
        "start_year": 2022,
        "start_month": 8,
        "end_year": 2023,
        "end_month": 3,
        "duration_days": 216,
        "duration_weeks": 30.86,
        "observed_cases": 80,
        "expected_cases": 30.32,
        "excess_cases": 49.68,
        "obs_exp_ratio": 2.64,
        "llr": 27.946234,
        "p_value": 0.01,
        "is_high_rate": true,
        "is_hierarchical": true,
        "is_gini": false,
        "slider_value": 0.01,
        "n_case_points": 153,
        "cases_centroid_lat": 32.749733,
        "cases_centroid_lng": -117.079932,
        "center_to_case_centroid_km": 0.1491
      }
    },
    {
      "type": "Feature",
      "geometry": {
        "type": "Point",
        "coordinates": [
          -117.161513,
          32.717412
        ]
      },
      "properties": {
        "cluster_id": 448,
        "center_lat": 32.717412,
        "center_lng": -117.161513,
        "radius_m": 49.750673,
        "radius_km": 0.04975,
        "start_date": "2022/1/1",
        "end_date": "2022/7/12",
        "start_year": 2022,
        "start_month": 1,
        "end_year": 2022,
        "end_month": 7,
        "duration_days": 192,
        "duration_weeks": 27.43,
        "observed_cases": 47,
        "expected_cases": 12.43,
        "excess_cases": 34.57,
        "obs_exp_ratio": 3.78,
        "llr": 27.946,
        "p_value": 0.01,
        "is_high_rate": true,
        "is_hierarchical": true,
        "is_gini": false,
        "slider_value": 0.01,
        "n_case_points": 76,
        "cases_centroid_lat": 32.717624,
        "cases_centroid_lng": -117.161461,
        "center_to_case_centroid_km": 0.024
      }
    },
    {
      "type": "Feature",
      "geometry": {
        "type": "Point",
        "coordinates": [
          -117.189339,
          32.746329
        ]
      },
      "properties": {
        "cluster_id": 449,
        "center_lat": 32.746329,
        "center_lng": -117.189339,
        "radius_m": 399.49601,
        "radius_km": 0.3995,
        "start_date": "2024/3/27",
        "end_date": "2024/4/2",
        "start_year": 2024,
        "start_month": 3,
        "end_year": 2024,
        "end_month": 4,
        "duration_days": 6,
        "duration_weeks": 0.86,
        "observed_cases": 22,
        "expected_cases": 2.55,
        "excess_cases": 19.45,
        "obs_exp_ratio": 8.62,
        "llr": 27.942789,
        "p_value": 0.01,
        "is_high_rate": true,
        "is_hierarchical": true,
        "is_gini": false,
        "slider_value": 0.01,
        "n_case_points": 362,
        "cases_centroid_lat": 32.745983,
        "cases_centroid_lng": -117.190322,
        "center_to_case_centroid_km": 0.0997
      }
    },
    {
      "type": "Feature",
      "geometry": {
        "type": "Point",
        "coordinates": [
          -117.14938,
          32.705962
        ]
      },
      "properties": {
        "cluster_id": 450,
        "center_lat": 32.705962,
        "center_lng": -117.14938,
        "radius_m": 24.311554,
        "radius_km": 0.02431,
        "start_date": "2023/12/13",
        "end_date": "2023/12/26",
        "start_year": 2023,
        "start_month": 12,
        "end_year": 2023,
        "end_month": 12,
        "duration_days": 13,
        "duration_weeks": 1.86,
        "observed_cases": 9,
        "expected_cases": 0.15,
        "excess_cases": 8.85,
        "obs_exp_ratio": 59.59,
        "llr": 27.93818,
        "p_value": 0.01,
        "is_high_rate": true,
        "is_hierarchical": true,
        "is_gini": false,
        "slider_value": 0.01,
        "n_case_points": 16,
        "cases_centroid_lat": 32.705985,
        "cases_centroid_lng": -117.149365,
        "center_to_case_centroid_km": 0.0029
      }
    },
    {
      "type": "Feature",
      "geometry": {
        "type": "Point",
        "coordinates": [
          -117.063111,
          32.750503
        ]
      },
      "properties": {
        "cluster_id": 451,
        "center_lat": 32.750503,
        "center_lng": -117.063111,
        "radius_m": 169.55028,
        "radius_km": 0.16955,
        "start_date": "2022/9/28",
        "end_date": "2022/11/8",
        "start_year": 2022,
        "start_month": 9,
        "end_year": 2022,
        "end_month": 11,
        "duration_days": 41,
        "duration_weeks": 5.86,
        "observed_cases": 13,
        "expected_cases": 0.58,
        "excess_cases": 12.42,
        "obs_exp_ratio": 22.26,
        "llr": 27.919286,
        "p_value": 0.01,
        "is_high_rate": true,
        "is_hierarchical": true,
        "is_gini": false,
        "slider_value": 0.01,
        "n_case_points": 16,
        "cases_centroid_lat": 32.750745,
        "cases_centroid_lng": -117.063219,
        "center_to_case_centroid_km": 0.0287
      }
    },
    {
      "type": "Feature",
      "geometry": {
        "type": "Point",
        "coordinates": [
          -117.147215,
          32.709202
        ]
      },
      "properties": {
        "cluster_id": 452,
        "center_lat": 32.709202,
        "center_lng": -117.147215,
        "radius_m": 81.762927,
        "radius_km": 0.08176,
        "start_date": "2022/7/20",
        "end_date": "2022/10/25",
        "start_year": 2022,
        "start_month": 7,
        "end_year": 2022,
        "end_month": 10,
        "duration_days": 97,
        "duration_weeks": 13.86,
        "observed_cases": 55,
        "expected_cases": 16.42,
        "excess_cases": 38.58,
        "obs_exp_ratio": 3.35,
        "llr": 27.90931,
        "p_value": 0.01,
        "is_high_rate": true,
        "is_hierarchical": true,
        "is_gini": false,
        "slider_value": 0.01,
        "n_case_points": 182,
        "cases_centroid_lat": 32.709392,
        "cases_centroid_lng": -117.147347,
        "center_to_case_centroid_km": 0.0244
      }
    },
    {
      "type": "Feature",
      "geometry": {
        "type": "Point",
        "coordinates": [
          -117.110953,
          32.773729
        ]
      },
      "properties": {
        "cluster_id": 453,
        "center_lat": 32.773729,
        "center_lng": -117.110953,
        "radius_m": 581.28154,
        "radius_km": 0.58128,
        "start_date": "2024/3/6",
        "end_date": "2024/7/9",
        "start_year": 2024,
        "start_month": 3,
        "end_year": 2024,
        "end_month": 7,
        "duration_days": 125,
        "duration_weeks": 17.86,
        "observed_cases": 31,
        "expected_cases": 5.55,
        "excess_cases": 25.45,
        "obs_exp_ratio": 5.58,
        "llr": 27.867705,
        "p_value": 0.01,
        "is_high_rate": true,
        "is_hierarchical": true,
        "is_gini": false,
        "slider_value": 0.01,
        "n_case_points": 48,
        "cases_centroid_lat": 32.775386,
        "cases_centroid_lng": -117.112007,
        "center_to_case_centroid_km": 0.2089
      }
    },
    {
      "type": "Feature",
      "geometry": {
        "type": "Point",
        "coordinates": [
          -117.096925,
          32.788929
        ]
      },
      "properties": {
        "cluster_id": 454,
        "center_lat": 32.788929,
        "center_lng": -117.096925,
        "radius_m": 9.144147,
        "radius_km": 0.00914,
        "start_date": "2024/4/17",
        "end_date": "2024/4/23",
        "start_year": 2024,
        "start_month": 4,
        "end_year": 2024,
        "end_month": 4,
        "duration_days": 6,
        "duration_weeks": 0.86,
        "observed_cases": 7,
        "expected_cases": 0.049,
        "excess_cases": 6.95,
        "obs_exp_ratio": 144.3,
        "llr": 27.852056,
        "p_value": 0.01,
        "is_high_rate": true,
        "is_hierarchical": true,
        "is_gini": false,
        "slider_value": 0.01,
        "n_case_points": 7,
        "cases_centroid_lat": 32.78896,
        "cases_centroid_lng": -117.09694,
        "center_to_case_centroid_km": 0.0037
      }
    },
    {
      "type": "Feature",
      "geometry": {
        "type": "Point",
        "coordinates": [
          -117.156022,
          32.722957
        ]
      },
      "properties": {
        "cluster_id": 455,
        "center_lat": 32.722957,
        "center_lng": -117.156022,
        "radius_m": 46.431789,
        "radius_km": 0.04643,
        "start_date": "2023/4/12",
        "end_date": "2023/4/25",
        "start_year": 2023,
        "start_month": 4,
        "end_year": 2023,
        "end_month": 4,
        "duration_days": 13,
        "duration_weeks": 1.86,
        "observed_cases": 11,
        "expected_cases": 0.33,
        "excess_cases": 10.67,
        "obs_exp_ratio": 32.96,
        "llr": 27.783003,
        "p_value": 0.01,
        "is_high_rate": true,
        "is_hierarchical": true,
        "is_gini": false,
        "slider_value": 0.01,
        "n_case_points": 25,
        "cases_centroid_lat": 32.722944,
        "cases_centroid_lng": -117.155778,
        "center_to_case_centroid_km": 0.0229
      }
    },
    {
      "type": "Feature",
      "geometry": {
        "type": "Point",
        "coordinates": [
          -117.144043,
          32.713196
        ]
      },
      "properties": {
        "cluster_id": 456,
        "center_lat": 32.713196,
        "center_lng": -117.144043,
        "radius_m": 62.291072,
        "radius_km": 0.06229,
        "start_date": "2022/5/4",
        "end_date": "2022/5/17",
        "start_year": 2022,
        "start_month": 5,
        "end_year": 2022,
        "end_month": 5,
        "duration_days": 13,
        "duration_weeks": 1.86,
        "observed_cases": 22,
        "expected_cases": 2.58,
        "excess_cases": 19.42,
        "obs_exp_ratio": 8.53,
        "llr": 27.742377,
        "p_value": 0.01,
        "is_high_rate": true,
        "is_hierarchical": true,
        "is_gini": false,
        "slider_value": 0.01,
        "n_case_points": 203,
        "cases_centroid_lat": 32.713128,
        "cases_centroid_lng": -117.14406,
        "center_to_case_centroid_km": 0.0078
      }
    },
    {
      "type": "Feature",
      "geometry": {
        "type": "Point",
        "coordinates": [
          -117.149861,
          32.713621
        ]
      },
      "properties": {
        "cluster_id": 457,
        "center_lat": 32.713621,
        "center_lng": -117.149861,
        "radius_m": 33.474595,
        "radius_km": 0.03347,
        "start_date": "2023/9/20",
        "end_date": "2023/10/17",
        "start_year": 2023,
        "start_month": 9,
        "end_year": 2023,
        "end_month": 10,
        "duration_days": 27,
        "duration_weeks": 3.86,
        "observed_cases": 40,
        "expected_cases": 9.29,
        "excess_cases": 30.71,
        "obs_exp_ratio": 4.31,
        "llr": 27.699365,
        "p_value": 0.01,
        "is_high_rate": true,
        "is_hierarchical": true,
        "is_gini": false,
        "slider_value": 0.01,
        "n_case_points": 259,
        "cases_centroid_lat": 32.713599,
        "cases_centroid_lng": -117.149857,
        "center_to_case_centroid_km": 0.0025
      }
    },
    {
      "type": "Feature",
      "geometry": {
        "type": "Point",
        "coordinates": [
          -117.145399,
          32.749281
        ]
      },
      "properties": {
        "cluster_id": 458,
        "center_lat": 32.749281,
        "center_lng": -117.145399,
        "radius_m": 519.752057,
        "radius_km": 0.51975,
        "start_date": "2024/6/19",
        "end_date": "2024/8/6",
        "start_year": 2024,
        "start_month": 6,
        "end_year": 2024,
        "end_month": 8,
        "duration_days": 48,
        "duration_weeks": 6.86,
        "observed_cases": 67,
        "expected_cases": 22.98,
        "excess_cases": 44.02,
        "obs_exp_ratio": 2.92,
        "llr": 27.682858,
        "p_value": 0.01,
        "is_high_rate": true,
        "is_hierarchical": true,
        "is_gini": false,
        "slider_value": 0.01,
        "n_case_points": 497,
        "cases_centroid_lat": 32.750032,
        "cases_centroid_lng": -117.143803,
        "center_to_case_centroid_km": 0.171
      }
    },
    {
      "type": "Feature",
      "geometry": {
        "type": "Point",
        "coordinates": [
          -117.062762,
          32.76063
        ]
      },
      "properties": {
        "cluster_id": 459,
        "center_lat": 32.76063,
        "center_lng": -117.062762,
        "radius_m": 32.383307,
        "radius_km": 0.03238,
        "start_date": "2024/9/11",
        "end_date": "2024/10/29",
        "start_year": 2024,
        "start_month": 9,
        "end_year": 2024,
        "end_month": 10,
        "duration_days": 48,
        "duration_weeks": 6.86,
        "observed_cases": 12,
        "expected_cases": 0.46,
        "excess_cases": 11.54,
        "obs_exp_ratio": 26.08,
        "llr": 27.594831,
        "p_value": 0.01,
        "is_high_rate": true,
        "is_hierarchical": true,
        "is_gini": false,
        "slider_value": 0.01,
        "n_case_points": 12,
        "cases_centroid_lat": 32.760646,
        "cases_centroid_lng": -117.062759,
        "center_to_case_centroid_km": 0.0018
      }
    },
    {
      "type": "Feature",
      "geometry": {
        "type": "Point",
        "coordinates": [
          -117.153578,
          32.747939
        ]
      },
      "properties": {
        "cluster_id": 460,
        "center_lat": 32.747939,
        "center_lng": -117.153578,
        "radius_m": 16.016319,
        "radius_km": 0.01602,
        "start_date": "2023/10/4",
        "end_date": "2023/10/31",
        "start_year": 2023,
        "start_month": 10,
        "end_year": 2023,
        "end_month": 10,
        "duration_days": 27,
        "duration_weeks": 3.86,
        "observed_cases": 15,
        "expected_cases": 0.94,
        "excess_cases": 14.06,
        "obs_exp_ratio": 16.04,
        "llr": 27.560264,
        "p_value": 0.01,
        "is_high_rate": true,
        "is_hierarchical": true,
        "is_gini": false,
        "slider_value": 0.01,
        "n_case_points": 28,
        "cases_centroid_lat": 32.747963,
        "cases_centroid_lng": -117.153501,
        "center_to_case_centroid_km": 0.0077
      }
    },
    {
      "type": "Feature",
      "geometry": {
        "type": "Point",
        "coordinates": [
          -117.252479,
          32.753115
        ]
      },
      "properties": {
        "cluster_id": 461,
        "center_lat": 32.753115,
        "center_lng": -117.252479,
        "radius_m": 51.195792,
        "radius_km": 0.0512,
        "start_date": "2022/2/9",
        "end_date": "2022/2/15",
        "start_year": 2022,
        "start_month": 2,
        "end_year": 2022,
        "end_month": 2,
        "duration_days": 6,
        "duration_weeks": 0.86,
        "observed_cases": 11,
        "expected_cases": 0.34,
        "excess_cases": 10.66,
        "obs_exp_ratio": 32.18,
        "llr": 27.528284,
        "p_value": 0.01,
        "is_high_rate": true,
        "is_hierarchical": true,
        "is_gini": false,
        "slider_value": 0.01,
        "n_case_points": 61,
        "cases_centroid_lat": 32.753147,
        "cases_centroid_lng": -117.252378,
        "center_to_case_centroid_km": 0.0102
      }
    },
    {
      "type": "Feature",
      "geometry": {
        "type": "Point",
        "coordinates": [
          -117.167879,
          32.710719
        ]
      },
      "properties": {
        "cluster_id": 462,
        "center_lat": 32.710719,
        "center_lng": -117.167879,
        "radius_m": 427.113255,
        "radius_km": 0.42711,
        "start_date": "2022/3/23",
        "end_date": "2022/4/12",
        "start_year": 2022,
        "start_month": 3,
        "end_year": 2022,
        "end_month": 4,
        "duration_days": 20,
        "duration_weeks": 2.86,
        "observed_cases": 53,
        "expected_cases": 15.56,
        "excess_cases": 37.44,
        "obs_exp_ratio": 3.41,
        "llr": 27.525646,
        "p_value": 0.01,
        "is_high_rate": true,
        "is_hierarchical": true,
        "is_gini": false,
        "slider_value": 0.01,
        "n_case_points": 836,
        "cases_centroid_lat": 32.710494,
        "cases_centroid_lng": -117.166013,
        "center_to_case_centroid_km": 0.1763
      }
    },
    {
      "type": "Feature",
      "geometry": {
        "type": "Point",
        "coordinates": [
          -117.09436,
          32.749672
        ]
      },
      "properties": {
        "cluster_id": 463,
        "center_lat": 32.749672,
        "center_lng": -117.09436,
        "radius_m": 16.643313,
        "radius_km": 0.01664,
        "start_date": "2023/9/27",
        "end_date": "2023/12/12",
        "start_year": 2023,
        "start_month": 9,
        "end_year": 2023,
        "end_month": 12,
        "duration_days": 76,
        "duration_weeks": 10.86,
        "observed_cases": 29,
        "expected_cases": 4.9,
        "excess_cases": 24.1,
        "obs_exp_ratio": 5.92,
        "llr": 27.48659,
        "p_value": 0.01,
        "is_high_rate": true,
        "is_hierarchical": true,
        "is_gini": false,
        "slider_value": 0.01,
        "n_case_points": 51,
        "cases_centroid_lat": 32.749745,
        "cases_centroid_lng": -117.09439,
        "center_to_case_centroid_km": 0.0086
      }
    },
    {
      "type": "Feature",
      "geometry": {
        "type": "Point",
        "coordinates": [
          -117.196118,
          32.759548
        ]
      },
      "properties": {
        "cluster_id": 464,
        "center_lat": 32.759548,
        "center_lng": -117.196118,
        "radius_m": 80.664749,
        "radius_km": 0.08066,
        "start_date": "2024/3/20",
        "end_date": "2024/11/26",
        "start_year": 2024,
        "start_month": 3,
        "end_year": 2024,
        "end_month": 11,
        "duration_days": 251,
        "duration_weeks": 35.86,
        "observed_cases": 66,
        "expected_cases": 22.55,
        "excess_cases": 43.45,
        "obs_exp_ratio": 2.93,
        "llr": 27.444279,
        "p_value": 0.01,
        "is_high_rate": true,
        "is_hierarchical": true,
        "is_gini": false,
        "slider_value": 0.01,
        "n_case_points": 102,
        "cases_centroid_lat": 32.759306,
        "cases_centroid_lng": -117.196137,
        "center_to_case_centroid_km": 0.027
      }
    },
    {
      "type": "Feature",
      "geometry": {
        "type": "Point",
        "coordinates": [
          -117.079084,
          32.77039
        ]
      },
      "properties": {
        "cluster_id": 465,
        "center_lat": 32.77039,
        "center_lng": -117.079084,
        "radius_m": 1460.079175,
        "radius_km": 1.46008,
        "start_date": "2023/2/8",
        "end_date": "2023/4/25",
        "start_year": 2023,
        "start_month": 2,
        "end_year": 2023,
        "end_month": 4,
        "duration_days": 76,
        "duration_weeks": 10.86,
        "observed_cases": 93,
        "expected_cases": 38.57,
        "excess_cases": 54.43,
        "obs_exp_ratio": 2.41,
        "llr": 27.430262,
        "p_value": 0.01,
        "is_high_rate": true,
        "is_hierarchical": true,
        "is_gini": false,
        "slider_value": 0.01,
        "n_case_points": 613,
        "cases_centroid_lat": 32.762144,
        "cases_centroid_lng": -117.074372,
        "center_to_case_centroid_km": 1.0173
      }
    },
    {
      "type": "Feature",
      "geometry": {
        "type": "Point",
        "coordinates": [
          -117.162955,
          32.724051
        ]
      },
      "properties": {
        "cluster_id": 466,
        "center_lat": 32.724051,
        "center_lng": -117.162955,
        "radius_m": 69.855809,
        "radius_km": 0.06986,
        "start_date": "2023/5/10",
        "end_date": "2023/6/13",
        "start_year": 2023,
        "start_month": 5,
        "end_year": 2023,
        "end_month": 6,
        "duration_days": 34,
        "duration_weeks": 4.86,
        "observed_cases": 24,
        "expected_cases": 3.23,
        "excess_cases": 20.77,
        "obs_exp_ratio": 7.43,
        "llr": 27.373171,
        "p_value": 0.01,
        "is_high_rate": true,
        "is_hierarchical": true,
        "is_gini": false,
        "slider_value": 0.01,
        "n_case_points": 69,
        "cases_centroid_lat": 32.723741,
        "cases_centroid_lng": -117.162953,
        "center_to_case_centroid_km": 0.0345
      }
    },
    {
      "type": "Feature",
      "geometry": {
        "type": "Point",
        "coordinates": [
          -117.159858,
          32.70421
        ]
      },
      "properties": {
        "cluster_id": 467,
        "center_lat": 32.70421,
        "center_lng": -117.159858,
        "radius_m": 515.274505,
        "radius_km": 0.51527,
        "start_date": "2024/6/5",
        "end_date": "2024/6/25",
        "start_year": 2024,
        "start_month": 6,
        "end_year": 2024,
        "end_month": 6,
        "duration_days": 20,
        "duration_weeks": 2.86,
        "observed_cases": 35,
        "expected_cases": 7.25,
        "excess_cases": 27.75,
        "obs_exp_ratio": 4.83,
        "llr": 27.346705,
        "p_value": 0.01,
        "is_high_rate": true,
        "is_hierarchical": true,
        "is_gini": false,
        "slider_value": 0.01,
        "n_case_points": 395,
        "cases_centroid_lat": 32.706442,
        "cases_centroid_lng": -117.160902,
        "center_to_case_centroid_km": 0.2667
      }
    },
    {
      "type": "Feature",
      "geometry": {
        "type": "Point",
        "coordinates": [
          -117.145053,
          32.713668
        ]
      },
      "properties": {
        "cluster_id": 468,
        "center_lat": 32.713668,
        "center_lng": -117.145053,
        "radius_m": 140.27939,
        "radius_km": 0.14028,
        "start_date": "2023/11/8",
        "end_date": "2023/12/5",
        "start_year": 2023,
        "start_month": 11,
        "end_year": 2023,
        "end_month": 12,
        "duration_days": 27,
        "duration_weeks": 3.86,
        "observed_cases": 47,
        "expected_cases": 12.66,
        "excess_cases": 34.34,
        "obs_exp_ratio": 3.71,
        "llr": 27.322218,
        "p_value": 0.01,
        "is_high_rate": true,
        "is_hierarchical": true,
        "is_gini": false,
        "slider_value": 0.01,
        "n_case_points": 355,
        "cases_centroid_lat": 32.713045,
        "cases_centroid_lng": -117.144694,
        "center_to_case_centroid_km": 0.077
      }
    },
    {
      "type": "Feature",
      "geometry": {
        "type": "Point",
        "coordinates": [
          -117.07777,
          32.74519
        ]
      },
      "properties": {
        "cluster_id": 469,
        "center_lat": 32.74519,
        "center_lng": -117.07777,
        "radius_m": 76.014108,
        "radius_km": 0.07601,
        "start_date": "2023/5/24",
        "end_date": "2024/3/12",
        "start_year": 2023,
        "start_month": 5,
        "end_year": 2024,
        "end_month": 3,
        "duration_days": 293,
        "duration_weeks": 41.86,
        "observed_cases": 108,
        "expected_cases": 48.22,
        "excess_cases": 59.78,
        "obs_exp_ratio": 2.24,
        "llr": 27.317952,
        "p_value": 0.01,
        "is_high_rate": true,
        "is_hierarchical": true,
        "is_gini": false,
        "slider_value": 0.01,
        "n_case_points": 132,
        "cases_centroid_lat": 32.745388,
        "cases_centroid_lng": -117.07786,
        "center_to_case_centroid_km": 0.0235
      }
    },
    {
      "type": "Feature",
      "geometry": {
        "type": "Point",
        "coordinates": [
          -117.055843,
          32.767433
        ]
      },
      "properties": {
        "cluster_id": 470,
        "center_lat": 32.767433,
        "center_lng": -117.055843,
        "radius_m": 18.290163,
        "radius_km": 0.01829,
        "start_date": "2023/9/20",
        "end_date": "2023/11/14",
        "start_year": 2023,
        "start_month": 9,
        "end_year": 2023,
        "end_month": 11,
        "duration_days": 55,
        "duration_weeks": 7.86,
        "observed_cases": 28,
        "expected_cases": 4.58,
        "excess_cases": 23.42,
        "obs_exp_ratio": 6.12,
        "llr": 27.282808,
        "p_value": 0.01,
        "is_high_rate": true,
        "is_hierarchical": true,
        "is_gini": false,
        "slider_value": 0.01,
        "n_case_points": 67,
        "cases_centroid_lat": 32.767488,
        "cases_centroid_lng": -117.055826,
        "center_to_case_centroid_km": 0.0063
      }
    },
    {
      "type": "Feature",
      "geometry": {
        "type": "Point",
        "coordinates": [
          -117.154141,
          32.716845
        ]
      },
      "properties": {
        "cluster_id": 471,
        "center_lat": 32.716845,
        "center_lng": -117.154141,
        "radius_m": 35.071294,
        "radius_km": 0.03507,
        "start_date": "2024/4/3",
        "end_date": "2024/4/9",
        "start_year": 2024,
        "start_month": 4,
        "end_year": 2024,
        "end_month": 4,
        "duration_days": 6,
        "duration_weeks": 0.86,
        "observed_cases": 15,
        "expected_cases": 0.96,
        "excess_cases": 14.04,
        "obs_exp_ratio": 15.67,
        "llr": 27.236411,
        "p_value": 0.01,
        "is_high_rate": true,
        "is_hierarchical": true,
        "is_gini": false,
        "slider_value": 0.01,
        "n_case_points": 121,
        "cases_centroid_lat": 32.716859,
        "cases_centroid_lng": -117.154201,
        "center_to_case_centroid_km": 0.0058
      }
    },
    {
      "type": "Feature",
      "geometry": {
        "type": "Point",
        "coordinates": [
          -117.111296,
          32.740347
        ]
      },
      "properties": {
        "cluster_id": 472,
        "center_lat": 32.740347,
        "center_lng": -117.111296,
        "radius_m": 92.931798,
        "radius_km": 0.09293,
        "start_date": "2022/10/5",
        "end_date": "2022/10/25",
        "start_year": 2022,
        "start_month": 10,
        "end_year": 2022,
        "end_month": 10,
        "duration_days": 20,
        "duration_weeks": 2.86,
        "observed_cases": 13,
        "expected_cases": 0.62,
        "excess_cases": 12.38,
        "obs_exp_ratio": 21.06,
        "llr": 27.234741,
        "p_value": 0.01,
        "is_high_rate": true,
        "is_hierarchical": true,
        "is_gini": false,
        "slider_value": 0.01,
        "n_case_points": 28,
        "cases_centroid_lat": 32.740478,
        "cases_centroid_lng": -117.111738,
        "center_to_case_centroid_km": 0.0438
      }
    },
    {
      "type": "Feature",
      "geometry": {
        "type": "Point",
        "coordinates": [
          -117.108198,
          32.751086
        ]
      },
      "properties": {
        "cluster_id": 473,
        "center_lat": 32.751086,
        "center_lng": -117.108198,
        "radius_m": 44.717951,
        "radius_km": 0.04472,
        "start_date": "2024/11/13",
        "end_date": "2024/11/19",
        "start_year": 2024,
        "start_month": 11,
        "end_year": 2024,
        "end_month": 11,
        "duration_days": 6,
        "duration_weeks": 0.86,
        "observed_cases": 10,
        "expected_cases": 0.25,
        "excess_cases": 9.75,
        "obs_exp_ratio": 40.31,
        "llr": 27.21337,
        "p_value": 0.01,
        "is_high_rate": true,
        "is_hierarchical": true,
        "is_gini": false,
        "slider_value": 0.01,
        "n_case_points": 44,
        "cases_centroid_lat": 32.751053,
        "cases_centroid_lng": -117.108141,
        "center_to_case_centroid_km": 0.0065
      }
    },
    {
      "type": "Feature",
      "geometry": {
        "type": "Point",
        "coordinates": [
          -117.202959,
          32.751596
        ]
      },
      "properties": {
        "cluster_id": 474,
        "center_lat": 32.751596,
        "center_lng": -117.202959,
        "radius_m": 131.760496,
        "radius_km": 0.13176,
        "start_date": "2023/10/25",
        "end_date": "2023/12/26",
        "start_year": 2023,
        "start_month": 10,
        "end_year": 2023,
        "end_month": 12,
        "duration_days": 62,
        "duration_weeks": 8.86,
        "observed_cases": 25,
        "expected_cases": 3.58,
        "excess_cases": 21.42,
        "obs_exp_ratio": 6.98,
        "llr": 27.174287,
        "p_value": 0.01,
        "is_high_rate": true,
        "is_hierarchical": true,
        "is_gini": false,
        "slider_value": 0.01,
        "n_case_points": 53,
        "cases_centroid_lat": 32.750864,
        "cases_centroid_lng": -117.203393,
        "center_to_case_centroid_km": 0.0909
      }
    },
    {
      "type": "Feature",
      "geometry": {
        "type": "Point",
        "coordinates": [
          -117.155702,
          32.717659
        ]
      },
      "properties": {
        "cluster_id": 475,
        "center_lat": 32.717659,
        "center_lng": -117.155702,
        "radius_m": 58.354583,
        "radius_km": 0.05835,
        "start_date": "2024/5/22",
        "end_date": "2024/6/11",
        "start_year": 2024,
        "start_month": 5,
        "end_year": 2024,
        "end_month": 6,
        "duration_days": 20,
        "duration_weeks": 2.86,
        "observed_cases": 38,
        "expected_cases": 8.58,
        "excess_cases": 29.42,
        "obs_exp_ratio": 4.43,
        "llr": 27.13825,
        "p_value": 0.01,
        "is_high_rate": true,
        "is_hierarchical": true,
        "is_gini": false,
        "slider_value": 0.01,
        "n_case_points": 422,
        "cases_centroid_lat": 32.717552,
        "cases_centroid_lng": -117.155731,
        "center_to_case_centroid_km": 0.0121
      }
    },
    {
      "type": "Feature",
      "geometry": {
        "type": "Point",
        "coordinates": [
          -117.155827,
          32.716722
        ]
      },
      "properties": {
        "cluster_id": 476,
        "center_lat": 32.716722,
        "center_lng": -117.155827,
        "radius_m": 30.667538,
        "radius_km": 0.03067,
        "start_date": "2022/7/27",
        "end_date": "2022/8/23",
        "start_year": 2022,
        "start_month": 7,
        "end_year": 2022,
        "end_month": 8,
        "duration_days": 27,
        "duration_weeks": 3.86,
        "observed_cases": 47,
        "expected_cases": 12.74,
        "excess_cases": 34.26,
        "obs_exp_ratio": 3.69,
        "llr": 27.102972,
        "p_value": 0.01,
        "is_high_rate": true,
        "is_hierarchical": true,
        "is_gini": false,
        "slider_value": 0.01,
        "n_case_points": 485,
        "cases_centroid_lat": 32.716715,
        "cases_centroid_lng": -117.155822,
        "center_to_case_centroid_km": 0.0009
      }
    },
    {
      "type": "Feature",
      "geometry": {
        "type": "Point",
        "coordinates": [
          -117.095334,
          32.755815
        ]
      },
      "properties": {
        "cluster_id": 477,
        "center_lat": 32.755815,
        "center_lng": -117.095334,
        "radius_m": 108.944844,
        "radius_km": 0.10894,
        "start_date": "2022/8/10",
        "end_date": "2022/9/13",
        "start_year": 2022,
        "start_month": 8,
        "end_year": 2022,
        "end_month": 9,
        "duration_days": 34,
        "duration_weeks": 4.86,
        "observed_cases": 21,
        "expected_cases": 2.39,
        "excess_cases": 18.61,
        "obs_exp_ratio": 8.79,
        "llr": 27.037641,
        "p_value": 0.01,
        "is_high_rate": true,
        "is_hierarchical": true,
        "is_gini": false,
        "slider_value": 0.01,
        "n_case_points": 53,
        "cases_centroid_lat": 32.756074,
        "cases_centroid_lng": -117.094633,
        "center_to_case_centroid_km": 0.0716
      }
    },
    {
      "type": "Feature",
      "geometry": {
        "type": "Point",
        "coordinates": [
          -117.170308,
          32.734218
        ]
      },
      "properties": {
        "cluster_id": 478,
        "center_lat": 32.734218,
        "center_lng": -117.170308,
        "radius_m": 47.783738,
        "radius_km": 0.04778,
        "start_date": "2024/4/24",
        "end_date": "2024/5/7",
        "start_year": 2024,
        "start_month": 4,
        "end_year": 2024,
        "end_month": 5,
        "duration_days": 13,
        "duration_weeks": 1.86,
        "observed_cases": 9,
        "expected_cases": 0.17,
        "excess_cases": 8.83,
        "obs_exp_ratio": 53.29,
        "llr": 26.95169,
        "p_value": 0.01,
        "is_high_rate": true,
        "is_hierarchical": true,
        "is_gini": false,
        "slider_value": 0.01,
        "n_case_points": 12,
        "cases_centroid_lat": 32.73428,
        "cases_centroid_lng": -117.170093,
        "center_to_case_centroid_km": 0.0213
      }
    },
    {
      "type": "Feature",
      "geometry": {
        "type": "Point",
        "coordinates": [
          -117.198186,
          32.759596
        ]
      },
      "properties": {
        "cluster_id": 479,
        "center_lat": 32.759596,
        "center_lng": -117.198186,
        "radius_m": 104.426887,
        "radius_km": 0.10443,
        "start_date": "2022/5/4",
        "end_date": "2022/10/4",
        "start_year": 2022,
        "start_month": 5,
        "end_year": 2022,
        "end_month": 10,
        "duration_days": 153,
        "duration_weeks": 21.86,
        "observed_cases": 32,
        "expected_cases": 6.15,
        "excess_cases": 25.85,
        "obs_exp_ratio": 5.2,
        "llr": 26.922834,
        "p_value": 0.01,
        "is_high_rate": true,
        "is_hierarchical": true,
        "is_gini": false,
        "slider_value": 0.01,
        "n_case_points": 43,
        "cases_centroid_lat": 32.759732,
        "cases_centroid_lng": -117.197801,
        "center_to_case_centroid_km": 0.039
      }
    },
    {
      "type": "Feature",
      "geometry": {
        "type": "Point",
        "coordinates": [
          -117.040767,
          32.685716
        ]
      },
      "properties": {
        "cluster_id": 480,
        "center_lat": 32.685716,
        "center_lng": -117.040767,
        "radius_m": 114.381087,
        "radius_km": 0.11438,
        "start_date": "2022/5/11",
        "end_date": "2022/6/7",
        "start_year": 2022,
        "start_month": 5,
        "end_year": 2022,
        "end_month": 6,
        "duration_days": 27,
        "duration_weeks": 3.86,
        "observed_cases": 10,
        "expected_cases": 0.26,
        "excess_cases": 9.74,
        "obs_exp_ratio": 39.07,
        "llr": 26.909939,
        "p_value": 0.01,
        "is_high_rate": true,
        "is_hierarchical": true,
        "is_gini": false,
        "slider_value": 0.01,
        "n_case_points": 10,
        "cases_centroid_lat": 32.68499,
        "cases_centroid_lng": -117.041133,
        "center_to_case_centroid_km": 0.0876
      }
    },
    {
      "type": "Feature",
      "geometry": {
        "type": "Point",
        "coordinates": [
          -117.157341,
          32.713917
        ]
      },
      "properties": {
        "cluster_id": 481,
        "center_lat": 32.713917,
        "center_lng": -117.157341,
        "radius_m": 24.276733,
        "radius_km": 0.02428,
        "start_date": "2023/9/13",
        "end_date": "2024/2/13",
        "start_year": 2023,
        "start_month": 9,
        "end_year": 2024,
        "end_month": 2,
        "duration_days": 153,
        "duration_weeks": 21.86,
        "observed_cases": 117,
        "expected_cases": 54.51,
        "excess_cases": 62.49,
        "obs_exp_ratio": 2.15,
        "llr": 26.887278,
        "p_value": 0.01,
        "is_high_rate": true,
        "is_hierarchical": true,
        "is_gini": false,
        "slider_value": 0.01,
        "n_case_points": 310,
        "cases_centroid_lat": 32.713898,
        "cases_centroid_lng": -117.1574,
        "center_to_case_centroid_km": 0.0059
      }
    },
    {
      "type": "Feature",
      "geometry": {
        "type": "Point",
        "coordinates": [
          -117.152088,
          32.706939
        ]
      },
      "properties": {
        "cluster_id": 482,
        "center_lat": 32.706939,
        "center_lng": -117.152088,
        "radius_m": 42.567377,
        "radius_km": 0.04257,
        "start_date": "2024/4/17",
        "end_date": "2024/4/30",
        "start_year": 2024,
        "start_month": 4,
        "end_year": 2024,
        "end_month": 4,
        "duration_days": 13,
        "duration_weeks": 1.86,
        "observed_cases": 23,
        "expected_cases": 3.0,
        "excess_cases": 20.0,
        "obs_exp_ratio": 7.68,
        "llr": 26.881484,
        "p_value": 0.01,
        "is_high_rate": true,
        "is_hierarchical": true,
        "is_gini": false,
        "slider_value": 0.01,
        "n_case_points": 221,
        "cases_centroid_lat": 32.70694,
        "cases_centroid_lng": -117.151978,
        "center_to_case_centroid_km": 0.0103
      }
    },
    {
      "type": "Feature",
      "geometry": {
        "type": "Point",
        "coordinates": [
          -117.081149,
          33.020038
        ]
      },
      "properties": {
        "cluster_id": 483,
        "center_lat": 33.020038,
        "center_lng": -117.081149,
        "radius_m": 149.719531,
        "radius_km": 0.14972,
        "start_date": "2023/8/9",
        "end_date": "2023/9/12",
        "start_year": 2023,
        "start_month": 8,
        "end_year": 2023,
        "end_month": 9,
        "duration_days": 34,
        "duration_weeks": 4.86,
        "observed_cases": 13,
        "expected_cases": 0.64,
        "excess_cases": 12.36,
        "obs_exp_ratio": 20.44,
        "llr": 26.865069,
        "p_value": 0.01,
        "is_high_rate": true,
        "is_hierarchical": true,
        "is_gini": false,
        "slider_value": 0.01,
        "n_case_points": 14,
        "cases_centroid_lat": 33.020094,
        "cases_centroid_lng": -117.081732,
        "center_to_case_centroid_km": 0.0547
      }
    },
    {
      "type": "Feature",
      "geometry": {
        "type": "Point",
        "coordinates": [
          -117.148504,
          32.711252
        ]
      },
      "properties": {
        "cluster_id": 484,
        "center_lat": 32.711252,
        "center_lng": -117.148504,
        "radius_m": 15.389358,
        "radius_km": 0.01539,
        "start_date": "2023/3/29",
        "end_date": "2023/4/11",
        "start_year": 2023,
        "start_month": 3,
        "end_year": 2023,
        "end_month": 4,
        "duration_days": 13,
        "duration_weeks": 1.86,
        "observed_cases": 14,
        "expected_cases": 0.8,
        "excess_cases": 13.2,
        "obs_exp_ratio": 17.43,
        "llr": 26.819928,
        "p_value": 0.01,
        "is_high_rate": true,
        "is_hierarchical": true,
        "is_gini": false,
        "slider_value": 0.01,
        "n_case_points": 79,
        "cases_centroid_lat": 32.711273,
        "cases_centroid_lng": -117.148627,
        "center_to_case_centroid_km": 0.0118
      }
    },
    {
      "type": "Feature",
      "geometry": {
        "type": "Point",
        "coordinates": [
          -117.254985,
          32.788644
        ]
      },
      "properties": {
        "cluster_id": 485,
        "center_lat": 32.788644,
        "center_lng": -117.254985,
        "radius_m": 195.137335,
        "radius_km": 0.19514,
        "start_date": "2022/3/23",
        "end_date": "2022/3/29",
        "start_year": 2022,
        "start_month": 3,
        "end_year": 2022,
        "end_month": 3,
        "duration_days": 6,
        "duration_weeks": 0.86,
        "observed_cases": 12,
        "expected_cases": 0.49,
        "excess_cases": 11.51,
        "obs_exp_ratio": 24.25,
        "llr": 26.758424,
        "p_value": 0.01,
        "is_high_rate": true,
        "is_hierarchical": true,
        "is_gini": false,
        "slider_value": 0.01,
        "n_case_points": 83,
        "cases_centroid_lat": 32.788288,
        "cases_centroid_lng": -117.254678,
        "center_to_case_centroid_km": 0.0489
      }
    },
    {
      "type": "Feature",
      "geometry": {
        "type": "Point",
        "coordinates": [
          -117.208022,
          32.769724
        ]
      },
      "properties": {
        "cluster_id": 486,
        "center_lat": 32.769724,
        "center_lng": -117.208022,
        "radius_m": 97.281712,
        "radius_km": 0.09728,
        "start_date": "2022/1/12",
        "end_date": "2022/2/15",
        "start_year": 2022,
        "start_month": 1,
        "end_year": 2022,
        "end_month": 2,
        "duration_days": 34,
        "duration_weeks": 4.86,
        "observed_cases": 15,
        "expected_cases": 0.99,
        "excess_cases": 14.01,
        "obs_exp_ratio": 15.14,
        "llr": 26.755482,
        "p_value": 0.01,
        "is_high_rate": true,
        "is_hierarchical": true,
        "is_gini": false,
        "slider_value": 0.01,
        "n_case_points": 36,
        "cases_centroid_lat": 32.76965,
        "cases_centroid_lng": -117.207888,
        "center_to_case_centroid_km": 0.015
      }
    },
    {
      "type": "Feature",
      "geometry": {
        "type": "Point",
        "coordinates": [
          -117.156564,
          32.717537
        ]
      },
      "properties": {
        "cluster_id": 487,
        "center_lat": 32.717537,
        "center_lng": -117.156564,
        "radius_m": 12.1981,
        "radius_km": 0.0122,
        "start_date": "2023/9/13",
        "end_date": "2023/10/10",
        "start_year": 2023,
        "start_month": 9,
        "end_year": 2023,
        "end_month": 10,
        "duration_days": 27,
        "duration_weeks": 3.86,
        "observed_cases": 31,
        "expected_cases": 5.82,
        "excess_cases": 25.18,
        "obs_exp_ratio": 5.33,
        "llr": 26.671441,
        "p_value": 0.01,
        "is_high_rate": true,
        "is_hierarchical": true,
        "is_gini": false,
        "slider_value": 0.01,
        "n_case_points": 153,
        "cases_centroid_lat": 32.717539,
        "cases_centroid_lng": -117.156508,
        "center_to_case_centroid_km": 0.0052
      }
    },
    {
      "type": "Feature",
      "geometry": {
        "type": "Point",
        "coordinates": [
          -117.064621,
          32.761336
        ]
      },
      "properties": {
        "cluster_id": 488,
        "center_lat": 32.761336,
        "center_lng": -117.064621,
        "radius_m": 108.374027,
        "radius_km": 0.10837,
        "start_date": "2023/5/17",
        "end_date": "2023/5/30",
        "start_year": 2023,
        "start_month": 5,
        "end_year": 2023,
        "end_month": 5,
        "duration_days": 13,
        "duration_weeks": 1.86,
        "observed_cases": 26,
        "expected_cases": 4.0,
        "excess_cases": 22.0,
        "obs_exp_ratio": 6.49,
        "llr": 26.64168,
        "p_value": 0.01,
        "is_high_rate": true,
        "is_hierarchical": true,
        "is_gini": false,
        "slider_value": 0.01,
        "n_case_points": 235,
        "cases_centroid_lat": 32.761918,
        "cases_centroid_lng": -117.064297,
        "center_to_case_centroid_km": 0.0714
      }
    },
    {
      "type": "Feature",
      "geometry": {
        "type": "Point",
        "coordinates": [
          -117.102379,
          32.726884
        ]
      },
      "properties": {
        "cluster_id": 489,
        "center_lat": 32.726884,
        "center_lng": -117.102379,
        "radius_m": 20.246381,
        "radius_km": 0.02025,
        "start_date": "2023/4/5",
        "end_date": "2023/4/18",
        "start_year": 2023,
        "start_month": 4,
        "end_year": 2023,
        "end_month": 4,
        "duration_days": 13,
        "duration_weeks": 1.86,
        "observed_cases": 10,
        "expected_cases": 0.26,
        "excess_cases": 9.74,
        "obs_exp_ratio": 37.8,
        "llr": 26.588152,
        "p_value": 0.01,
        "is_high_rate": true,
        "is_hierarchical": true,
        "is_gini": false,
        "slider_value": 0.01,
        "n_case_points": 23,
        "cases_centroid_lat": 32.726944,
        "cases_centroid_lng": -117.102378,
        "center_to_case_centroid_km": 0.0067
      }
    },
    {
      "type": "Feature",
      "geometry": {
        "type": "Point",
        "coordinates": [
          -117.173778,
          32.729424
        ]
      },
      "properties": {
        "cluster_id": 490,
        "center_lat": 32.729424,
        "center_lng": -117.173778,
        "radius_m": 592.001288,
        "radius_km": 0.592,
        "start_date": "2024/11/13",
        "end_date": "2024/12/10",
        "start_year": 2024,
        "start_month": 11,
        "end_year": 2024,
        "end_month": 12,
        "duration_days": 27,
        "duration_weeks": 3.86,
        "observed_cases": 38,
        "expected_cases": 8.75,
        "excess_cases": 29.25,
        "obs_exp_ratio": 4.34,
        "llr": 26.56019,
        "p_value": 0.01,
        "is_high_rate": true,
        "is_hierarchical": true,
        "is_gini": false,
        "slider_value": 0.01,
        "n_case_points": 467,
        "cases_centroid_lat": 32.729316,
        "cases_centroid_lng": -117.171057,
        "center_to_case_centroid_km": 0.2548
      }
    },
    {
      "type": "Feature",
      "geometry": {
        "type": "Point",
        "coordinates": [
          -117.193399,
          32.747714
        ]
      },
      "properties": {
        "cluster_id": 491,
        "center_lat": 32.747714,
        "center_lng": -117.193399,
        "radius_m": 162.015328,
        "radius_km": 0.16202,
        "start_date": "2024/6/5",
        "end_date": "2024/6/25",
        "start_year": 2024,
        "start_month": 6,
        "end_year": 2024,
        "end_month": 6,
        "duration_days": 20,
        "duration_weeks": 2.86,
        "observed_cases": 23,
        "expected_cases": 3.05,
        "excess_cases": 19.95,
        "obs_exp_ratio": 7.55,
        "llr": 26.534224,
        "p_value": 0.01,
        "is_high_rate": true,
        "is_hierarchical": true,
        "is_gini": false,
        "slider_value": 0.01,
        "n_case_points": 164,
        "cases_centroid_lat": 32.747472,
        "cases_centroid_lng": -117.192838,
        "center_to_case_centroid_km": 0.059
      }
    },
    {
      "type": "Feature",
      "geometry": {
        "type": "Point",
        "coordinates": [
          -117.1085,
          32.752649
        ]
      },
      "properties": {
        "cluster_id": 492,
        "center_lat": 32.752649,
        "center_lng": -117.1085,
        "radius_m": 76.089078,
        "radius_km": 0.07609,
        "start_date": "2023/6/7",
        "end_date": "2023/9/12",
        "start_year": 2023,
        "start_month": 6,
        "end_year": 2023,
        "end_month": 9,
        "duration_days": 97,
        "duration_weeks": 13.86,
        "observed_cases": 62,
        "expected_cases": 20.81,
        "excess_cases": 41.19,
        "obs_exp_ratio": 2.98,
        "llr": 26.504961,
        "p_value": 0.01,
        "is_high_rate": true,
        "is_hierarchical": true,
        "is_gini": false,
        "slider_value": 0.01,
        "n_case_points": 178,
        "cases_centroid_lat": 32.753236,
        "cases_centroid_lng": -117.10854,
        "center_to_case_centroid_km": 0.0654
      }
    },
    {
      "type": "Feature",
      "geometry": {
        "type": "Point",
        "coordinates": [
          -117.152844,
          32.717794
        ]
      },
      "properties": {
        "cluster_id": 493,
        "center_lat": 32.717794,
        "center_lng": -117.152844,
        "radius_m": 132.529127,
        "radius_km": 0.13253,
        "start_date": "2024/6/12",
        "end_date": "2024/9/10",
        "start_year": 2024,
        "start_month": 6,
        "end_year": 2024,
        "end_month": 9,
        "duration_days": 90,
        "duration_weeks": 12.86,
        "observed_cases": 52,
        "expected_cases": 15.48,
        "excess_cases": 36.52,
        "obs_exp_ratio": 3.36,
        "llr": 26.504788,
        "p_value": 0.01,
        "is_high_rate": true,
        "is_hierarchical": true,
        "is_gini": false,
        "slider_value": 0.01,
        "n_case_points": 181,
        "cases_centroid_lat": 32.71733,
        "cases_centroid_lng": -117.15327,
        "center_to_case_centroid_km": 0.0652
      }
    },
    {
      "type": "Feature",
      "geometry": {
        "type": "Point",
        "coordinates": [
          -117.161128,
          32.722683
        ]
      },
      "properties": {
        "cluster_id": 494,
        "center_lat": 32.722683,
        "center_lng": -117.161128,
        "radius_m": 13.690625,
        "radius_km": 0.01369,
        "start_date": "2023/6/21",
        "end_date": "2023/7/18",
        "start_year": 2023,
        "start_month": 6,
        "end_year": 2023,
        "end_month": 7,
        "duration_days": 27,
        "duration_weeks": 3.86,
        "observed_cases": 23,
        "expected_cases": 3.06,
        "excess_cases": 19.94,
        "obs_exp_ratio": 7.51,
        "llr": 26.438472,
        "p_value": 0.01,
        "is_high_rate": true,
        "is_hierarchical": true,
        "is_gini": false,
        "slider_value": 0.01,
        "n_case_points": 105,
        "cases_centroid_lat": 32.722691,
        "cases_centroid_lng": -117.161143,
        "center_to_case_centroid_km": 0.0016
      }
    },
    {
      "type": "Feature",
      "geometry": {
        "type": "Point",
        "coordinates": [
          -117.160717,
          32.72292
        ]
      },
      "properties": {
        "cluster_id": 495,
        "center_lat": 32.72292,
        "center_lng": -117.160717,
        "radius_m": 18.599575,
        "radius_km": 0.0186,
        "start_date": "2022/6/1",
        "end_date": "2022/7/19",
        "start_year": 2022,
        "start_month": 6,
        "end_year": 2022,
        "end_month": 7,
        "duration_days": 48,
        "duration_weeks": 6.86,
        "observed_cases": 24,
        "expected_cases": 3.4,
        "excess_cases": 20.6,
        "obs_exp_ratio": 7.05,
        "llr": 26.289707,
        "p_value": 0.01,
        "is_high_rate": true,
        "is_hierarchical": true,
        "is_gini": false,
        "slider_value": 0.01,
        "n_case_points": 73,
        "cases_centroid_lat": 32.723045,
        "cases_centroid_lng": -117.16069,
        "center_to_case_centroid_km": 0.0141
      }
    },
    {
      "type": "Feature",
      "geometry": {
        "type": "Point",
        "coordinates": [
          -117.158383,
          32.713795
        ]
      },
      "properties": {
        "cluster_id": 496,
        "center_lat": 32.713795,
        "center_lng": -117.158383,
        "radius_m": 16.130529,
        "radius_km": 0.01613,
        "start_date": "2022/8/24",
        "end_date": "2022/8/30",
        "start_year": 2022,
        "start_month": 8,
        "end_year": 2022,
        "end_month": 8,
        "duration_days": 6,
        "duration_weeks": 0.86,
        "observed_cases": 26,
        "expected_cases": 4.07,
        "excess_cases": 21.93,
        "obs_exp_ratio": 6.39,
        "llr": 26.286748,
        "p_value": 0.01,
        "is_high_rate": true,
        "is_hierarchical": true,
        "is_gini": false,
        "slider_value": 0.01,
        "n_case_points": 550,
        "cases_centroid_lat": 32.713816,
        "cases_centroid_lng": -117.158291,
        "center_to_case_centroid_km": 0.0089
      }
    },
    {
      "type": "Feature",
      "geometry": {
        "type": "Point",
        "coordinates": [
          -117.124661,
          32.75257
        ]
      },
      "properties": {
        "cluster_id": 497,
        "center_lat": 32.75257,
        "center_lng": -117.124661,
        "radius_m": 137.6718,
        "radius_km": 0.13767,
        "start_date": "2024/2/21",
        "end_date": "2024/3/5",
        "start_year": 2024,
        "start_month": 2,
        "end_year": 2024,
        "end_month": 3,
        "duration_days": 13,
        "duration_weeks": 1.86,
        "observed_cases": 29,
        "expected_cases": 5.15,
        "excess_cases": 23.85,
        "obs_exp_ratio": 5.63,
        "llr": 26.281312,
        "p_value": 0.01,
        "is_high_rate": true,
        "is_hierarchical": true,
        "is_gini": false,
        "slider_value": 0.01,
        "n_case_points": 330,
        "cases_centroid_lat": 32.752949,
        "cases_centroid_lng": -117.124339,
        "center_to_case_centroid_km": 0.0518
      }
    },
    {
      "type": "Feature",
      "geometry": {
        "type": "Point",
        "coordinates": [
          -117.254267,
          32.795031
        ]
      },
      "properties": {
        "cluster_id": 498,
        "center_lat": 32.795031,
        "center_lng": -117.254267,
        "radius_m": 93.653603,
        "radius_km": 0.09365,
        "start_date": "2023/11/22",
        "end_date": "2024/1/9",
        "start_year": 2023,
        "start_month": 11,
        "end_year": 2024,
        "end_month": 1,
        "duration_days": 48,
        "duration_weeks": 6.86,
        "observed_cases": 16,
        "expected_cases": 1.23,
        "excess_cases": 14.77,
        "obs_exp_ratio": 12.96,
        "llr": 26.226916,
        "p_value": 0.01,
        "is_high_rate": true,
        "is_hierarchical": true,
        "is_gini": false,
        "slider_value": 0.01,
        "n_case_points": 26,
        "cases_centroid_lat": 32.795294,
        "cases_centroid_lng": -117.25397,
        "center_to_case_centroid_km": 0.0403
      }
    },
    {
      "type": "Feature",
      "geometry": {
        "type": "Point",
        "coordinates": [
          -117.246722,
          32.754555
        ]
      },
      "properties": {
        "cluster_id": 499,
        "center_lat": 32.754555,
        "center_lng": -117.246722,
        "radius_m": 61.148154,
        "radius_km": 0.06115,
        "start_date": "2023/10/4",
        "end_date": "2024/1/16",
        "start_year": 2023,
        "start_month": 10,
        "end_year": 2024,
        "end_month": 1,
        "duration_days": 104,
        "duration_weeks": 14.86,
        "observed_cases": 43,
        "expected_cases": 11.16,
        "excess_cases": 31.84,
        "obs_exp_ratio": 3.85,
        "llr": 26.163509,
        "p_value": 0.01,
        "is_high_rate": true,
        "is_hierarchical": true,
        "is_gini": false,
        "slider_value": 0.01,
        "n_case_points": 96,
        "cases_centroid_lat": 32.754674,
        "cases_centroid_lng": -117.247046,
        "center_to_case_centroid_km": 0.033
      }
    },
    {
      "type": "Feature",
      "geometry": {
        "type": "Point",
        "coordinates": [
          -117.154827,
          32.769206
        ]
      },
      "properties": {
        "cluster_id": 500,
        "center_lat": 32.769206,
        "center_lng": -117.154827,
        "radius_m": 17.651543,
        "radius_km": 0.01765,
        "start_date": "2023/10/11",
        "end_date": "2023/10/17",
        "start_year": 2023,
        "start_month": 10,
        "end_year": 2023,
        "end_month": 10,
        "duration_days": 6,
        "duration_weeks": 0.86,
        "observed_cases": 7,
        "expected_cases": 0.062,
        "excess_cases": 6.94,
        "obs_exp_ratio": 112.11,
        "llr": 26.098741,
        "p_value": 0.01,
        "is_high_rate": true,
        "is_hierarchical": true,
        "is_gini": false,
        "slider_value": 0.01,
        "n_case_points": 6,
        "cases_centroid_lat": 32.769231,
        "cases_centroid_lng": -117.154773,
        "center_to_case_centroid_km": 0.0057
      }
    }
  ]
}