cluster_id,center_lat,center_lng,radius_m,radius_km,start_date,end_date,start_year,start_month,end_year,end_month,duration_days,duration_weeks,observed_cases,expected_cases,excess_cases,obs_exp_ratio,llr,p_value,is_high_rate,is_hierarchical,is_gini,slider_value,n_case_points,cases_centroid_lat,cases_centroid_lng,center_to_case_centroid_km,cases_bbox_lat_min,cases_bbox_lat_max,cases_bbox_lng_min,cases_bbox_lng_max,cases_bbox_lat_span_km,cases_bbox_lng_span_km
1,32.712906,-117.149373,90.164017,0.09016,2023/11/29,2024/2/27,2023,11,2024,2,90,12.86,750,107.99,642.01,6.94,813.355291,0.01,True,True,False,0.01,1096,32.712995,-117.149538,0.0183,32.712134,32.713707,-117.150314,-117.148455,0.1749,0.1739
2,32.714485,-117.152421,27.6205,0.02762,2024/4/17,2024/8/13,2024,4,2024,8,118,16.86,424,57.44,366.56,7.38,481.591534,0.01,True,True,False,0.01,519,32.714599,-117.152416,0.0126,32.714376,32.714732,-117.152663,-117.152134,0.0396,0.0495
3,32.740215,-117.158929,87.015582,0.08702,2022/2/23,2022/5/31,2022,2,2022,5,97,13.86,403,55.86,347.14,7.21,449.776266,0.01,True,True,False,0.01,675,32.740134,-117.159109,0.0191,32.739457,32.74097,-117.159636,-117.158107,0.1682,0.143
4,32.709286,-117.164844,77.782289,0.07778,2022/1/1,2022/3/15,2022,1,2022,3,73,10.43,252,17.79,234.21,14.17,434.031761,0.01,True,True,False,0.01,312,32.709353,-117.16456,0.0275,32.708935,32.709936,-117.165537,-117.164078,0.1113,0.1365
5,32.721997,-117.16711,335.657225,0.33566,2024/8/14,2024/12/31,2024,8,2024,12,139,19.86,518,106.85,411.15,4.85,407.280939,0.01,True,True,False,0.01,1084,32.721502,-117.165787,0.1355,32.718988,32.724945,-117.170678,-117.163559,0.6624,0.666
6,32.7151,-117.158403,50.344006,0.05034,2022/10/5,2023/8/15,2022,10,2023,8,314,44.86,874,309.87,564.13,2.82,343.581602,0.01,True,True,False,0.01,1106,32.714872,-117.158336,0.0262,32.714652,32.715538,-117.15877,-117.157889,0.0985,0.0824
7,32.708397,-117.150996,80.795003,0.0808,2023/8/16,2023/12/5,2023,8,2023,12,111,15.86,552,153.73,398.27,3.59,308.081186,0.01,True,True,False,0.01,1079,32.708469,-117.150987,0.0081,32.707791,32.708884,-117.151854,-117.150136,0.1215,0.1607
8,32.715755,-117.155501,82.1345,0.08213,2023/12/20,2024/4/30,2023,12,2024,4,132,18.86,503,131.76,371.24,3.82,303.193162,0.01,True,True,False,0.01,887,32.715859,-117.155313,0.0211,32.715027,32.716478,-117.156356,-117.15468,0.1613,0.1568
9,32.715238,-117.152998,72.572579,0.07257,2023/4/26,2024/1/30,2023,4,2024,1,279,39.86,909,359.78,549.22,2.53,294.65053,0.01,True,True,False,0.01,1106,32.71518,-117.153309,0.0298,32.714592,32.71588,-117.153768,-117.152312,0.1432,0.1362
10,32.710341,-117.152035,139.315611,0.13932,2023/8/9,2023/12/12,2023,8,2023,12,125,17.86,532,163.85,368.15,3.25,258.981786,0.01,True,True,False,0.01,1031,32.710307,-117.152318,0.0267,32.709095,32.7115,-117.153482,-117.150562,0.2674,0.2732
11,32.76687,-117.060285,277.669799,0.27767,2022/2/2,2023/1/24,2022,2,2023,1,356,50.86,798,318.61,479.39,2.5,254.322959,0.01,True,True,False,0.01,1058,32.765926,-117.059277,0.1411,32.764391,32.768694,-117.061538,-117.057517,0.4785,0.376
12,32.711086,-117.157615,116.685439,0.11669,2023/11/29,2024/2/13,2023,11,2024,2,76,10.86,368,86.6,281.4,4.25,251.387604,0.01,True,True,False,0.01,1067,32.710793,-117.158089,0.0551,32.710065,32.711974,-117.158772,-117.15663,0.2123,0.2004
13,32.715605,-117.149028,144.512974,0.14451,2024/4/10,2024/4/23,2024,4,2024,4,13,1.86,113,5.26,107.74,21.48,238.915136,0.01,True,True,False,0.01,395,32.715728,-117.148559,0.0459,32.714426,32.716825,-117.150561,-117.147507,0.2668,0.2857
14,32.706986,-117.146909,194.799884,0.1948,2023/8/2,2023/10/24,2023,8,2023,10,83,11.86,421,116.05,304.95,3.63,237.965389,0.01,True,True,False,0.01,1006,32.707315,-117.147499,0.0663,32.70524,32.708707,-117.148859,-117.144965,0.3855,0.3643
15,32.72027,-117.16232,142.884155,0.14288,2024/1/24,2024/10/22,2024,1,2024,10,272,38.86,712,281.19,430.81,2.53,231.499806,0.01,True,True,False,0.01,1091,32.720334,-117.162411,0.0111,32.719051,32.721523,-117.163774,-117.161029,0.2749,0.2568
16,32.704088,-117.150922,264.406541,0.26441,2023/5/10,2023/8/1,2023,5,2023,8,83,11.86,374,97.99,276.01,3.82,225.273049,0.01,True,True,False,0.01,981,32.705182,-117.150771,0.1225,32.702192,32.70639,-117.153434,-117.148193,0.4668,0.4904
17,32.756915,-117.108254,107.371186,0.10737,2022/1/1,2022/1/25,2022,1,2022,1,24,3.43,95,3.45,91.55,27.51,223.36956,0.01,True,True,False,0.01,187,32.75716,-117.108829,0.0602,32.756731,32.757826,-117.109363,-117.107188,0.1218,0.2034
18,32.749724,-117.122058,82.527751,0.08253,2023/1/11,2023/3/14,2023,1,2023,3,62,8.86,227,37.78,189.22,6.01,218.005674,0.01,True,True,False,0.01,660,32.749547,-117.122306,0.0304,32.748986,32.750354,-117.122894,-117.12151,0.1521,0.1294
19,32.714753,-117.157504,45.327172,0.04533,2023/4/26,2023/8/8,2023,4,2023,8,104,14.86,420,124.63,295.37,3.37,215.280815,0.01,True,True,False,0.01,1060,32.714728,-117.157512,0.0029,32.714348,32.71516,-117.157985,-117.157025,0.0903,0.0898
20,32.713053,-117.15818,70.296141,0.0703,2023/9/27,2023/12/19,2023,9,2023,12,83,11.86,252,48.03,203.97,5.25,213.941938,0.01,True,True,False,0.01,487,32.713497,-117.15813,0.0496,32.712528,32.713682,-117.15862,-117.157431,0.1283,0.1112
21,32.72257,-117.161252,71.8694,0.07187,2023/7/26,2023/10/24,2023,7,2023,10,90,12.86,312,73.91,238.09,4.22,211.494412,0.01,True,True,False,0.01,621,32.722816,-117.161112,0.0303,32.721933,32.723212,-117.162017,-117.160671,0.1422,0.1259
22,32.725338,-117.160993,152.546505,0.15255,2024/3/20,2024/6/18,2024,3,2024,6,90,12.86,247,46.74,200.26,5.28,211.107575,0.01,True,True,False,0.01,523,32.72537,-117.160344,0.0608,32.723973,32.726536,-117.162567,-117.159406,0.285,0.2957
23,32.751307,-117.122477,158.688109,0.15869,2022/3/23,2022/10/25,2022,3,2022,10,216,30.86,392,117.09,274.91,3.35,199.095391,0.01,True,True,False,0.01,548,32.750645,-117.122939,0.0853,32.749889,32.752446,-117.124158,-117.121683,0.2843,0.2315
24,32.707572,-117.161086,265.293286,0.26529,2022/4/6,2022/7/12,2022,4,2022,7,97,13.86,244,50.19,193.81,4.86,192.204573,0.01,True,True,False,0.01,566,32.708351,-117.162145,0.1316,32.706545,32.709947,-117.163599,-117.158584,0.3783,0.4692
25,32.714098,-117.159171,81.341396,0.08134,2023/4/19,2023/5/23,2023,4,2023,5,34,4.86,185,30.36,154.64,6.09,179.782245,0.01,True,True,False,0.01,724,32.714151,-117.158515,0.0616,32.713545,32.71478,-117.15985,-117.158304,0.1373,0.1446
26,32.753931,-117.058484,48.520041,0.04852,2022/7/6,2022/9/6,2022,7,2022,9,62,8.86,105,7.7,97.3,13.63,177.042493,0.01,True,True,False,0.01,119,32.753782,-117.05839,0.0188,32.753527,32.754344,-117.058981,-117.058053,0.0908,0.0868
27,32.707465,-117.15363,97.88644,0.09789,2023/7/5,2023/8/8,2023,7,2023,8,34,4.86,176,29.68,146.32,5.93,167.049215,0.01,True,True,False,0.01,724,32.707877,-117.153715,0.0465,32.706594,32.70833,-117.154541,-117.152724,0.193,0.17
28,32.751754,-117.252019,271.391672,0.27139,2024/5/15,2024/10/8,2024,5,2024,10,146,20.86,412,144.28,267.72,2.86,164.898571,0.01,True,True,False,0.01,1081,32.751456,-117.252088,0.0337,32.749339,32.754128,-117.253123,-117.249327,0.5325,0.355
29,32.760458,-117.064652,169.314306,0.16931,2023/6/14,2023/8/1,2023,6,2023,8,48,6.86,124,14.29,109.71,8.68,158.243998,0.01,True,True,False,0.01,265,32.760458,-117.065445,0.0742,32.759593,32.761956,-117.066427,-117.063265,0.2628,0.2957
30,32.70928,-117.151733,57.134885,0.05713,2022/1/1,2022/3/15,2022,1,2022,3,73,10.43,152,23.42,128.58,6.49,155.793219,0.01,True,True,False,0.01,412,32.709145,-117.151914,0.0226,32.708773,32.709742,-117.152309,-117.151501,0.1077,0.0756
31,32.752792,-117.068583,259.098664,0.2591,2024/2/14,2024/9/3,2024,2,2024,9,202,28.86,194,39.87,154.13,4.87,152.934447,0.01,True,True,False,0.01,208,32.752334,-117.066849,0.1699,32.75093,32.75353,-117.069753,-117.066042,0.2891,0.347
32,32.745685,-117.183398,292.868333,0.29287,2024/9/18,2024/9/24,2024,9,2024,9,6,0.86,47,0.76,46.24,61.94,147.699952,0.01,True,True,False,0.01,106,32.74415,-117.183869,0.1763,32.743127,32.746791,-117.186034,-117.180528,0.4074,0.5149
33,32.755505,-117.124353,165.573233,0.16557,2024/7/31,2024/12/31,2024,7,2024,12,153,21.86,224,54.5,169.5,4.11,147.251703,0.01,True,True,False,0.01,492,32.755373,-117.12537,0.0962,32.754134,32.756832,-117.126096,-117.123337,0.3,0.258
34,32.707629,-117.148972,46.708473,0.04671,2024/11/20,2024/12/31,2024,11,2024,12,41,5.86,77,4.59,72.41,16.76,144.698641,0.01,True,True,False,0.01,197,32.7077,-117.148845,0.0143,32.70731,32.708017,-117.149461,-117.148507,0.0786,0.0893
35,32.707659,-117.152724,94.883651,0.09488,2023/11/1,2023/12/5,2023,11,2023,12,34,4.86,207,47.86,159.14,4.33,144.128951,0.01,True,True,False,0.01,1106,32.70803,-117.152673,0.0415,32.70701,32.708505,-117.153712,-117.151784,0.1662,0.1804
36,32.767709,-117.050141,174.33805,0.17434,2022/2/2,2022/6/28,2022,2,2022,6,146,20.86,216,53.29,162.71,4.05,139.694965,0.01,True,True,False,0.01,419,32.768496,-117.050287,0.0885,32.767552,32.769172,-117.051801,-117.048409,0.1801,0.3172
37,32.866975,-117.229402,263.992522,0.26399,2022/2/16,2022/4/12,2022,2,2022,4,55,7.86,82,6.11,75.89,13.42,137.060775,0.01,True,True,False,0.01,127,32.868148,-117.230026,0.1429,32.865124,32.868833,-117.232101,-117.228681,0.4124,0.3194
38,32.760573,-117.067318,82.098789,0.0821,2024/7/17,2024/11/19,2024,7,2024,11,125,17.86,160,30.36,129.64,5.27,136.37473,0.01,True,True,False,0.01,287,32.760558,-117.067337,0.0025,32.759928,32.761274,-117.068195,-117.066629,0.1497,0.1464
39,32.751746,-117.153473,341.371574,0.34137,2024/4/17,2024/5/28,2024,4,2024,5,41,5.86,174,36.56,137.44,4.76,134.120648,0.01,True,True,False,0.01,877,32.750812,-117.154244,0.1264,32.748683,32.753699,-117.156859,-117.149869,0.5578,0.6537
40,32.763901,-117.126921,79.629945,0.07963,2023/8/30,2023/10/17,2023,8,2023,10,48,6.86,93,9.0,84.0,10.34,133.25892,0.01,True,True,False,0.01,139,32.763461,-117.126753,0.0514,32.763196,32.76401,-117.127336,-117.126307,0.0905,0.0962
41,32.747924,-117.141132,73.360447,0.07336,2023/3/8,2023/4/4,2023,3,2023,4,27,3.86,61,2.66,58.34,22.92,132.736629,0.01,True,True,False,0.01,119,32.748004,-117.141075,0.0104,32.747434,32.748531,-117.14164,-117.140374,0.122,0.1184
42,32.715554,-117.157172,47.151016,0.04715,2023/9/27,2024/2/20,2023,9,2024,2,146,20.86,270,83.42,186.58,3.24,130.705409,0.01,True,True,False,0.01,446,32.715456,-117.157359,0.0206,32.715164,32.715878,-117.157601,-117.156731,0.0794,0.0814
43,32.712383,-117.16025,159.085766,0.15909,2022/1/1,2022/4/26,2022,1,2022,4,115,16.43,188,43.56,144.44,4.32,130.556391,0.01,True,True,False,0.01,472,32.712416,-117.161045,0.0745,32.711348,32.713772,-117.161935,-117.158585,0.2695,0.3134
44,32.721668,-117.156634,341.743982,0.34174,2024/8/7,2024/12/31,2024,8,2024,12,146,20.86,315,108.25,206.75,2.91,129.903494,0.01,True,True,False,0.01,1021,32.721346,-117.157268,0.0693,32.718603,32.724695,-117.160252,-117.153502,0.6774,0.6315
45,32.781559,-117.112323,76.276597,0.07628,2022/12/21,2023/1/17,2022,12,2023,1,27,3.86,51,1.53,49.47,33.26,129.270273,0.01,True,True,False,0.01,76,32.781676,-117.112646,0.0329,32.781127,32.782067,-117.113135,-117.111711,0.1045,0.1331
46,32.71817,-117.157818,153.062336,0.15306,2022/7/13,2023/1/31,2022,7,2023,1,202,28.86,387,151.71,235.29,2.55,127.373955,0.01,True,True,False,0.01,908,32.71783,-117.156842,0.0988,32.71682,32.719524,-117.159345,-117.156225,0.3007,0.2919
47,32.74149,-117.146374,109.79805,0.1098,2022/10/26,2022/11/22,2022,10,2022,11,27,3.86,58,2.5,55.5,23.24,126.960392,0.01,True,True,False,0.01,112,32.740921,-117.146537,0.0651,32.740541,32.741949,-117.147473,-117.145281,0.1566,0.205
48,32.714161,-117.156357,50.690137,0.05069,2023/10/4,2024/2/20,2023,10,2024,2,139,19.86,213,58.78,154.22,3.62,120.11163,0.01,True,True,False,0.01,373,32.71419,-117.156523,0.0159,32.713708,32.714598,-117.156771,-117.156075,0.099,0.0651
49,32.76239,-117.061192,227.996354,0.228,2022/1/1,2022/8/23,2022,1,2022,8,234,33.43,342,129.63,212.37,2.64,119.61665,0.01,True,True,False,0.01,608,32.763309,-117.06107,0.1029,32.760641,32.764371,-117.063581,-117.059028,0.4148,0.4257
50,32.744862,-117.108926,9.242491,0.00924,2022/5/4,2022/10/4,2022,5,2022,10,153,21.86,115,17.88,97.12,6.43,116.950129,0.01,True,True,False,0.01,124,32.744884,-117.108897,0.0037,32.744782,32.744941,-117.108972,-117.10884,0.0177,0.0123
51,32.747325,-117.250822,37.061744,0.03706,2024/1/31,2024/2/13,2024,1,2024,2,13,1.86,47,1.5,45.5,31.34,116.419557,0.01,True,True,False,0.01,98,32.747168,-117.250886,0.0184,32.74703,32.747595,-117.251095,-117.25048,0.0628,0.0575
52,32.914513,-117.11716,334.154628,0.33415,2024/11/27,2024/12/24,2024,11,2024,12,27,3.86,57,3.09,53.91,18.45,112.272171,0.01,True,True,False,0.01,208,32.916797,-117.117382,0.2548,32.913602,32.917494,-117.120568,-117.114843,0.4328,0.5344
53,32.820302,-117.184429,238.352034,0.23835,2022/8/31,2022/9/20,2022,8,2022,9,20,2.86,51,2.23,48.77,22.82,110.763632,0.01,True,True,False,0.01,120,32.820881,-117.184338,0.065,32.818161,32.822062,-117.186742,-117.182612,0.4338,0.3859
54,32.796855,-117.216356,315.77218,0.31577,2024/6/19,2024/12/17,2024,6,2024,12,181,25.86,121,21.5,99.5,5.63,109.582705,0.01,True,True,False,0.01,149,32.795681,-117.215999,0.1347,32.794334,32.798752,-117.218816,-117.213389,0.4913,0.5073
55,32.713851,-117.157404,42.673822,0.04267,2023/4/26,2023/5/30,2023,4,2023,5,34,4.86,165,39.92,125.08,4.13,109.138551,0.01,True,True,False,0.01,967,32.713816,-117.157448,0.0057,32.713486,32.714235,-117.157822,-117.156966,0.0833,0.0801
56,32.770243,-117.248176,496.002628,0.496,2022/8/24,2022/11/29,2022,8,2022,11,97,13.86,146,31.96,114.04,4.57,107.822782,0.01,True,True,False,0.01,382,32.77017,-117.248471,0.0288,32.766482,32.773918,-117.252979,-117.242899,0.8268,0.9425
57,32.748335,-117.252335,57.444867,0.05744,2022/6/8,2022/6/21,2022,6,2022,6,13,1.86,49,2.09,46.91,23.43,107.638609,0.01,True,True,False,0.01,147,32.748478,-117.252571,0.0272,32.747919,32.748839,-117.252873,-117.252197,0.1023,0.0632
58,32.781987,-117.249194,209.131372,0.20913,2022/1/1,2022/3/29,2022,1,2022,3,87,12.43,84,9.8,74.2,8.57,106.294874,0.01,True,True,False,0.01,142,32.782796,-117.249174,0.0899,32.781516,32.783726,-117.251248,-117.248379,0.2457,0.2682
59,32.754241,-117.203806,167.013679,0.16701,2022/6/29,2022/7/12,2022,6,2022,7,13,1.86,49,2.2,46.8,22.28,105.290817,0.01,True,True,False,0.01,163,32.754589,-117.20452,0.0771,32.752918,32.755675,-117.205522,-117.202072,0.3066,0.3226
60,32.730571,-117.17105,73.614859,0.07361,2022/7/20,2022/8/23,2022,7,2022,8,34,4.86,62,4.49,57.51,13.81,105.260472,0.01,True,True,False,0.01,134,32.730443,-117.170673,0.038,32.730036,32.730816,-117.171704,-117.170264,0.0867,0.1347
61,32.712685,-117.140696,473.350317,0.47335,2022/1/26,2022/3/1,2022,1,2022,3,34,4.86,115,20.22,94.78,5.69,105.138445,0.01,True,True,False,0.01,697,32.712838,-117.142458,0.1657,32.708469,32.716906,-117.14575,-117.135681,0.9382,0.942
62,32.769839,-117.054962,270.525085,0.27053,2023/2/15,2023/6/6,2023,2,2023,6,111,15.86,131,26.93,104.07,4.86,103.20845,0.01,True,True,False,0.01,254,32.768946,-117.054439,0.1107,32.767504,32.771571,-117.057811,-117.052678,0.4522,0.4799
63,32.734446,-117.214894,71.696988,0.0717,2023/5/17,2023/5/30,2023,5,2023,5,13,1.86,36,0.78,35.22,45.92,102.558833,0.01,True,True,False,0.01,42,32.734125,-117.214897,0.0356,32.733811,32.734533,-117.215333,-117.214253,0.0803,0.101
64,32.714017,-117.156996,40.334941,0.04033,2024/7/24,2024/11/12,2024,7,2024,11,111,15.86,162,41.18,120.82,3.93,101.127831,0.01,True,True,False,0.01,437,32.713895,-117.15707,0.0152,32.713666,32.714315,-117.157416,-117.156572,0.0722,0.079
65,32.750753,-117.093906,184.038041,0.18404,2022/1/1,2022/7/12,2022,1,2022,7,192,27.43,174,47.1,126.9,3.69,100.54022,0.01,True,True,False,0.01,283,32.750255,-117.094183,0.0611,32.749232,32.75163,-117.095832,-117.092163,0.2666,0.3431
66,32.718701,-117.152536,260.435009,0.26044,2024/1/10,2024/3/19,2024,1,2024,3,69,9.86,221,71.48,149.52,3.09,100.040748,0.01,True,True,False,0.01,770,32.717905,-117.153896,0.1549,32.716379,32.720727,-117.155214,-117.150249,0.4835,0.4645
67,32.717818,-117.165326,109.458977,0.10946,2022/4/27,2022/5/24,2022,4,2022,5,27,3.86,55,3.52,51.48,15.64,99.759781,0.01,True,True,False,0.01,138,32.717893,-117.165574,0.0247,32.716918,32.718743,-117.166185,-117.164648,0.2029,0.1438
68,32.714536,-117.158274,14.911956,0.01491,2022/1/26,2022/3/22,2022,1,2022,3,55,7.86,86,11.41,74.59,7.54,99.12909,0.01,True,True,False,0.01,255,32.714536,-117.158293,0.0018,32.714405,32.714667,-117.158423,-117.158136,0.0291,0.0269
69,32.744547,-117.24783,63.299321,0.0633,2023/7/19,2023/7/25,2023,7,2023,7,6,0.86,31,0.47,30.53,65.42,99.081887,0.01,True,True,False,0.01,58,32.744585,-117.247886,0.0068,32.744011,32.74496,-117.248252,-117.247558,0.1055,0.0649
70,32.711298,-117.167635,67.823789,0.06782,2024/1/3,2024/1/23,2024,1,2024,1,20,2.86,49,2.63,46.37,18.64,96.987199,0.01,True,True,False,0.01,81,32.711156,-117.167707,0.0171,32.710716,32.711643,-117.168279,-117.167175,0.1031,0.1033
71,32.713345,-117.150825,96.11113,0.09611,2023/2/15,2023/6/27,2023,2,2023,6,132,18.86,242,86.38,155.62,2.8,93.791869,0.01,True,True,False,0.01,689,32.713407,-117.150484,0.0327,32.712525,32.714095,-117.1518,-117.149861,0.1746,0.1814
72,32.773992,-117.201775,160.683803,0.16068,2023/2/15,2023/3/21,2023,2,2023,3,34,4.86,41,1.6,39.4,25.63,93.603643,0.01,True,True,False,0.01,61,32.773768,-117.202114,0.0403,32.772868,32.775072,-117.202718,-117.200637,0.2451,0.1946
73,32.784856,-117.097149,55.838532,0.05584,2022/1/1,2022/1/25,2022,1,2022,1,24,3.43,38,1.27,36.73,29.98,92.494652,0.01,True,True,False,0.01,62,32.784957,-117.097518,0.0363,32.784792,32.785127,-117.097723,-117.096781,0.0373,0.0881
74,32.755869,-117.109363,55.047967,0.05505,2023/3/8,2023/5/9,2023,3,2023,5,62,8.86,72,8.26,63.74,8.72,92.19247,0.01,True,True,False,0.01,141,32.755925,-117.109545,0.0181,32.755379,32.756294,-117.109941,-117.109336,0.1017,0.0566
75,32.785816,-117.209296,155.862967,0.15586,2022/6/29,2022/8/30,2022,6,2022,8,62,8.86,71,8.21,62.79,8.65,90.401488,0.01,True,True,False,0.01,136,32.785128,-117.208955,0.0828,32.784427,32.786645,-117.209725,-117.207789,0.2466,0.181
76,32.749178,-117.229603,451.996769,0.452,2024/4/17,2024/11/26,2024,4,2024,11,223,31.86,171,49.56,121.44,3.45,90.394907,0.01,True,True,False,0.01,253,32.75043,-117.229212,0.1439,32.745384,32.75322,-117.234363,-117.226177,0.8713,0.7656
77,32.715963,-117.146348,325.997239,0.326,2024/5/1,2024/12/3,2024,5,2024,12,216,30.86,399,187.22,211.78,2.13,90.338189,0.01,True,True,False,0.01,1003,32.716234,-117.147698,0.1299,32.71307,32.718886,-117.149505,-117.142997,0.6467,0.6089
78,32.720992,-117.167287,254.586582,0.25459,2024/3/13,2024/8/6,2024,3,2024,8,146,20.86,219,75.24,143.76,2.91,90.306887,0.01,True,True,False,0.01,553,32.71987,-117.166254,0.1578,32.718772,32.723059,-117.169647,-117.16462,0.4767,0.4703
79,32.726149,-117.16481,310.381853,0.31038,2024/1/3,2024/3/5,2024,1,2024,3,62,8.86,234,84.01,149.99,2.79,89.825904,0.01,True,True,False,0.01,1087,32.725876,-117.166477,0.1589,32.72337,32.728347,-117.168033,-117.161546,0.5534,0.6068
80,32.726884,-117.159338,133.161578,0.13316,2022/1/12,2022/7/19,2022,1,2022,7,188,26.86,124,27.65,96.35,4.48,89.764811,0.01,True,True,False,0.01,167,32.726739,-117.159303,0.0165,32.7257,32.728056,-117.160284,-117.158021,0.262,0.2117
81,32.754521,-117.052173,274.804558,0.2748,2022/2/2,2022/8/23,2022,2,2022,8,202,28.86,125,28.22,96.78,4.43,89.306026,0.01,True,True,False,0.01,151,32.754699,-117.054466,0.2154,32.753692,32.755818,-117.054947,-117.051411,0.2364,0.3307
82,32.748387,-117.1026,124.439063,0.12444,2024/4/3,2024/6/11,2024,4,2024,6,69,9.86,62,6.01,55.99,10.31,88.674432,0.01,True,True,False,0.01,77,32.748978,-117.102709,0.0665,32.747604,32.749503,-117.103476,-117.102058,0.2112,0.1326
83,32.742864,-117.182472,65.169876,0.06517,2023/7/5,2023/7/18,2023,7,2023,7,13,1.86,40,1.68,38.32,23.88,88.6038,0.01,True,True,False,0.01,108,32.742674,-117.18239,0.0225,32.742313,32.743268,-117.1829,-117.181831,0.1062,0.1
84,32.714353,-117.158212,26.120371,0.02612,2022/8/24,2023/2/21,2022,8,2023,2,181,25.86,311,131.59,179.41,2.36,88.223262,0.01,True,True,False,0.01,937,32.714311,-117.158289,0.0086,32.714121,32.714575,-117.158486,-117.158107,0.0505,0.0355
85,32.716309,-117.156379,43.64671,0.04365,2024/8/28,2024/12/3,2024,8,2024,12,97,13.86,92,15.37,76.63,5.99,88.018763,0.01,True,True,False,0.01,160,32.716399,-117.156453,0.0121,32.71594,32.716701,-117.156692,-117.15604,0.0846,0.061
86,32.74862,-117.123384,31.104936,0.0311,2022/8/3,2022/8/30,2022,8,2022,8,27,3.86,50,3.43,46.57,14.58,87.42252,0.01,True,True,False,0.01,117,32.748648,-117.12321,0.0166,32.748391,32.748883,-117.123672,-117.123058,0.0547,0.0574
87,32.711668,-117.14978,24.090118,0.02409,2023/12/20,2024/4/9,2023,12,2024,4,111,15.86,92,15.9,76.1,5.79,85.431112,0.01,True,True,False,0.01,140,32.711613,-117.149796,0.0063,32.711457,32.711801,-117.150036,-117.149555,0.0383,0.045
88,32.917026,-117.116141,86.913035,0.08691,2023/11/29,2024/1/9,2023,11,2024,1,41,5.86,47,3.02,43.98,15.55,85.005898,0.01,True,True,False,0.01,78,32.91692,-117.116668,0.0506,32.916635,32.917491,-117.117064,-117.115287,0.0952,0.1659
89,32.900266,-117.176013,249.544374,0.24954,2022/7/13,2022/8/2,2022,7,2022,8,20,2.86,30,0.67,29.33,45.07,84.915139,0.01,True,True,False,0.01,22,32.899838,-117.176349,0.057,32.898512,32.900678,-117.177851,-117.175645,0.2408,0.206
90,32.76105,-117.067847,214.049143,0.21405,2022/8/24,2022/10/4,2022,8,2022,10,41,5.86,141,36.97,104.03,3.81,84.771626,0.01,True,True,False,0.01,932,32.76077,-117.067306,0.0594,32.75961,32.762651,-117.069891,-117.065948,0.3381,0.3687
91,32.749683,-117.122571,76.723255,0.07672,2024/2/14,2024/5/7,2024,2,2024,5,83,11.86,187,60.48,126.52,3.09,84.639719,0.01,True,True,False,0.01,651,32.749632,-117.122366,0.02,32.749066,32.750372,-117.123359,-117.121856,0.1452,0.1406
92,32.747282,-117.253638,110.46211,0.11046,2023/6/21,2024/2/13,2023,6,2024,2,237,33.86,261,103.51,157.49,2.52,84.013188,0.01,True,True,False,0.01,346,32.747233,-117.25353,0.0115,32.746609,32.748109,-117.254569,-117.252478,0.1668,0.1956
93,32.790049,-117.20782,184.59356,0.18459,2024/7/24,2024/10/1,2024,7,2024,10,69,9.86,69,8.5,60.5,8.12,84.008545,0.01,True,True,False,0.01,140,32.79023,-117.20743,0.0417,32.788467,32.791487,-117.209661,-117.205869,0.3358,0.3545
94,32.706427,-117.152475,32.051006,0.03205,2023/12/27,2024/3/12,2023,12,2024,3,76,10.86,62,6.64,55.36,9.34,83.166779,0.01,True,True,False,0.01,77,32.706362,-117.152469,0.0073,32.706172,32.706519,-117.152816,-117.152139,0.0386,0.0633
95,32.770024,-117.163184,401.815828,0.40182,2022/11/2,2023/2/7,2022,11,2023,2,97,13.86,120,27.91,92.09,4.3,82.970345,0.01,True,True,False,0.01,411,32.769081,-117.161258,0.2084,32.766436,32.773107,-117.166078,-117.159086,0.7418,0.6537
96,32.767267,-117.213476,470.910688,0.47091,2022/7/6,2022/8/9,2022,7,2022,8,34,4.86,72,9.59,62.41,7.5,82.729244,0.01,True,True,False,0.01,284,32.767697,-117.212258,0.1235,32.763467,32.771096,-117.217746,-117.208768,0.8483,0.8395
97,32.750022,-117.156221,95.91099,0.09591,2023/5/17,2023/6/13,2023,5,2023,6,27,3.86,77,11.29,65.71,6.82,82.134846,0.01,True,True,False,0.01,345,32.750221,-117.156425,0.0292,32.749211,32.750772,-117.157199,-117.155204,0.1736,0.1866
98,32.720997,-117.165032,130.976795,0.13098,2022/5/25,2022/6/14,2022,5,2022,6,20,2.86,47,3.23,43.77,14.53,82.025783,0.01,True,True,False,0.01,167,32.720801,-117.164928,0.0239,32.719859,32.722097,-117.166324,-117.163634,0.2489,0.2516
99,32.709512,-117.148925,44.667058,0.04467,2023/12/27,2024/4/2,2023,12,2024,4,97,13.86,96,18.21,77.79,5.27,81.812313,0.01,True,True,False,0.01,175,32.709452,-117.148993,0.0092,32.709136,32.709817,-117.149373,-117.148466,0.0757,0.0849
100,32.7492,-117.206626,50.233604,0.05023,2024/2/28,2024/4/2,2024,2,2024,4,34,4.86,40,2.02,37.98,19.79,81.428578,0.01,True,True,False,0.01,61,32.749373,-117.206673,0.0198,32.749075,32.749642,-117.206959,-117.206456,0.063,0.047
101,32.747431,-117.197359,160.192861,0.16019,2023/10/18,2023/10/31,2023,10,2023,10,13,1.86,30,0.75,29.25,39.77,81.254884,0.01,True,True,False,0.01,48,32.746959,-117.197956,0.0766,32.746336,32.747737,-117.198789,-117.195769,0.1558,0.2824
102,32.711191,-117.149957,47.887741,0.04789,2023/3/29,2023/5/2,2023,3,2023,5,34,4.86,115,26.45,88.55,4.35,80.490915,0.01,True,True,False,0.01,824,32.7113,-117.150096,0.0178,32.710787,32.711614,-117.150464,-117.149457,0.092,0.0942
103,32.779629,-117.101358,57.067886,0.05707,2024/1/10,2024/2/20,2024,1,2024,2,41,5.86,56,5.48,50.52,10.21,79.612619,0.01,True,True,False,0.01,110,32.779659,-117.101302,0.0062,32.779128,32.780125,-117.101805,-117.10087,0.1109,0.0874
104,32.716988,-117.157099,64.567035,0.06457,2023/3/15,2023/5/30,2023,3,2023,5,76,10.86,129,33.22,95.78,3.88,79.267762,0.01,True,True,False,0.01,428,32.71696,-117.15677,0.0309,32.716448,32.717513,-117.157745,-117.156412,0.1184,0.1247
105,32.747057,-117.156582,57.751021,0.05775,2022/6/15,2022/9/13,2022,6,2022,9,90,12.86,60,6.58,53.42,9.11,79.183522,0.01,True,True,False,0.01,75,32.746903,-117.156721,0.0215,32.74665,32.747278,-117.157152,-117.156261,0.0698,0.0833
106,32.710621,-117.149632,70.177594,0.07018,2023/9/27,2023/10/31,2023,9,2023,10,34,4.86,154,45.65,108.35,3.37,78.955939,0.01,True,True,False,0.01,1084,32.710644,-117.14969,0.006,32.710008,32.711247,-117.15038,-117.148898,0.1378,0.1387
107,32.775034,-117.158522,450.179885,0.45018,2024/1/31,2024/4/2,2024,1,2024,4,62,8.86,85,15.01,69.99,5.66,77.432525,0.01,True,True,False,0.01,226,32.774576,-117.156245,0.2189,32.771264,32.778854,-117.161301,-117.153715,0.844,0.7092
108,32.733901,-117.161216,257.538575,0.25754,2023/7/26,2023/10/3,2023,7,2023,10,69,9.86,105,23.06,81.94,4.55,77.253576,0.01,True,True,False,0.01,251,32.734083,-117.160288,0.0891,32.731634,32.736097,-117.163652,-117.158596,0.4963,0.4729
109,32.752512,-117.064999,73.901071,0.0739,2022/5/11,2022/6/21,2022,5,2022,6,41,5.86,42,2.63,39.37,15.96,76.992783,0.01,True,True,False,0.01,63,32.752395,-117.064907,0.0156,32.751888,32.752949,-117.065445,-117.064368,0.118,0.1007
110,32.749836,-117.098394,243.236865,0.24324,2024/5/22,2024/11/26,2024,5,2024,11,188,26.86,161,50.36,110.64,3.2,76.532753,0.01,True,True,False,0.01,296,32.750234,-117.098806,0.0587,32.747728,32.75181,-117.100985,-117.095809,0.4539,0.4841
111,32.715122,-117.160227,38.638473,0.03864,2024/2/14,2024/4/9,2024,2,2024,4,55,7.86,47,3.7,43.3,12.7,76.15225,0.01,True,True,False,0.01,67,32.7152,-117.160092,0.0153,32.714777,32.715421,-117.160325,-117.15998,0.0716,0.0323
112,32.767898,-117.199707,62.492447,0.06249,2022/10/19,2022/12/6,2022,10,2022,12,48,6.86,38,2.0,36.0,18.99,75.879648,0.01,True,True,False,0.01,48,32.767735,-117.199554,0.0232,32.767464,32.768439,-117.199973,-117.199162,0.1084,0.0758
113,32.774778,-117.149722,252.014248,0.25201,2022/1/19,2022/3/29,2022,1,2022,3,69,9.86,51,4.74,46.26,10.75,74.887806,0.01,True,True,False,0.01,75,32.774177,-117.149389,0.0738,32.772614,32.776001,-117.151912,-117.147045,0.3766,0.455
114,32.747125,-117.125797,402.550915,0.40255,2022/2/23,2022/4/26,2022,2,2022,4,62,8.86,160,50.65,109.35,3.16,74.730917,0.01,True,True,False,0.01,941,32.748621,-117.124156,0.2263,32.744307,32.750599,-117.130038,-117.121504,0.6996,0.7981
115,32.759036,-117.129578,364.774526,0.36477,2024/5/8,2024/8/13,2024,5,2024,8,97,13.86,141,40.84,100.16,3.45,74.591155,0.01,True,True,False,0.01,420,32.758251,-117.127088,0.2486,32.755889,32.761918,-117.133184,-117.125739,0.6704,0.6962
116,32.76254,-117.109505,76.824152,0.07682,2023/4/19,2023/7/11,2023,4,2023,7,83,11.86,60,7.2,52.8,8.34,74.460144,0.01,True,True,False,0.01,78,32.762371,-117.109813,0.0344,32.761854,32.76322,-117.110279,-117.108788,0.1519,0.1394
117,32.749644,-117.120617,46.73356,0.04673,2023/3/29,2023/4/18,2023,3,2023,4,20,2.86,25,0.51,24.49,49.48,73.047432,0.01,True,True,False,0.01,31,32.749737,-117.120646,0.0108,32.749313,32.750045,-117.120997,-117.120461,0.0814,0.0501
118,32.72619,-117.166948,54.209075,0.05421,2023/2/1,2023/11/7,2023,2,2023,11,279,39.86,304,139.55,164.45,2.18,72.366819,0.01,True,True,False,0.01,459,32.726025,-117.167011,0.0193,32.725754,32.726478,-117.167525,-117.16639,0.0805,0.1062
119,32.732135,-117.166769,442.949465,0.44295,2024/3/20,2024/5/7,2024,3,2024,5,48,6.86,73,11.82,61.18,6.18,71.749465,0.01,True,True,False,0.01,259,32.731001,-117.169364,0.2735,32.728347,32.735392,-117.171435,-117.163112,0.7834,0.7785
120,32.758762,-117.074148,12.375245,0.01238,2024/1/3,2024/3/12,2024,1,2024,3,69,9.86,51,5.1,45.9,9.99,71.503661,0.01,True,True,False,0.01,62,32.758724,-117.074119,0.005,32.758676,32.75877,-117.074242,-117.074022,0.0105,0.0206
121,32.744268,-117.160324,195.295785,0.1953,2023/8/2,2023/10/10,2023,8,2023,10,69,9.86,98,21.78,76.22,4.5,71.185851,0.01,True,True,False,0.01,236,32.744894,-117.160109,0.0725,32.742727,32.746017,-117.162248,-117.158395,0.3658,0.3604
122,32.757626,-117.092959,69.386274,0.06939,2023/8/2,2023/10/31,2023,8,2023,10,90,12.86,68,10.21,57.79,6.66,71.173079,0.01,True,True,False,0.01,80,32.757385,-117.092872,0.028,32.757006,32.758158,-117.093196,-117.0923,0.1281,0.0838
123,32.70834,-117.152932,82.553339,0.08255,2022/12/14,2023/2/28,2022,12,2023,2,76,10.86,147,45.4,101.6,3.24,71.164171,0.01,True,True,False,0.01,849,32.708298,-117.152996,0.0076,32.707659,32.709017,-117.15379,-117.152053,0.151,0.1625
124,32.712553,-117.155082,12.537571,0.01254,2023/3/29,2023/5/16,2023,3,2023,5,48,6.86,48,4.44,43.56,10.82,70.742356,0.01,True,True,False,0.01,93,32.712544,-117.155085,0.0011,32.712476,32.712654,-117.155212,-117.15495,0.0198,0.0245
125,32.710705,-117.147041,207.647155,0.20765,2023/7/12,2023/9/5,2023,7,2023,9,55,7.86,205,78.27,126.73,2.62,70.732346,0.01,True,True,False,0.01,1091,32.710651,-117.147963,0.0865,32.708943,32.712547,-117.149246,-117.145149,0.4007,0.3833
126,32.754336,-117.136885,247.256313,0.24726,2022/5/18,2022/8/23,2022,5,2022,8,97,13.86,66,9.73,56.27,6.78,70.086242,0.01,True,True,False,0.01,91,32.754927,-117.135435,0.1506,32.752409,32.756511,-117.139227,-117.13437,0.4561,0.4542
127,32.71677,-117.155974,23.284812,0.02328,2023/8/16,2023/10/3,2023,8,2023,10,48,6.86,90,18.8,71.2,4.79,69.739675,0.01,True,True,False,0.01,296,32.716763,-117.155983,0.0011,32.716563,32.716979,-117.156221,-117.155733,0.0463,0.0457
128,32.736719,-117.118894,19.484671,0.01948,2024/6/12,2024/6/25,2024,6,2024,6,13,1.86,21,0.29,20.71,71.45,68.943776,0.01,True,True,False,0.01,26,32.736712,-117.118903,0.0011,32.736582,32.736892,-117.119005,-117.118801,0.0345,0.0191
129,32.917839,-117.119237,98.840093,0.09884,2022/4/13,2022/5/31,2022,4,2022,5,48,6.86,46,4.14,41.86,11.11,68.915194,0.01,True,True,False,0.01,76,32.917513,-117.118912,0.0473,32.917011,32.918127,-117.120094,-117.118202,0.1241,0.1766
130,32.804795,-117.156191,441.445024,0.44145,2024/3/13,2024/12/10,2024,3,2024,12,272,38.86,125,35.18,89.82,3.55,68.701937,0.01,True,True,False,0.01,151,32.802229,-117.156816,0.2913,32.800986,32.808276,-117.158062,-117.1539,0.8106,0.389
131,32.713763,-117.151402,123.891734,0.12389,2023/12/13,2024/2/13,2023,12,2024,2,62,8.86,129,37.26,91.74,3.46,68.49135,0.01,True,True,False,0.01,579,32.713612,-117.150885,0.0512,32.712688,32.714834,-117.152549,-117.150086,0.2386,0.2304
132,32.76306,-117.067275,279.977845,0.27998,2022/1/26,2022/3/8,2022,1,2022,3,41,5.86,94,21.03,72.97,4.47,67.815407,0.01,True,True,False,0.01,626,32.761769,-117.066739,0.152,32.76055,32.764932,-117.069952,-117.064306,0.4873,0.5279
133,32.710783,-117.158402,79.648678,0.07965,2024/2/21,2024/6/11,2024,2,2024,6,111,15.86,246,105.59,140.41,2.33,67.73366,0.01,True,True,False,0.01,972,32.710664,-117.158345,0.0143,32.710102,32.711469,-117.159196,-117.157573,0.152,0.1518
134,32.736553,-117.079266,77.247226,0.07725,2023/9/27,2023/10/10,2023,9,2023,10,13,1.86,23,0.46,22.54,50.24,67.547445,0.01,True,True,False,0.01,21,32.736704,-117.079344,0.0183,32.735944,32.737236,-117.079701,-117.078996,0.1437,0.0659
135,32.728411,-117.226161,36.103105,0.0361,2022/5/18,2022/5/31,2022,5,2022,5,13,1.86,22,0.39,21.61,56.06,66.976985,0.01,True,True,False,0.01,30,32.728391,-117.226187,0.0033,32.728236,32.728616,-117.226365,-117.225862,0.0423,0.0471
136,32.791291,-117.255433,486.9394,0.48694,2024/7/3,2024/10/1,2024,7,2024,10,90,12.86,151,49.61,101.39,3.04,66.730012,0.01,True,True,False,0.01,609,32.792559,-117.255245,0.1421,32.786994,32.795656,-117.25683,-117.250306,0.9632,0.6098
137,32.719488,-117.136713,348.299989,0.3483,2024/10/9,2024/11/26,2024,10,2024,11,48,6.86,41,3.24,37.76,12.66,66.321459,0.01,True,True,False,0.01,86,32.719612,-117.135932,0.0744,32.716501,32.721955,-117.140371,-117.133203,0.6065,0.6706
138,32.757627,-117.087016,174.269213,0.17427,2022/2/16,2022/7/12,2022,2,2022,7,146,20.86,63,9.4,53.6,6.71,66.293018,0.01,True,True,False,0.01,71,32.75724,-117.0868,0.0475,32.756557,32.759188,-117.088538,-117.08556,0.2926,0.2785
139,32.714466,-117.170962,62.10659,0.06211,2022/7/20,2022/8/2,2022,7,2022,8,13,1.86,32,1.56,30.44,20.45,66.14627,0.01,True,True,False,0.01,109,32.714192,-117.170899,0.031,32.713911,32.714676,-117.171234,-117.170311,0.0851,0.0864
140,32.758904,-117.126882,143.251009,0.14325,2022/8/17,2022/10/4,2022,8,2022,10,48,6.86,40,3.1,36.9,12.9,65.406212,0.01,True,True,False,0.01,68,32.758419,-117.126652,0.0581,32.75768,32.760048,-117.127274,-117.125499,0.2633,0.166
141,32.763108,-117.110963,18.317267,0.01832,2024/6/26,2024/7/30,2024,6,2024,7,34,4.86,40,3.12,36.88,12.83,65.190472,0.01,True,True,False,0.01,94,32.763073,-117.110981,0.0043,32.762952,32.763222,-117.111141,-117.110822,0.03,0.0298
142,32.747997,-117.120779,96.149626,0.09615,2024/4/24,2024/8/27,2024,4,2024,8,125,17.86,57,7.65,49.35,7.46,65.163652,0.01,True,True,False,0.01,65,32.748064,-117.12082,0.0083,32.747336,32.748839,-117.121616,-117.119802,0.1671,0.1696
143,32.70981,-117.16163,115.544485,0.11554,2022/8/10,2022/9/20,2022,8,2022,9,41,5.86,38,2.72,35.28,13.97,64.932099,0.01,True,True,False,0.01,70,32.709942,-117.16121,0.042,32.708877,32.710744,-117.162802,-117.160439,0.2076,0.2211
144,32.713945,-117.158079,24.604627,0.0246,2022/3/2,2022/6/14,2022,3,2022,6,104,14.86,173,63.17,109.83,2.74,64.521107,0.01,True,True,False,0.01,669,32.713903,-117.158252,0.0168,32.713725,32.714145,-117.158339,-117.157875,0.0467,0.0434
145,32.712152,-117.168286,89.402581,0.0894,2024/7/3,2024/7/9,2024,7,2024,7,6,0.86,19,0.24,18.76,79.67,64.421208,0.01,True,True,False,0.01,40,32.712463,-117.168147,0.0369,32.711394,32.712894,-117.168847,-117.167717,0.1668,0.1057
146,32.746412,-117.249593,117.421888,0.11742,2024/7/10,2024/7/16,2024,7,2024,7,6,0.86,27,0.95,26.05,28.45,64.35452,0.01,True,True,False,0.01,142,32.746868,-117.249624,0.0508,32.745528,32.74744,-117.250788,-117.2487,0.2126,0.1953
147,32.816084,-117.157944,173.166012,0.17317,2024/8/7,2024/10/22,2024,8,2024,10,76,10.86,39,2.99,36.01,13.05,64.185254,0.01,True,True,False,0.01,44,32.816919,-117.158103,0.094,32.815477,32.817543,-117.159458,-117.156557,0.2297,0.2711
148,32.749656,-117.105102,183.725891,0.18373,2022/2/16,2022/4/26,2022,2,2022,4,69,9.86,55,7.18,47.82,7.66,64.173192,0.01,True,True,False,0.01,124,32.749757,-117.105778,0.0642,32.748091,32.751247,-117.106934,-117.103159,0.3509,0.353
149,32.714672,-117.154419,59.419093,0.05942,2023/10/25,2023/11/28,2023,10,2023,11,34,4.86,88,19.52,68.48,4.51,64.06717,0.01,True,True,False,0.01,367,32.714709,-117.154303,0.0117,32.714169,32.715202,-117.155047,-117.153786,0.1149,0.118
150,32.755182,-117.212308,381.29342,0.38129,2022/9/14,2023/2/28,2022,9,2023,2,167,23.86,165,58.86,106.14,2.8,63.991615,0.01,True,True,False,0.01,353,32.75712,-117.212891,0.2223,32.752631,32.758462,-117.215891,-117.208392,0.6484,0.7013
151,32.745011,-117.23705,458.367865,0.45837,2022/12/14,2023/1/17,2022,12,2023,1,34,4.86,41,3.47,37.53,11.83,63.7531,0.01,True,True,False,0.01,171,32.746713,-117.234755,0.2862,32.742142,32.748916,-117.241722,-117.232387,0.7532,0.8731
152,32.715379,-117.154011,24.533179,0.02453,2022/10/19,2023/3/14,2022,10,2023,3,146,20.86,104,26.88,77.12,3.87,63.627613,0.01,True,True,False,0.01,249,32.715378,-117.153842,0.0158,32.715164,32.715577,-117.154221,-117.153752,0.0459,0.0439
153,32.714505,-117.154633,23.365457,0.02337,2022/6/15,2022/8/23,2022,6,2022,8,69,9.86,43,3.95,39.05,10.88,63.610053,0.01,True,True,False,0.01,59,32.714522,-117.154607,0.0031,32.714324,32.714708,-117.154787,-117.154478,0.0427,0.0289
154,32.715256,-117.154863,9.634879,0.00963,2024/5/8,2024/9/3,2024,5,2024,9,118,16.86,67,11.31,55.69,5.92,63.501282,0.01,True,True,False,0.01,104,32.715236,-117.154835,0.0035,32.715171,32.715325,-117.15489,-117.154781,0.0171,0.0102
155,32.762682,-117.143004,171.753289,0.17175,2023/8/23,2023/12/19,2023,8,2023,12,118,16.86,69,12.05,56.95,5.73,63.463161,0.01,True,True,False,0.01,81,32.76294,-117.143557,0.0591,32.762044,32.763625,-117.144815,-117.142355,0.1758,0.23
156,32.766215,-117.163023,83.812434,0.08381,2024/3/13,2024/5/14,2024,3,2024,5,62,8.86,73,13.75,59.25,5.31,62.638614,0.01,True,True,False,0.01,233,32.766235,-117.162887,0.0129,32.765593,32.766864,-117.163725,-117.162185,0.1413,0.144
157,32.702984,-117.150303,210.328606,0.21033,2022/5/18,2023/2/28,2022,5,2023,2,286,40.86,180,68.88,111.12,2.61,61.845218,0.01,True,True,False,0.01,242,32.703783,-117.149638,0.1084,32.70129,32.704774,-117.151835,-117.148252,0.3874,0.3353
158,32.756232,-117.250046,158.968869,0.15897,2024/7/17,2024/7/23,2024,7,2024,7,6,0.86,29,1.34,27.66,21.69,61.56285,0.01,True,True,False,0.01,182,32.755492,-117.250109,0.0825,32.754838,32.75655,-117.251711,-117.248359,0.1904,0.3135
159,32.768558,-117.156679,167.894338,0.16789,2024/6/26,2024/7/16,2024,6,2024,7,20,2.86,26,0.93,25.07,27.88,61.457014,0.01,True,True,False,0.01,51,32.768552,-117.156259,0.0393,32.767143,32.769963,-117.158204,-117.155075,0.3136,0.2926
160,32.752542,-117.239827,46.948709,0.04695,2024/1/24,2024/5/14,2024,1,2024,5,111,15.86,56,7.92,48.08,7.07,61.454704,0.01,True,True,False,0.01,70,32.752572,-117.239665,0.0155,32.752317,32.752808,-117.240198,-117.239332,0.0546,0.081
161,32.765037,-117.060748,38.018825,0.03802,2023/9/13,2023/9/19,2023,9,2023,9,6,0.86,25,0.82,24.18,30.48,61.249156,0.01,True,True,False,0.01,87,32.764996,-117.06059,0.0154,32.764725,32.765309,-117.06098,-117.060355,0.0649,0.0584
162,32.834622,-117.180881,299.660875,0.29966,2022/6/1,2022/8/16,2022,6,2022,8,76,10.86,47,5.26,41.74,8.93,61.16408,0.01,True,True,False,0.01,70,32.834395,-117.182931,0.1931,32.832722,32.836395,-117.184083,-117.178626,0.4084,0.5098
163,32.748929,-117.208067,128.81119,0.12881,2023/8/23,2023/11/14,2023,8,2023,11,83,11.86,106,28.72,77.28,3.69,61.160706,0.01,True,True,False,0.01,249,32.749501,-117.207998,0.0639,32.747972,32.750059,-117.209001,-117.206752,0.2321,0.2103
164,32.706279,-117.146714,136.364497,0.13636,2022/9/21,2022/10/18,2022,9,2022,10,27,3.86,55,7.7,47.3,7.14,60.84957,0.01,True,True,False,0.01,281,32.7067,-117.146849,0.0485,32.705055,32.707499,-117.148099,-117.145437,0.2718,0.2491
165,32.713846,-117.158229,13.44096,0.01344,2022/11/2,2023/2/28,2022,11,2023,2,118,16.86,152,53.26,98.74,2.85,60.709869,0.01,True,True,False,0.01,645,32.713851,-117.158259,0.0028,32.713726,32.713963,-117.158361,-117.158113,0.0264,0.0232
166,32.741682,-117.181501,114.590551,0.11459,2022/11/9,2023/1/10,2022,11,2023,1,62,8.86,34,2.25,31.75,15.12,60.592847,0.01,True,True,False,0.01,59,32.742096,-117.181668,0.0486,32.740738,32.742695,-117.182474,-117.180307,0.2176,0.2027
167,32.710586,-117.158108,44.982454,0.04498,2023/3/1,2023/3/28,2023,3,2023,3,27,3.86,66,11.67,54.33,5.66,60.049897,0.01,True,True,False,0.01,533,32.710592,-117.158255,0.0137,32.710244,32.710979,-117.158573,-117.157638,0.0817,0.0875
168,32.762445,-117.160603,63.632194,0.06363,2023/6/28,2023/7/18,2023,6,2023,7,20,2.86,21,0.46,20.54,45.79,59.76599,0.01,True,True,False,0.01,21,32.762408,-117.160488,0.0115,32.761974,32.762741,-117.160668,-117.160042,0.0853,0.0585
169,32.70775,-117.149483,31.620758,0.03162,2023/11/8,2023/12/12,2023,11,2023,12,34,4.86,35,2.54,32.46,13.76,59.301711,0.01,True,True,False,0.01,60,32.707663,-117.149413,0.0117,32.707472,32.708026,-117.149613,-117.149192,0.0616,0.0394
170,32.844215,-117.198688,491.372061,0.49137,2022/1/26,2022/3/15,2022,1,2022,3,48,6.86,28,1.31,26.69,21.41,59.096196,0.01,True,True,False,0.01,33,32.842846,-117.198101,0.1618,32.840185,32.847016,-117.202748,-117.196577,0.7596,0.5765
171,32.717768,-117.15658,4.045616,0.00405,2023/5/17,2023/5/23,2023,5,2023,5,6,0.86,18,0.26,17.74,68.41,58.324873,0.01,True,True,False,0.01,29,32.717776,-117.15657,0.0013,32.717744,32.717799,-117.156617,-117.156542,0.0061,0.007
172,32.711064,-117.14952,61.393695,0.06139,2022/9/21,2022/10/4,2022,9,2022,10,13,1.86,58,9.19,48.81,6.31,58.04587,0.01,True,True,False,0.01,700,32.711021,-117.149556,0.0058,32.71052,32.711606,-117.150161,-117.148909,0.1208,0.1171
173,32.746983,-117.158149,49.78774,0.04979,2023/3/29,2023/4/18,2023,3,2023,4,20,2.86,23,0.7,22.3,32.82,57.995718,0.01,True,True,False,0.01,42,32.747026,-117.158059,0.0097,32.746658,32.747325,-117.158681,-117.157641,0.0742,0.0973
174,32.753399,-117.12599,238.698246,0.2387,2022/3/30,2022/5/24,2022,3,2022,5,55,7.86,106,30.09,75.91,3.52,57.593883,0.01,True,True,False,0.01,604,32.753734,-117.12485,0.1129,32.751554,32.755534,-117.127301,-117.123442,0.4426,0.3609
175,32.72084,-117.161768,65.964721,0.06596,2022/4/13,2022/5/31,2022,4,2022,5,48,6.86,77,16.73,60.27,4.6,57.300961,0.01,True,True,False,0.01,391,32.720677,-117.161961,0.0256,32.720263,32.721427,-117.162454,-117.161093,0.1294,0.1273
176,32.714216,-117.153778,27.544892,0.02754,2022/9/21,2022/11/29,2022,9,2022,11,69,9.86,38,3.41,34.59,11.15,57.049626,0.01,True,True,False,0.01,59,32.714238,-117.153838,0.0062,32.713976,32.714453,-117.153962,-117.15361,0.053,0.0329
177,32.748304,-117.155105,176.238253,0.17624,2022/4/6,2022/5/24,2022,4,2022,5,48,6.86,58,9.45,48.55,6.14,56.714558,0.01,True,True,False,0.01,209,32.748304,-117.15456,0.0509,32.747068,32.749881,-117.156607,-117.153227,0.3128,0.3161
178,32.716373,-117.154944,35.961743,0.03596,2024/6/12,2024/9/10,2024,6,2024,9,90,12.86,58,9.49,48.51,6.11,56.478661,0.01,True,True,False,0.01,114,32.716271,-117.154877,0.0129,32.716063,32.71668,-117.15532,-117.154621,0.0686,0.0654
179,32.716915,-117.155118,40.086582,0.04009,2023/4/19,2023/11/14,2023,4,2023,11,209,29.86,166,64.09,101.91,2.59,56.122411,0.01,True,True,False,0.01,221,32.716876,-117.155241,0.0123,32.716608,32.717223,-117.155545,-117.154716,0.0684,0.0776
180,32.766146,-117.163246,167.010448,0.16701,2022/1/1,2022/9/6,2022,1,2022,9,248,35.43,177,70.91,106.09,2.5,55.875829,0.01,True,True,False,0.01,322,32.766257,-117.162874,0.0369,32.765209,32.767575,-117.164905,-117.161547,0.2631,0.314
181,32.748514,-117.199425,181.333532,0.18133,2022/1/1,2022/2/1,2022,1,2022,2,31,4.43,27,1.32,25.68,20.49,55.863274,0.01,True,True,False,0.01,48,32.748303,-117.19995,0.0544,32.747,32.749275,-117.201233,-117.198063,0.253,0.2965
182,32.790218,-117.121624,182.84142,0.18284,2023/8/9,2023/8/22,2023,8,2023,8,13,1.86,19,0.38,18.62,50.22,55.792367,0.01,True,True,False,0.01,20,32.790805,-117.122007,0.0744,32.789466,32.791772,-117.122542,-117.121211,0.2564,0.1244
183,32.817559,-117.054635,148.772498,0.14877,2023/8/2,2023/8/8,2023,8,2023,8,6,0.86,15,0.14,14.86,106.49,55.162651,0.01,True,True,False,0.01,16,32.817403,-117.05448,0.0226,32.817174,32.817559,-117.056224,-117.053992,0.0428,0.2086
184,32.956589,-117.097675,385.180099,0.38518,2022/6/1,2022/8/2,2022,6,2022,8,62,8.86,37,3.38,33.62,10.95,54.940303,0.01,True,True,False,0.01,53,32.958005,-117.096327,0.2015,32.95328,32.959734,-117.099608,-117.094963,0.7177,0.4334
185,32.750742,-117.162211,413.063662,0.41306,2024/11/13,2024/12/31,2024,11,2024,12,48,6.86,80,18.8,61.2,4.26,54.684564,0.01,True,True,False,0.01,723,32.749698,-117.162106,0.1165,32.747152,32.754038,-117.166447,-117.15783,0.7657,0.8058
186,32.692713,-117.125213,24.490425,0.02449,2022/6/15,2022/9/13,2022,6,2022,9,90,12.86,45,5.56,39.44,8.1,54.683013,0.01,True,True,False,0.01,64,32.692741,-117.125302,0.0089,32.692497,32.692933,-117.125442,-117.125153,0.0485,0.027
187,32.754323,-117.059425,49.474878,0.04947,2022/9/21,2023/1/10,2022,9,2023,1,111,15.86,44,5.3,38.7,8.31,54.455304,0.01,True,True,False,0.01,66,32.754179,-117.059633,0.0252,32.753887,32.754467,-117.05995,-117.059043,0.0645,0.0848
188,32.753701,-117.248968,150.753344,0.15075,2022/2/16,2022/2/22,2022,2,2022,2,6,0.86,30,1.96,28.04,15.34,53.875216,0.01,True,True,False,0.01,324,32.75444,-117.249346,0.0895,32.752391,32.755037,-117.250545,-117.247964,0.2942,0.2414
189,32.750759,-117.165612,12.070323,0.01207,2023/2/8,2023/7/18,2023,2,2023,7,160,22.86,58,10.08,47.92,5.75,53.564112,0.01,True,True,False,0.01,66,32.750763,-117.165619,0.0008,32.750651,32.750863,-117.16568,-117.165542,0.0236,0.0129
190,32.757205,-117.117584,255.454694,0.25545,2022/5/4,2022/6/7,2022,5,2022,6,34,4.86,27,1.46,25.54,18.46,53.184747,0.01,True,True,False,0.01,43,32.756179,-117.116633,0.1447,32.754955,32.75903,-117.118962,-117.115171,0.4531,0.3545
191,32.757659,-117.195233,116.264657,0.11626,2024/8/28,2024/9/24,2024,8,2024,9,27,3.86,31,2.23,28.77,13.88,52.790744,0.01,True,True,False,0.01,88,32.757906,-117.195841,0.0632,32.756628,32.758619,-117.196234,-117.194525,0.2214,0.1598
192,32.708329,-117.154759,56.829741,0.05683,2024/3/6,2024/11/5,2024,3,2024,11,244,34.86,102,30.32,71.68,3.36,52.095257,0.01,True,True,False,0.01,140,32.708243,-117.15447,0.0287,32.707881,32.70883,-117.155271,-117.154161,0.1055,0.1039
193,32.757597,-117.109585,314.055201,0.31406,2022/2/2,2022/3/22,2022,2,2022,3,48,6.86,83,21.07,61.93,3.94,51.872315,0.01,True,True,False,0.01,525,32.757233,-117.109052,0.0642,32.754909,32.760042,-117.112261,-117.106321,0.5708,0.5555
194,32.772125,-117.204431,157.89269,0.15789,2022/6/29,2022/10/25,2022,6,2022,10,118,16.86,74,17.02,56.98,4.35,51.792138,0.01,True,True,False,0.01,150,32.771592,-117.204302,0.0605,32.770729,32.773259,-117.205949,-117.202911,0.2813,0.284
195,32.748286,-117.157598,92.636911,0.09264,2023/5/24,2023/7/25,2023,5,2023,7,62,8.86,42,5.11,36.89,8.22,51.575552,0.01,True,True,False,0.01,76,32.748392,-117.157335,0.0272,32.74754,32.749011,-117.158499,-117.157027,0.1636,0.1377
196,32.763638,-117.124116,262.160851,0.26216,2023/7/5,2023/7/18,2023,7,2023,7,13,1.86,31,2.34,28.66,13.24,51.419042,0.01,True,True,False,0.01,145,32.76341,-117.126501,0.2244,32.762654,32.76401,-117.126909,-117.121627,0.1508,0.4939
197,32.748002,-117.203613,151.291788,0.15129,2022/8/3,2022/9/20,2022,8,2022,9,48,6.86,31,2.36,28.64,13.15,51.221323,0.01,True,True,False,0.01,53,32.747833,-117.203296,0.0351,32.747128,32.748989,-117.204724,-117.202476,0.2069,0.2102
198,32.797042,-117.248402,242.267671,0.24227,2024/9/25,2024/12/31,2024,9,2024,12,97,13.86,48,7.04,40.96,6.82,51.184942,0.01,True,True,False,0.01,115,32.79748,-117.248382,0.0488,32.794955,32.798702,-117.250541,-117.245904,0.4166,0.4334
199,32.798134,-117.248058,406.249128,0.40625,2022/1/1,2022/5/10,2022,1,2022,5,129,18.43,100,29.81,70.19,3.35,50.861227,0.01,True,True,False,0.01,282,32.797709,-117.248165,0.0483,32.794596,32.801192,-117.252078,-117.244259,0.7334,0.7308
200,32.756265,-117.12711,52.58765,0.05259,2023/5/17,2023/7/4,2023,5,2023,7,48,6.86,31,2.39,28.61,12.95,50.785346,0.01,True,True,False,0.01,43,32.755963,-117.127382,0.0421,32.755846,32.756265,-117.127595,-117.12711,0.0466,0.0454
201,32.75662,-117.126267,97.665943,0.09767,2023/11/8,2023/12/26,2023,11,2023,12,48,6.86,70,15.66,54.34,4.47,50.500457,0.01,True,True,False,0.01,278,32.756921,-117.126239,0.0335,32.755769,32.757496,-117.127115,-117.125656,0.192,0.1364
202,32.825904,-117.131193,376.185045,0.37619,2024/6/12,2024/7/2,2024,6,2024,7,20,2.86,18,0.41,17.59,43.89,50.482788,0.01,True,True,False,0.01,22,32.828193,-117.130928,0.2558,32.823845,32.829209,-117.134318,-117.129876,0.5964,0.4151
203,32.720223,-117.079845,493.961732,0.49396,2024/2/21,2024/3/19,2024,2,2024,3,27,3.86,28,1.81,26.19,15.43,50.440555,0.01,True,True,False,0.01,60,32.721379,-117.082843,0.3085,32.71663,32.723751,-117.084713,-117.074995,0.7918,0.9091
204,32.745378,-117.167146,204.129413,0.20413,2022/12/28,2023/1/10,2022,12,2023,1,13,1.86,15,0.2,14.8,76.67,50.288655,0.01,True,True,False,0.01,20,32.74554,-117.166457,0.0669,32.745079,32.746923,-117.167636,-117.164985,0.205,0.2479
205,32.754391,-117.252276,77.509761,0.07751,2023/8/23,2023/9/5,2023,8,2023,9,13,1.86,24,1.17,22.83,20.59,49.758096,0.01,True,True,False,0.01,64,32.754303,-117.251966,0.0306,32.753739,32.754916,-117.252746,-117.251486,0.1309,0.1178
206,32.773622,-117.21951,162.656421,0.16266,2022/11/23,2023/2/7,2022,11,2023,2,76,10.86,26,1.51,24.49,17.24,49.545156,0.01,True,True,False,0.01,30,32.773942,-117.219632,0.0373,32.772864,32.774997,-117.220512,-117.218039,0.2372,0.2312
207,32.737107,-117.209818,465.716232,0.46572,2023/8/2,2023/9/19,2023,8,2023,9,48,6.86,49,7.68,41.32,6.38,49.511311,0.01,True,True,False,0.01,120,32.737456,-117.21007,0.0454,32.734659,32.741275,-117.214125,-117.208067,0.7357,0.5666
208,32.756763,-117.162435,470.775847,0.47078,2022/1/1,2022/1/18,2022,1,2022,1,17,2.43,24,1.19,22.81,20.13,49.245863,0.01,True,True,False,0.01,88,32.756179,-117.161105,0.1403,32.753097,32.760468,-117.166431,-117.158364,0.8196,0.7544
209,32.916628,-117.118231,55.911336,0.05591,2024/1/31,2024/3/19,2024,1,2024,3,48,6.86,33,3.02,29.98,10.93,48.943662,0.01,True,True,False,0.01,53,32.916907,-117.118155,0.0319,32.916184,32.917108,-117.118673,-117.117696,0.1027,0.0912
210,32.919012,-117.143895,263.231621,0.26323,2024/2/14,2024/2/20,2024,2,2024,2,6,0.86,13,0.11,12.89,114.32,48.721926,0.01,True,True,False,0.01,14,32.918691,-117.14343,0.0562,32.916648,32.919718,-117.144295,-117.141924,0.3414,0.2213
211,32.759865,-117.09472,119.117299,0.11912,2022/2/16,2022/3/15,2022,2,2022,3,27,3.86,25,1.43,23.57,17.5,47.981647,0.01,True,True,False,0.01,65,32.759822,-117.094634,0.0094,32.759192,32.760545,-117.095731,-117.093886,0.1504,0.1725
212,32.739872,-117.178309,13.514732,0.01351,2023/6/28,2023/9/12,2023,6,2023,9,76,10.86,36,3.9,32.1,9.24,47.952585,0.01,True,True,False,0.01,42,32.739864,-117.178289,0.0021,32.739766,32.739942,-117.178408,-117.178168,0.0196,0.0224
213,32.714846,-117.157398,33.351453,0.03335,2023/11/15,2024/1/9,2023,11,2024,1,55,7.86,112,37.57,74.43,2.98,47.925972,0.01,True,True,False,0.01,671,32.714795,-117.157436,0.0067,32.714551,32.715145,-117.157739,-117.157045,0.066,0.0649
214,32.756137,-117.205023,112.745402,0.11275,2023/9/20,2023/12/5,2023,9,2023,12,76,10.86,80,21.04,58.96,3.8,47.893859,0.01,True,True,False,0.01,213,32.756226,-117.205083,0.0114,32.755136,32.757119,-117.206209,-117.204085,0.2205,0.1986
215,32.708558,-117.152896,28.34055,0.02834,2022/3/2,2022/4/12,2022,3,2022,4,41,5.86,35,3.64,31.36,9.62,47.861992,0.01,True,True,False,0.01,103,32.708389,-117.152924,0.019,32.708309,32.708698,-117.15317,-117.15271,0.0433,0.043
216,32.773108,-117.047201,392.900005,0.3929,2022/6/22,2022/8/23,2022,6,2022,8,62,8.86,31,2.66,28.34,11.67,47.821561,0.01,True,True,False,0.01,45,32.771004,-117.048998,0.288,32.769957,32.775644,-117.050147,-117.046754,0.6324,0.3172
217,32.721972,-117.141706,124.736766,0.12474,2023/7/26,2023/10/31,2023,7,2023,10,97,13.86,53,9.51,43.49,5.57,47.57772,0.01,True,True,False,0.01,75,32.722365,-117.141602,0.0448,32.720852,32.723032,-117.142531,-117.140456,0.2424,0.1941
218,32.7507,-117.154884,99.175879,0.09918,2024/2/7,2024/4/2,2024,2,2024,4,55,7.86,68,15.69,52.31,4.33,47.407442,0.01,True,True,False,0.01,269,32.750562,-117.154984,0.0179,32.749815,32.751417,-117.155934,-117.154006,0.1781,0.1803
219,32.704088,-117.094078,76.401086,0.0764,2022/10/12,2022/12/20,2022,10,2022,12,69,9.86,26,1.65,24.35,15.77,47.357204,0.01,True,True,False,0.01,32,32.703976,-117.093953,0.0171,32.703492,32.704413,-117.094655,-117.093359,0.1024,0.1213
220,32.741547,-117.115784,182.098793,0.1821,2024/4/24,2024/5/7,2024,4,2024,5,13,1.86,19,0.6,18.4,31.8,47.326759,0.01,True,True,False,0.01,41,32.741207,-117.115132,0.0717,32.740042,32.742929,-117.117607,-117.113853,0.321,0.3511
221,32.7407,-117.147546,172.122117,0.17212,2023/4/26,2023/5/2,2023,4,2023,5,6,0.86,24,1.33,22.67,18.07,46.789567,0.01,True,True,False,0.01,161,32.740642,-117.146744,0.0753,32.739289,32.741949,-117.148673,-117.145823,0.2958,0.2666
222,32.728698,-117.104868,375.597118,0.3756,2023/1/25,2023/2/7,2023,1,2023,2,13,1.86,23,1.18,21.82,19.54,46.549623,0.01,True,True,False,0.01,98,32.727767,-117.103692,0.1511,32.725413,32.731803,-117.108428,-117.10115,0.7105,0.6808
223,32.741172,-117.184416,264.286641,0.26429,2024/5/1,2024/9/3,2024,5,2024,9,125,17.86,105,34.56,70.44,3.04,46.25934,0.01,True,True,False,0.01,298,32.741714,-117.184347,0.0606,32.74023,32.743537,-117.187058,-117.181792,0.3677,0.4925
224,32.74024,-117.159171,21.857088,0.02186,2022/6/15,2022/7/12,2022,6,2022,7,27,3.86,44,6.58,37.42,6.69,46.190345,0.01,True,True,False,0.01,245,32.740237,-117.159216,0.0043,32.740055,32.740432,-117.159356,-117.158958,0.0419,0.0372
225,32.757141,-117.110038,114.689616,0.11469,2023/7/12,2023/7/18,2023,7,2023,7,6,0.86,23,1.2,21.8,19.18,46.140417,0.01,True,True,False,0.01,150,32.757148,-117.109108,0.087,32.756222,32.758004,-117.110921,-117.108813,0.1981,0.1971
226,32.909318,-117.145685,449.434554,0.44943,2023/1/4,2023/2/28,2023,1,2023,2,55,7.86,29,2.37,26.63,12.21,45.953212,0.01,True,True,False,0.01,47,32.909255,-117.145571,0.0128,32.905616,32.913015,-117.148332,-117.143755,0.8227,0.4273
227,32.70798,-117.148864,8.318133,0.00832,2024/7/31,2024/11/12,2024,7,2024,11,104,14.86,34,3.61,30.39,9.42,45.882487,0.01,True,True,False,0.01,3,32.708005,-117.148828,0.0044,32.70798,32.708019,-117.148864,-117.148788,0.0043,0.0071
228,32.733311,-117.214362,84.887476,0.08489,2022/6/29,2022/10/4,2022,6,2022,10,97,13.86,34,3.61,30.39,9.42,45.864141,0.01,True,True,False,0.01,40,32.733378,-117.214219,0.0153,32.732961,32.734009,-117.215036,-117.213713,0.1165,0.1237
229,32.747716,-117.253049,58.588905,0.05859,2022/10/5,2023/1/10,2022,10,2023,1,97,13.86,57,11.52,45.48,4.95,45.661962,0.01,True,True,False,0.01,163,32.747794,-117.252895,0.0168,32.747235,32.748235,-117.253504,-117.252432,0.1112,0.1003
230,32.784375,-117.108889,138.073801,0.13807,2024/7/17,2024/12/3,2024,7,2024,12,139,19.86,43,6.36,36.64,6.76,45.558399,0.01,True,True,False,0.01,57,32.784681,-117.109734,0.086,32.783373,32.784979,-117.110323,-117.107539,0.1786,0.2603
231,32.764203,-117.204645,189.24408,0.18924,2022/6/22,2022/7/12,2022,6,2022,7,20,2.86,21,0.92,20.08,22.76,45.552965,0.01,True,True,False,0.01,41,32.764259,-117.204209,0.0412,32.762599,32.7659,-117.206238,-117.203492,0.3671,0.2568
232,32.713756,-117.151176,80.433936,0.08043,2022/12/14,2022/12/27,2022,12,2022,12,13,1.86,22,1.07,20.93,20.49,45.511694,0.01,True,True,False,0.01,212,32.713651,-117.151047,0.0168,32.713163,32.71398,-117.152018,-117.150327,0.0908,0.1582
233,32.765931,-117.066914,442.042554,0.44204,2023/5/31,2023/6/13,2023,5,2023,6,13,1.86,49,8.52,40.48,5.75,45.227036,0.01,True,True,False,0.01,563,32.763077,-117.064774,0.3752,32.761962,32.76667,-117.071585,-117.062842,0.5235,0.8175
234,32.755524,-117.055232,28.796226,0.0288,2024/6/5,2024/10/15,2024,6,2024,10,132,18.86,36,4.25,31.75,8.48,45.203363,0.01,True,True,False,0.01,37,32.755526,-117.055159,0.0068,32.755486,32.755695,-117.055351,-117.054925,0.0232,0.0398
235,33.016478,-117.074995,112.896335,0.1129,2023/4/19,2023/5/9,2023,4,2023,5,20,2.86,18,0.56,17.44,32.43,45.177696,0.01,True,True,False,0.01,23,33.016793,-117.075377,0.05,33.015929,33.017478,-117.075941,-117.074211,0.1722,0.1613
236,32.916178,-117.15225,500.808319,0.50081,2022/1/19,2022/7/12,2022,1,2022,7,174,24.86,93,28.69,64.31,3.24,45.078585,0.01,True,True,False,0.01,186,32.913645,-117.151537,0.2895,32.911721,32.920335,-117.153547,-117.147121,0.9578,0.5998
237,32.710385,-117.152993,19.413903,0.01941,2022/4/20,2022/5/3,2022,4,2022,5,13,1.86,18,0.56,17.44,31.88,44.882773,0.01,True,True,False,0.01,48,32.710468,-117.152972,0.0094,32.710263,32.710545,-117.153119,-117.152813,0.0314,0.0286
238,32.759001,-117.074118,22.985525,0.02299,2024/7/31,2024/11/19,2024,7,2024,11,111,15.86,31,2.95,28.05,10.51,44.863989,0.01,True,True,False,0.01,33,32.759002,-117.074031,0.0082,32.758933,32.75906,-117.074284,-117.073873,0.0141,0.0384
239,32.762982,-117.059189,114.33142,0.11433,2024/7/17,2024/9/10,2024,7,2024,9,55,7.86,46,7.53,38.47,6.11,44.802554,0.01,True,True,False,0.01,138,32.763417,-117.059811,0.0757,32.762343,32.763969,-117.060392,-117.058532,0.1808,0.1739
240,32.699484,-117.148993,481.637275,0.48164,2024/6/5,2024/7/30,2024,6,2024,7,55,7.86,56,11.34,44.66,4.94,44.791951,0.01,True,True,False,0.01,202,32.701452,-117.148335,0.2273,32.696407,32.703688,-117.151092,-117.143894,0.8096,0.6735
241,32.744224,-117.184083,191.540457,0.19154,2022/3/23,2022/4/19,2022,3,2022,4,27,3.86,31,2.96,28.04,10.46,44.748861,0.01,True,True,False,0.01,121,32.743823,-117.184489,0.0586,32.742719,32.745815,-117.186129,-117.18255,0.3443,0.3347
242,32.747249,-117.088392,244.617544,0.24462,2023/2/22,2023/5/9,2023,2,2023,5,76,10.86,67,16.13,50.87,4.15,44.534863,0.01,True,True,False,0.01,218,32.747936,-117.087235,0.1324,32.745611,32.749426,-117.08876,-117.08581,0.4242,0.2759
243,32.816679,-117.151659,445.400538,0.4454,2022/12/14,2023/1/10,2022,12,2023,1,27,3.86,19,0.7,18.3,27.22,44.477007,0.01,True,True,False,0.01,50,32.816302,-117.153929,0.2162,32.813294,32.819683,-117.156384,-117.149102,0.7104,0.6805
244,32.758947,-117.237036,324.731148,0.32473,2024/7/10,2024/9/24,2024,7,2024,9,76,10.86,32,3.25,28.75,9.84,44.433653,0.01,True,True,False,0.01,46,32.758476,-117.237271,0.0568,32.756045,32.759374,-117.240384,-117.233903,0.3702,0.606
245,32.740291,-117.157654,145.371933,0.14537,2022/1/12,2022/2/15,2022,1,2022,2,34,4.86,53,10.24,42.76,5.18,44.400386,0.01,True,True,False,0.01,370,32.740125,-117.158681,0.0978,32.739045,32.741564,-117.159205,-117.156869,0.2801,0.2185
246,32.710922,-117.148674,56.489506,0.05649,2024/1/17,2024/1/30,2024,1,2024,1,13,1.86,39,5.28,33.72,7.39,44.265594,0.01,True,True,False,0.01,306,32.711058,-117.148677,0.0151,32.710418,32.711428,-117.149277,-117.14812,0.1123,0.1082
247,32.718749,-117.154605,28.375285,0.02838,2022/9/7,2022/11/22,2022,9,2022,11,76,10.86,58,12.31,45.69,4.71,44.226652,0.01,True,True,False,0.01,126,32.718679,-117.154609,0.0078,32.718494,32.719,-117.154875,-117.154333,0.0563,0.0507
248,32.714056,-117.153402,82.388991,0.08239,2023/3/15,2023/4/18,2023,3,2023,4,34,4.86,46,7.67,38.33,6.0,44.064946,0.01,True,True,False,0.01,286,32.714509,-117.153578,0.053,32.713432,32.714792,-117.15409,-117.152741,0.1512,0.1262
249,32.725928,-117.11452,130.114002,0.13011,2024/12/4,2024/12/10,2024,12,2024,12,6,0.86,10,0.045,9.96,221.32,44.041699,0.01,True,True,False,0.01,10,32.726139,-117.114585,0.0242,32.725928,32.727009,-117.114899,-117.113992,0.1202,0.0848
250,32.762601,-117.119404,159.076969,0.15908,2023/7/26,2023/9/5,2023,7,2023,9,41,5.86,30,2.79,27.21,10.75,44.039823,0.01,True,True,False,0.01,44,32.76313,-117.118421,0.1091,32.762601,32.763348,-117.120596,-117.11783,0.0831,0.2586
251,32.762653,-117.081382,445.808016,0.44581,2023/9/27,2023/10/17,2023,9,2023,10,20,2.86,23,1.33,21.67,17.34,43.948579,0.01,True,True,False,0.01,48,32.761894,-117.081509,0.0852,32.759105,32.765549,-117.083623,-117.078899,0.7165,0.4417
252,32.712555,-117.154943,50.504594,0.0505,2023/11/15,2023/12/19,2023,11,2023,12,34,4.86,54,10.76,43.24,5.02,43.882588,0.01,True,True,False,0.01,272,32.712535,-117.155133,0.0179,32.712136,32.712786,-117.15548,-117.154495,0.0723,0.0922
253,32.717305,-117.172806,408.083252,0.40808,2022/12/28,2023/3/7,2022,12,2023,3,69,9.86,62,14.13,47.87,4.39,43.813503,0.01,True,True,False,0.01,262,32.715682,-117.170941,0.251,32.713819,32.720133,-117.174372,-117.16889,0.7021,0.5129
254,32.712708,-117.133486,82.1432,0.08214,2022/10/19,2022/11/29,2022,10,2022,11,41,5.86,31,3.06,27.94,10.12,43.803032,0.01,True,True,False,0.01,95,32.713049,-117.133746,0.045,32.712033,32.713439,-117.13413,-117.13307,0.1563,0.0992
255,32.750134,-117.090224,56.612323,0.05661,2024/10/30,2024/12/24,2024,10,2024,12,55,7.86,21,1.01,19.99,20.83,43.776962,0.01,True,True,False,0.01,30,32.749994,-117.09018,0.0161,32.749639,32.750424,-117.090404,-117.08992,0.0873,0.0453
256,32.759045,-117.201811,333.296877,0.3333,2023/3/8,2023/4/25,2023,3,2023,4,48,6.86,63,14.62,48.38,4.31,43.663256,0.01,True,True,False,0.01,356,32.759197,-117.202006,0.0248,32.756207,32.761694,-117.205281,-117.198711,0.6101,0.6144
257,32.736265,-117.161341,58.394543,0.05839,2022/1/19,2022/1/25,2022,1,2022,1,6,0.86,17,0.49,16.51,34.37,43.630092,0.01,True,True,False,0.01,85,32.736289,-117.161324,0.0031,32.735745,32.736785,-117.161513,-117.161048,0.1156,0.0435
258,32.716543,-117.155759,56.358603,0.05636,2023/1/11,2023/3/21,2023,1,2023,3,69,9.86,125,47.49,77.51,2.63,43.488621,0.01,True,True,False,0.01,812,32.716686,-117.155771,0.0159,32.716051,32.717047,-117.156341,-117.155178,0.1108,0.1088
259,32.721813,-117.149545,333.761542,0.33376,2024/3/6,2024/9/3,2024,3,2024,9,181,25.86,93,29.47,63.53,3.16,43.365934,0.01,True,True,False,0.01,176,32.720487,-117.147765,0.2224,32.718912,32.724462,-117.151304,-117.146728,0.6171,0.4281
260,32.708698,-117.151477,27.858733,0.02786,2024/5/15,2024/8/13,2024,5,2024,8,90,12.86,51,9.73,41.27,5.24,43.244191,0.01,True,True,False,0.01,102,32.708519,-117.151503,0.02,32.708456,32.708716,-117.151763,-117.151228,0.0289,0.0501
261,32.752581,-117.251605,91.942373,0.09194,2023/9/27,2023/10/10,2023,9,2023,10,13,1.86,37,4.84,32.16,7.64,43.089521,0.01,True,True,False,0.01,269,32.752774,-117.251793,0.0277,32.751836,32.753403,-117.252546,-117.251081,0.1742,0.137
262,32.743982,-117.191436,240.953529,0.24095,2022/11/30,2023/3/28,2022,11,2023,3,118,16.86,43,6.82,36.18,6.31,43.02021,0.01,True,True,False,0.01,66,32.745404,-117.191088,0.1614,32.743827,32.746102,-117.193652,-117.189189,0.253,0.4174
263,32.752803,-117.25271,320.877798,0.32088,2022/8/24,2022/11/1,2022,8,2022,11,69,9.86,159,68.94,90.06,2.31,42.854017,0.01,True,True,False,0.01,1076,32.752479,-117.25182,0.0907,32.749922,32.755599,-117.253108,-117.249504,0.6313,0.337
264,32.722957,-117.156022,321.78081,0.32178,2024/2/21,2024/4/16,2024,2,2024,4,55,7.86,95,30.81,64.19,3.08,42.803663,0.01,True,True,False,0.01,580,32.72236,-117.157288,0.1358,32.7201,32.725759,-117.159456,-117.154118,0.6293,0.4994
265,32.790707,-117.254867,163.98807,0.16399,2022/10/12,2022/11/1,2022,10,2022,11,20,2.86,25,1.79,23.21,14.0,42.762874,0.01,True,True,False,0.01,103,32.790931,-117.255242,0.043,32.789613,32.792123,-117.255854,-117.253332,0.2791,0.2357
266,32.793406,-117.254555,97.172203,0.09717,2022/1/26,2022/3/1,2022,1,2022,3,34,4.86,22,1.23,20.77,17.82,42.598277,0.01,True,True,False,0.01,45,32.793249,-117.254818,0.0302,32.792614,32.794069,-117.255567,-117.254084,0.1618,0.1386
267,32.710949,-117.154628,143.271397,0.14327,2024/7/17,2024/12/10,2024,7,2024,12,146,20.86,73,19.61,53.39,3.72,42.563795,0.01,True,True,False,0.01,163,32.711255,-117.154405,0.0399,32.709733,32.712201,-117.155985,-117.153175,0.2744,0.2629
268,32.794996,-117.082959,326.640804,0.32664,2022/1/1,2022/2/1,2022,1,2022,2,31,4.43,18,0.65,17.35,27.83,42.518563,0.01,True,True,False,0.01,24,32.793819,-117.082148,0.1512,32.792566,32.796223,-117.083336,-117.080675,0.4066,0.2487
269,32.727056,-117.167459,16.505472,0.01651,2022/7/13,2022/8/9,2022,7,2022,8,27,3.86,27,2.24,24.76,12.05,42.451611,0.01,True,True,False,0.01,82,32.72702,-117.167497,0.0053,32.726935,32.727126,-117.167609,-117.167288,0.0212,0.03
270,32.723576,-117.171283,89.328153,0.08933,2024/4/17,2024/4/23,2024,4,2024,4,6,0.86,13,0.19,12.81,69.48,42.321063,0.01,True,True,False,0.01,27,32.723672,-117.170518,0.0723,32.723391,32.724304,-117.171609,-117.170341,0.1015,0.1186
271,32.7552,-117.129352,177.326459,0.17733,2023/11/29,2024/3/5,2023,11,2024,3,97,13.86,51,9.97,41.03,5.12,42.230594,0.01,True,True,False,0.01,92,32.755418,-117.129516,0.0287,32.753693,32.756601,-117.131148,-117.127529,0.3234,0.3384
272,32.733901,-117.160373,49.251811,0.04925,2022/4/27,2022/5/24,2022,4,2022,5,27,3.86,16,0.43,15.57,36.93,42.177472,0.01,True,True,False,0.01,17,32.733961,-117.160395,0.007,32.733813,32.734318,-117.16048,-117.160197,0.0562,0.0265
273,32.713752,-117.157645,23.464789,0.02346,2022/11/2,2023/4/11,2022,11,2023,4,160,22.86,140,57.49,82.51,2.44,42.124615,0.01,True,True,False,0.01,503,32.713709,-117.15765,0.0048,32.713548,32.713954,-117.157892,-117.157407,0.0451,0.0454
274,32.96027,-117.109389,328.349483,0.32835,2022/4/6,2022/9/20,2022,4,2022,9,167,23.86,62,14.71,47.29,4.22,41.927345,0.01,True,True,False,0.01,89,32.960349,-117.110328,0.088,32.960033,32.961238,-117.11178,-117.105874,0.134,0.551
275,32.7632,-117.063674,15.665049,0.01567,2023/8/16,2023/11/21,2023,8,2023,11,97,13.86,55,11.72,43.28,4.69,41.745617,0.01,True,True,False,0.01,94,32.763207,-117.063762,0.0082,32.763104,32.763298,-117.06384,-117.063605,0.0216,0.022
276,32.764346,-117.117582,125.113979,0.12511,2022/11/30,2023/5/30,2022,11,2023,5,181,25.86,59,13.46,45.54,4.38,41.66827,0.01,True,True,False,0.01,87,32.763426,-117.117664,0.1025,32.763224,32.764346,-117.11889,-117.117137,0.1248,0.1639
277,32.749593,-117.249227,289.089982,0.28909,2022/7/13,2022/8/16,2022,7,2022,8,34,4.86,60,13.93,46.07,4.31,41.555067,0.01,True,True,False,0.01,428,32.748969,-117.250859,0.1677,32.747027,32.752181,-117.252315,-117.246588,0.5731,0.5356
278,32.71706,-117.156286,23.302532,0.0233,2024/3/13,2024/6/4,2024,3,2024,6,83,11.86,56,12.2,43.8,4.59,41.541252,0.01,True,True,False,0.01,152,32.717034,-117.156411,0.0121,32.716854,32.717251,-117.156532,-117.156109,0.0441,0.0396
279,32.766318,-117.111268,26.851465,0.02685,2023/8/2,2023/8/15,2023,8,2023,8,13,1.86,14,0.27,13.73,51.45,41.441672,0.01,True,True,False,0.01,14,32.766334,-117.111323,0.0054,32.766134,32.76655,-117.111451,-117.111126,0.0463,0.0304
280,32.754013,-117.145321,22.125311,0.02213,2022/4/13,2022/8/16,2022,4,2022,8,125,17.86,46,8.23,37.77,5.59,41.378605,0.01,True,True,False,0.01,72,32.754006,-117.145332,0.0013,32.753829,32.7542,-117.145555,-117.145141,0.0413,0.0387
281,32.714607,-117.156938,18.863114,0.01886,2022/1/1,2022/3/1,2022,1,2022,3,59,8.43,35,4.49,30.51,7.8,41.369986,0.01,True,True,False,0.01,98,32.714655,-117.156971,0.0061,32.714457,32.714772,-117.157127,-117.15675,0.035,0.0353
282,32.867733,-117.232046,40.793347,0.04079,2024/5/22,2024/6/18,2024,5,2024,6,27,3.86,21,1.15,19.85,18.33,41.229386,0.01,True,True,False,0.01,44,32.867721,-117.232092,0.0045,32.867474,32.867927,-117.232466,-117.231681,0.0504,0.0733
283,32.748228,-117.140212,26.582324,0.02658,2024/10/30,2024/12/10,2024,10,2024,12,41,5.86,22,1.32,20.68,16.64,41.186555,0.01,True,True,False,0.01,48,32.748144,-117.140162,0.0104,32.747994,32.748355,-117.140374,-117.140004,0.0401,0.0346
284,32.787718,-117.110895,220.123121,0.22012,2023/8/16,2023/8/29,2023,8,2023,8,13,1.86,15,0.37,14.63,41.09,41.102398,0.01,True,True,False,0.01,19,32.786481,-117.111224,0.1409,32.785784,32.788409,-117.113138,-117.110371,0.2919,0.2587
285,32.738147,-117.159036,102.172573,0.10217,2023/7/12,2023/8/15,2023,7,2023,8,34,4.86,27,2.38,24.62,11.36,40.9949,0.01,True,True,False,0.01,54,32.738511,-117.159127,0.0413,32.737237,32.73905,-117.159781,-117.158542,0.2016,0.1159
286,32.798808,-117.258053,392.485271,0.39249,2022/5/25,2022/11/22,2022,5,2022,11,181,25.86,156,68.53,87.47,2.28,40.886838,0.01,True,True,False,0.01,417,32.798458,-117.257512,0.0638,32.795451,32.802166,-117.259674,-117.254075,0.7467,0.5233
287,32.749043,-117.121899,81.989629,0.08199,2022/5/4,2022/5/24,2022,5,2022,5,20,2.86,55,12.01,42.99,4.58,40.71336,0.01,True,True,False,0.01,546,32.74932,-117.122211,0.0424,32.748566,32.749773,-117.122672,-117.12151,0.1342,0.1087
288,32.715101,-117.156654,33.221659,0.03322,2024/3/20,2024/4/23,2024,3,2024,4,34,4.86,36,4.9,31.1,7.35,40.700855,0.01,True,True,False,0.01,155,32.71506,-117.156567,0.0093,32.714803,32.71538,-117.156923,-117.156341,0.0642,0.0544
289,32.718336,-117.156335,67.296108,0.0673,2023/11/1,2023/12/26,2023,11,2023,12,55,7.86,71,19.35,51.65,3.67,40.67143,0.01,True,True,False,0.01,305,32.717868,-117.156377,0.0521,32.717732,32.718781,-117.156766,-117.15569,0.1166,0.1007
290,32.817506,-117.179335,257.269986,0.25727,2022/12/14,2023/2/14,2022,12,2023,2,62,8.86,27,2.41,24.59,11.21,40.657653,0.01,True,True,False,0.01,56,32.817674,-117.179424,0.0204,32.815664,32.818547,-117.181561,-117.176825,0.3206,0.4426
291,32.711245,-117.150336,11.315683,0.01132,2022/10/12,2023/1/10,2022,10,2023,1,90,12.86,55,12.04,42.96,4.57,40.58501,0.01,True,True,False,0.01,198,32.711262,-117.150319,0.0024,32.711146,32.711347,-117.150457,-117.150225,0.0224,0.0217
292,32.707725,-117.151833,72.322831,0.07232,2023/6/21,2023/8/8,2023,6,2023,8,48,6.86,86,27.08,58.92,3.18,40.465625,0.01,True,True,False,0.01,489,32.707839,-117.151963,0.0175,32.707089,32.708373,-117.152337,-117.151218,0.1428,0.1047
293,32.714598,-117.154146,28.704884,0.0287,2024/3/27,2024/4/2,2024,3,2024,4,6,0.86,18,0.73,17.27,24.56,40.352525,0.01,True,True,False,0.01,112,32.714635,-117.154089,0.0067,32.714435,32.714843,-117.154427,-117.153865,0.0454,0.0526
294,32.921766,-117.114646,500.694746,0.50069,2024/7/3,2024/10/1,2024,7,2024,10,90,12.86,38,5.63,32.37,6.75,40.203492,0.01,True,True,False,0.01,69,32.91833,-117.116166,0.4076,32.917294,32.92339,-117.119629,-117.113019,0.6778,0.617
295,32.76204,-117.209111,49.669837,0.04967,2024/6/5,2024/8/20,2024,6,2024,8,76,10.86,25,2.0,23.0,12.52,40.186764,0.01,True,True,False,0.01,29,32.762148,-117.20896,0.0186,32.761953,32.762327,-117.209605,-117.208611,0.0416,0.0929
296,32.708447,-117.148532,53.038613,0.05304,2024/3/6,2024/4/9,2024,3,2024,4,34,4.86,49,9.73,39.27,5.04,39.955797,0.01,True,True,False,0.01,272,32.708422,-117.148645,0.0109,32.707978,32.708921,-117.149093,-117.148122,0.1049,0.0908
297,32.769511,-117.039791,81.010706,0.08101,2023/5/17,2023/10/3,2023,5,2023,10,139,19.86,47,8.94,38.06,5.26,39.952164,0.01,True,True,False,0.01,46,32.769584,-117.0401,0.03,32.768987,32.770029,-117.040657,-117.039306,0.1159,0.1263
298,32.755458,-117.242515,86.968662,0.08697,2022/3/2,2022/3/22,2022,3,2022,3,20,2.86,16,0.5,15.5,31.87,39.890035,0.01,True,True,False,0.01,29,32.755347,-117.24237,0.0183,32.754917,32.755614,-117.243372,-117.241615,0.0775,0.1643
299,32.742617,-117.101254,473.351594,0.47335,2024/8/7,2024/10/8,2024,8,2024,10,62,8.86,52,10.98,41.02,4.74,39.873251,0.01,True,True,False,0.01,198,32.740581,-117.100903,0.2288,32.738419,32.746642,-117.104579,-117.098322,0.9144,0.5852
300,32.751263,-117.235262,48.962127,0.04896,2024/9/11,2024/9/17,2024,9,2024,9,6,0.86,10,0.069,9.93,145.47,39.868759,0.01,True,True,False,0.01,12,32.751353,-117.235368,0.0141,32.751123,32.751648,-117.235683,-117.234972,0.0584,0.0665
301,32.728,-117.215252,111.779852,0.11178,2023/9/27,2023/11/28,2023,9,2023,11,62,8.86,30,3.28,26.72,9.15,39.691825,0.01,True,True,False,0.01,43,32.728405,-117.215502,0.0508,32.728,32.728862,-117.216369,-117.21426,0.0959,0.1973
302,32.790726,-117.098412,37.551907,0.03755,2023/3/15,2023/4/25,2023,3,2023,4,41,5.86,21,1.24,19.76,16.9,39.61854,0.01,True,True,False,0.01,37,32.790677,-117.098417,0.0055,32.79039,32.790849,-117.098663,-117.098178,0.051,0.0453
303,32.779359,-117.105053,313.305049,0.31331,2024/10/30,2024/11/26,2024,10,2024,11,27,3.86,18,0.77,17.23,23.48,39.57691,0.01,True,True,False,0.01,38,32.779587,-117.104169,0.0865,32.776935,32.782076,-117.108299,-117.101803,0.5717,0.6073
304,32.75173,-117.100426,64.972365,0.06497,2023/8/9,2023/10/10,2023,8,2023,10,62,8.86,26,2.28,23.72,11.38,39.51999,0.01,True,True,False,0.01,27,32.751617,-117.100435,0.0125,32.751168,32.752251,-117.100784,-117.100113,0.1204,0.0628
305,32.750022,-117.156221,21.777364,0.02178,2022/6/1,2022/6/7,2022,6,2022,6,6,0.86,17,0.64,16.36,26.68,39.463174,0.01,True,True,False,0.01,99,32.750042,-117.156172,0.0051,32.749856,32.750177,-117.156431,-117.155999,0.0357,0.0404
306,32.811388,-117.219242,327.041845,0.32704,2022/12/28,2023/3/7,2022,12,2023,3,69,9.86,45,8.3,36.7,5.42,39.380835,0.01,True,True,False,0.01,150,32.811147,-117.219033,0.0332,32.808862,32.81417,-117.222231,-117.216121,0.5902,0.571
307,32.754354,-117.101398,22.897164,0.0229,2022/10/12,2022/11/8,2022,10,2022,11,27,3.86,14,0.32,13.68,44.04,39.309088,0.01,True,True,False,0.01,14,32.754324,-117.101399,0.0033,32.754151,32.754438,-117.101624,-117.101277,0.0319,0.0324
308,32.714587,-117.156637,4.855426,0.00486,2022/11/16,2022/12/13,2022,11,2022,12,27,3.86,15,0.41,14.59,36.27,39.278466,0.01,True,True,False,0.01,22,32.714586,-117.156628,0.0009,32.714548,32.714628,-117.156669,-117.156593,0.0089,0.0071
309,32.764784,-117.140437,220.328131,0.22033,2023/3/8,2023/3/28,2023,3,2023,3,20,2.86,18,0.78,17.22,22.97,39.1992,0.01,True,True,False,0.01,48,32.764851,-117.139232,0.113,32.763183,32.76642,-117.141511,-117.1384,0.3599,0.2909
310,32.740559,-117.085348,79.763839,0.07976,2023/10/25,2023/11/21,2023,10,2023,11,27,3.86,20,1.1,18.9,18.23,39.161797,0.01,True,True,False,0.01,33,32.74024,-117.085212,0.0377,32.739981,32.740686,-117.085762,-117.08451,0.0784,0.1171
311,32.714722,-117.15782,18.53228,0.01853,2022/8/24,2023/2/14,2022,8,2023,2,174,24.86,98,34.42,63.58,2.85,38.971629,0.01,True,True,False,0.01,255,32.71471,-117.15784,0.0023,32.714602,32.714875,-117.158016,-117.157623,0.0304,0.0368
312,32.712168,-117.137365,116.83258,0.11683,2023/11/22,2023/12/26,2023,11,2023,12,34,4.86,23,1.68,21.32,13.69,38.862803,0.01,True,True,False,0.01,49,32.712295,-117.137803,0.0433,32.711298,32.713002,-117.138497,-117.136264,0.1895,0.2089
313,32.758322,-117.072887,69.393252,0.06939,2022/7/13,2022/7/26,2022,7,2022,7,13,1.86,15,0.43,14.57,35.09,38.797897,0.01,True,True,False,0.01,32,32.758856,-117.072759,0.0606,32.758322,32.758935,-117.072887,-117.072669,0.0682,0.0204
314,32.723198,-117.159455,38.592566,0.03859,2023/8/9,2023/8/22,2023,8,2023,8,13,1.86,27,2.61,24.39,10.34,38.693823,0.01,True,True,False,0.01,136,32.723135,-117.159383,0.0097,32.722872,32.723524,-117.159857,-117.159228,0.0725,0.0588
315,32.747325,-117.250822,40.022152,0.04002,2024/4/3,2024/4/9,2024,4,2024,4,6,0.86,17,0.67,16.33,25.35,38.629777,0.01,True,True,False,0.01,106,32.747158,-117.250883,0.0194,32.746987,32.747595,-117.251113,-117.25048,0.0676,0.0592
316,32.871147,-117.223778,172.900518,0.1729,2022/1/19,2022/2/8,2022,1,2022,2,20,2.86,13,0.25,12.75,51.89,38.590064,0.01,True,True,False,0.01,14,32.871042,-117.223549,0.0243,32.870454,32.871238,-117.224017,-117.222123,0.0872,0.1769
317,32.706192,-117.151464,63.975364,0.06398,2024/5/22,2024/6/11,2024,5,2024,6,20,2.86,35,4.92,30.08,7.11,38.582091,0.01,True,True,False,0.01,228,32.706295,-117.151658,0.0215,32.70564,32.706686,-117.152133,-117.150811,0.1163,0.1237
318,32.777453,-117.143246,473.070365,0.47307,2024/10/30,2024/12/17,2024,10,2024,12,48,6.86,29,3.15,25.85,9.21,38.529002,0.01,True,True,False,0.01,98,32.777163,-117.143023,0.0384,32.773264,32.780985,-117.147509,-117.138222,0.8585,0.8682
319,32.759085,-117.096817,35.605296,0.03561,2022/5/11,2022/6/14,2022,5,2022,6,34,4.86,16,0.55,15.45,28.99,38.42578,0.01,True,True,False,0.01,17,32.759099,-117.096981,0.0154,32.758901,32.759179,-117.097197,-117.096623,0.0309,0.0537
320,32.752539,-117.096016,59.781298,0.05978,2023/1/25,2023/2/21,2023,1,2023,2,27,3.86,14,0.34,13.66,41.25,38.414515,0.01,True,True,False,0.01,15,32.752525,-117.095989,0.003,32.752012,32.752882,-117.096139,-117.095714,0.0967,0.0397
321,32.711693,-117.138643,24.532723,0.02453,2022/6/1,2022/7/19,2022,6,2022,7,48,6.86,19,0.98,18.02,19.41,38.331933,0.01,True,True,False,0.01,21,32.711694,-117.138645,0.0003,32.711537,32.711873,-117.138836,-117.13845,0.0374,0.0361
322,32.706814,-117.145024,58.678212,0.05868,2024/6/26,2024/9/3,2024,6,2024,9,69,9.86,24,1.94,22.06,12.37,38.315887,0.01,True,True,False,0.01,29,32.706549,-117.144838,0.0342,32.706357,32.706984,-117.145125,-117.144536,0.0697,0.0551
323,32.764112,-117.060098,51.045052,0.05105,2023/3/8,2023/4/25,2023,3,2023,4,48,6.86,51,10.98,40.02,4.64,38.297963,0.01,True,True,False,0.01,265,32.764027,-117.059903,0.0205,32.76366,32.764484,-117.060624,-117.059556,0.0916,0.0999
324,32.785951,-117.098546,333.454264,0.33345,2022/4/27,2022/5/24,2022,4,2022,5,27,3.86,37,5.63,31.37,6.57,38.283111,0.01,True,True,False,0.01,207,32.786428,-117.098024,0.0721,32.782996,32.788712,-117.101932,-117.095262,0.6356,0.6235
325,32.75414,-117.24638,30.324062,0.03032,2022/7/13,2022/10/4,2022,7,2022,10,83,11.86,25,2.17,22.83,11.52,38.264799,0.01,True,True,False,0.01,4,32.754129,-117.246325,0.0053,32.753942,32.754267,-117.246521,-117.246094,0.0361,0.0399
326,32.757056,-117.214357,173.43017,0.17343,2023/6/7,2023/6/27,2023,6,2023,6,20,2.86,51,11.04,39.96,4.62,38.088946,0.01,True,True,False,0.01,377,32.757905,-117.214449,0.0948,32.756914,32.758507,-117.216189,-117.212701,0.1771,0.3262
327,32.758568,-117.140737,453.361494,0.45336,2023/3/1,2023/4/25,2023,3,2023,4,55,7.86,26,2.44,23.56,10.65,37.95255,0.01,True,True,False,0.01,53,32.757046,-117.140331,0.1734,32.754649,32.762219,-117.144322,-117.136872,0.8417,0.6967
328,32.746809,-117.133368,222.621823,0.22262,2024/9/4,2024/12/24,2024,9,2024,12,111,15.86,30,3.5,26.5,8.56,37.93396,0.01,True,True,False,0.01,45,32.747598,-117.13266,0.1099,32.745766,32.748632,-117.135634,-117.131233,0.3187,0.4116
329,32.714887,-117.156509,18.855238,0.01886,2022/6/22,2022/9/6,2022,6,2022,9,76,10.86,39,6.41,32.59,6.08,37.840183,0.01,True,True,False,0.01,89,32.71491,-117.156556,0.0051,32.714753,32.715054,-117.156657,-117.156332,0.0335,0.0304
330,32.707781,-117.146798,47.391363,0.04739,2022/11/2,2022/11/29,2022,11,2022,11,27,3.86,40,6.8,33.2,5.88,37.669999,0.01,True,True,False,0.01,299,32.707688,-117.146754,0.0111,32.707356,32.708192,-117.147139,-117.146362,0.093,0.0727
331,32.787222,-117.254589,35.260785,0.03526,2022/3/23,2022/3/29,2022,3,2022,3,6,0.86,11,0.14,10.86,81.2,37.501904,0.01,True,True,False,0.01,23,32.787175,-117.254486,0.0109,32.786936,32.787504,-117.254673,-117.254232,0.0632,0.0412
332,32.958166,-117.105438,199.847086,0.19985,2024/11/20,2024/12/10,2024,11,2024,12,20,2.86,11,0.14,10.86,80.31,37.381789,0.01,True,True,False,0.01,9,32.959469,-117.105195,0.1467,32.958166,32.959886,-117.105626,-117.104826,0.1913,0.0746
333,32.755566,-117.108673,164.740594,0.16474,2022/11/23,2022/12/6,2022,11,2022,12,13,1.86,24,2.04,21.96,11.75,37.179756,0.01,True,True,False,0.01,201,32.755746,-117.10934,0.0655,32.754136,32.757032,-117.110411,-117.107113,0.322,0.3084
334,32.748937,-117.208041,7.738647,0.00774,2023/4/12,2023/4/25,2023,4,2023,4,13,1.86,13,0.28,12.72,46.37,37.158805,0.01,True,True,False,0.01,21,32.748956,-117.208055,0.0025,32.748905,32.748986,-117.208099,-117.207982,0.009,0.0109
335,32.747676,-117.074722,284.828524,0.28483,2024/8/14,2024/12/3,2024,8,2024,12,111,15.86,47,9.64,37.36,4.88,37.116191,0.01,True,True,False,0.01,112,32.74717,-117.075293,0.0776,32.745716,32.749834,-117.077183,-117.071768,0.4579,0.5064
336,32.71464,-117.1524,6.523694,0.00652,2024/9/18,2024/10/8,2024,9,2024,10,20,2.86,27,2.79,24.21,9.68,37.076909,0.01,True,True,False,0.01,161,32.71462,-117.152404,0.0022,32.714581,32.714674,-117.152469,-117.152332,0.0103,0.0128
337,32.733645,-117.156915,97.541532,0.09754,2024/7/17,2024/9/17,2024,7,2024,9,62,8.86,31,3.91,27.09,7.92,37.073702,0.01,True,True,False,0.01,68,32.733402,-117.157006,0.0284,32.733053,32.734163,-117.157755,-117.156062,0.1234,0.1584
338,32.711675,-117.145394,152.48663,0.15249,2024/3/27,2024/5/28,2024,3,2024,5,62,8.86,70,20.32,49.68,3.45,36.92418,0.01,True,True,False,0.01,324,32.712387,-117.145721,0.0849,32.710499,32.71298,-117.146989,-117.143925,0.2759,0.2867
339,32.709354,-117.149456,6.920904,0.00692,2022/7/27,2022/8/2,2022,7,2022,8,6,0.86,11,0.14,10.86,76.88,36.908225,0.01,True,True,False,0.01,10,32.709352,-117.149436,0.0019,32.709297,32.709408,-117.149486,-117.149392,0.0123,0.0088
340,32.771602,-117.234812,407.568921,0.40757,2022/6/1,2023/1/31,2022,6,2023,1,244,34.86,92,32.16,59.84,2.86,36.880829,0.01,True,True,False,0.01,157,32.771799,-117.235175,0.0404,32.768821,32.775001,-117.239117,-117.233091,0.6872,0.5634
341,32.708279,-117.152432,17.069717,0.01707,2024/1/3,2024/2/27,2024,1,2024,2,55,7.86,46,9.34,36.66,4.93,36.687916,0.01,True,True,False,0.01,136,32.708319,-117.152407,0.005,32.708192,32.70841,-117.15261,-117.152252,0.0242,0.0335
342,32.741268,-117.229913,58.475161,0.05848,2024/7/17,2024/8/6,2024,7,2024,8,20,2.86,16,0.62,15.38,25.86,36.664873,0.01,True,True,False,0.01,31,32.741277,-117.229944,0.0031,32.740973,32.741657,-117.230375,-117.229494,0.0761,0.0824
343,32.758889,-117.157124,401.411273,0.40141,2023/2/1,2023/3/21,2023,2,2023,3,48,6.86,20,1.26,18.74,15.9,36.580366,0.01,True,True,False,0.01,29,32.758249,-117.157902,0.1017,32.755605,32.762002,-117.161309,-117.155333,0.7113,0.5588
344,32.736333,-117.149417,364.96413,0.36496,2022/10/26,2023/2/14,2022,10,2023,2,111,15.86,28,3.13,24.87,8.94,36.472461,0.01,True,True,False,0.01,40,32.737866,-117.147198,0.2686,32.733451,32.739065,-117.149417,-117.145551,0.6242,0.3616
345,32.787441,-117.120435,78.73392,0.07873,2022/6/1,2022/6/21,2022,6,2022,6,20,2.86,15,0.5,14.5,29.84,36.440477,0.01,True,True,False,0.01,22,32.787184,-117.120528,0.0299,32.786769,32.788093,-117.120759,-117.120233,0.1472,0.0492
346,32.760745,-117.099681,464.839518,0.46484,2024/6/12,2024/11/5,2024,6,2024,11,146,20.86,109,42.34,66.66,2.57,36.425951,0.01,True,True,False,0.01,336,32.759804,-117.099226,0.113,32.757097,32.764579,-117.102251,-117.094824,0.832,0.6945
347,32.694242,-117.12529,54.214296,0.05421,2023/9/20,2024/1/9,2023,9,2024,1,111,15.86,42,7.83,34.17,5.36,36.369256,0.01,True,True,False,0.01,63,32.694207,-117.125308,0.0043,32.693755,32.694692,-117.125433,-117.125229,0.1042,0.0191
348,32.720848,-117.163393,26.99109,0.02699,2023/9/27,2023/10/3,2023,9,2023,10,6,0.86,17,0.78,16.22,21.93,36.273483,0.01,True,True,False,0.01,89,32.72085,-117.16336,0.0031,32.720607,32.721052,-117.163671,-117.163113,0.0495,0.0522
349,32.89669,-117.145885,455.020167,0.45502,2024/10/16,2024/11/12,2024,10,2024,11,27,3.86,20,1.28,18.72,15.63,36.266569,0.01,True,True,False,0.01,62,32.896693,-117.146388,0.047,32.894442,32.898266,-117.149748,-117.14146,0.4252,0.7738
350,32.745216,-117.115709,388.229189,0.38823,2022/1/1,2022/8/30,2022,1,2022,8,241,34.43,157,73.05,83.95,2.15,36.205574,0.01,True,True,False,0.01,337,32.744755,-117.116784,0.1129,32.742311,32.748382,-117.119786,-117.111756,0.6751,0.751
351,32.76838,-117.205178,252.99273,0.25299,2024/10/16,2024/12/31,2024,10,2024,12,76,10.86,34,5.03,28.97,6.76,35.998066,0.01,True,True,False,0.01,106,32.768804,-117.205421,0.0523,32.766126,32.770617,-117.207418,-117.202877,0.4994,0.4246
352,32.718468,-117.143945,329.441511,0.32944,2023/12/13,2024/1/23,2023,12,2024,1,41,5.86,56,13.89,42.11,4.03,35.983375,0.01,True,True,False,0.01,345,32.718793,-117.14539,0.1399,32.715996,32.721202,-117.147426,-117.140773,0.5789,0.6224
353,32.708277,-117.154089,15.330455,0.01533,2023/10/25,2023/11/7,2023,10,2023,11,13,1.86,24,2.17,21.83,11.09,35.901882,0.01,True,True,False,0.01,138,32.708258,-117.154076,0.0024,32.708144,32.708405,-117.154201,-117.153983,0.029,0.0204
354,32.769849,-117.215485,331.808817,0.33181,2022/3/9,2022/6/7,2022,3,2022,6,90,12.86,39,6.83,32.17,5.71,35.803653,0.01,True,True,False,0.01,84,32.769474,-117.214361,0.113,32.767381,32.772611,-117.217746,-117.212068,0.5815,0.5309
355,32.793945,-117.250694,81.079228,0.08108,2024/1/3,2024/8/6,2024,1,2024,8,216,30.86,65,18.28,46.72,3.56,35.740378,0.01,True,True,False,0.01,75,32.794053,-117.250494,0.0222,32.793294,32.794557,-117.250962,-117.249856,0.1404,0.1034
356,32.738169,-117.146219,163.794113,0.16379,2022/1/1,2022/3/29,2022,1,2022,3,87,12.43,46,9.59,36.41,4.8,35.709891,0.01,True,True,False,0.01,139,32.738612,-117.146074,0.0511,32.736979,32.739632,-117.147597,-117.144587,0.295,0.2815
357,32.717217,-117.154186,15.473409,0.01547,2023/10/4,2023/10/31,2023,10,2023,10,27,3.86,22,1.74,20.26,12.67,35.59444,0.01,True,True,False,0.01,1,32.717217,-117.154186,0.0,32.717217,32.717217,-117.154186,-117.154186,0.0,0.0
358,32.745035,-117.158666,26.784886,0.02678,2024/1/3,2024/1/30,2024,1,2024,1,27,3.86,18,0.97,17.03,18.5,35.49513,0.01,True,True,False,0.01,26,32.745183,-117.158716,0.0171,32.745035,32.745245,-117.158897,-117.158508,0.0234,0.0364
359,32.801608,-117.011988,51.332201,0.05133,2022/1/1,2022/1/18,2022,1,2022,1,17,2.43,11,0.16,10.84,67.42,35.483609,0.01,True,True,False,0.01,7,32.801313,-117.011979,0.0328,32.801153,32.801608,-117.012081,-117.011872,0.0506,0.0195
360,32.756235,-117.203504,124.003305,0.124,2024/5/15,2024/7/23,2024,5,2024,7,69,9.86,32,4.48,27.52,7.14,35.375425,0.01,True,True,False,0.01,68,32.756303,-117.204029,0.0496,32.75527,32.757306,-117.204747,-117.202875,0.2264,0.1751
361,32.75518,-117.206769,153.032195,0.15303,2023/2/15,2023/4/4,2023,2,2023,4,48,6.86,35,5.53,29.47,6.33,35.123096,0.01,True,True,False,0.01,143,32.755305,-117.206053,0.0684,32.754005,32.756478,-117.208096,-117.205141,0.275,0.2763
362,32.796836,-117.226875,305.422188,0.30542,2023/3/8,2023/4/4,2023,3,2023,4,27,3.86,16,0.69,15.31,23.32,35.077086,0.01,True,True,False,0.01,33,32.796571,-117.228222,0.1293,32.796136,32.797164,-117.230044,-117.225078,0.1143,0.4642
363,32.744207,-117.079122,38.449966,0.03845,2022/9/28,2023/1/10,2022,9,2023,1,104,14.86,22,1.79,20.21,12.28,34.974845,0.01,True,True,False,0.01,24,32.74426,-117.079273,0.0153,32.743929,32.74452,-117.079422,-117.07907,0.0657,0.0329
364,32.748728,-117.159602,30.263492,0.03026,2024/6/26,2024/10/8,2024,6,2024,10,104,14.86,34,5.22,28.78,6.52,34.95246,0.01,True,True,False,0.01,57,32.748593,-117.159448,0.0208,32.748485,32.748898,-117.159732,-117.15938,0.0459,0.0329
365,32.710268,-117.149712,37.762988,0.03776,2022/12/28,2023/4/18,2022,12,2023,4,111,15.86,78,25.41,52.59,3.07,34.912987,0.01,True,True,False,0.01,294,32.710449,-117.149674,0.0204,32.710008,32.710602,-117.15011,-117.149336,0.066,0.0724
366,32.762282,-117.110755,47.235775,0.04724,2022/6/29,2022/8/9,2022,6,2022,8,41,5.86,29,3.63,25.37,7.98,34.872567,0.01,True,True,False,0.01,78,32.762252,-117.110771,0.0037,32.761905,32.762694,-117.111166,-117.110279,0.0877,0.0829
367,32.801107,-117.233294,114.915007,0.11492,2022/11/2,2022/12/13,2022,11,2022,12,41,5.86,15,0.56,14.44,26.73,34.851068,0.01,True,True,False,0.01,18,32.801021,-117.233422,0.0153,32.800675,32.80119,-117.234494,-117.233031,0.0573,0.1367
368,32.744408,-117.160232,61.541471,0.06154,2023/5/10,2023/5/16,2023,5,2023,5,6,0.86,12,0.25,11.75,48.29,34.775295,0.01,True,True,False,0.01,28,32.744342,-117.160262,0.0079,32.744053,32.744472,-117.160574,-117.159671,0.0466,0.0845
369,32.765268,-117.156775,162.30571,0.16231,2023/9/13,2023/10/31,2023,9,2023,10,48,6.86,25,2.54,22.46,9.84,34.712774,0.01,True,True,False,0.01,42,32.765376,-117.156007,0.0728,32.764421,32.765736,-117.158367,-117.155075,0.1462,0.3078
370,32.760496,-117.222562,291.286416,0.29129,2022/7/13,2022/7/26,2022,7,2022,7,13,1.86,12,0.25,11.75,47.28,34.527853,0.01,True,True,False,0.01,19,32.760317,-117.222449,0.0226,32.757893,32.761387,-117.225142,-117.220725,0.3885,0.413
371,32.800205,-117.238511,34.431972,0.03443,2022/3/16,2022/3/29,2022,3,2022,3,13,1.86,11,0.18,10.82,60.24,34.264003,0.01,True,True,False,0.01,15,32.800081,-117.238707,0.0229,32.799948,32.800205,-117.238876,-117.238511,0.0286,0.0341
372,32.739679,-117.057526,483.258702,0.48326,2023/6/28,2023/7/18,2023,6,2023,7,20,2.86,26,2.86,23.14,9.09,34.244492,0.01,True,True,False,0.01,127,32.739109,-117.056822,0.0914,32.735987,32.743381,-117.060524,-117.053975,0.8222,0.6125
373,32.74844,-117.12305,8.43748,0.00844,2022/6/8,2022/6/28,2022,6,2022,6,20,2.86,13,0.36,12.64,36.39,34.083922,0.01,True,True,False,0.01,17,32.748438,-117.123068,0.0017,32.748388,32.748492,-117.123123,-117.123,0.0116,0.0115
374,32.749142,-117.120715,43.53597,0.04354,2024/10/16,2024/11/5,2024,10,2024,11,20,2.86,12,0.26,11.74,45.4,34.050785,0.01,True,True,False,0.01,18,32.749075,-117.120629,0.0109,32.748782,32.749313,-117.120965,-117.12025,0.059,0.0669
375,32.805567,-117.26148,44.535457,0.04454,2024/11/20,2024/12/10,2024,11,2024,12,20,2.86,11,0.19,10.81,58.89,34.01989,0.01,True,True,False,0.01,15,32.805529,-117.261497,0.0045,32.805387,32.805658,-117.261906,-117.261324,0.0301,0.0544
376,32.708662,-117.15128,5.461539,0.00546,2022/6/8,2022/7/12,2022,6,2022,7,34,4.86,14,0.47,13.53,29.65,33.925672,0.01,True,True,False,0.01,3,32.708662,-117.151303,0.0022,32.708662,32.708663,-117.151338,-117.15128,0.0001,0.0054
377,32.863453,-117.217794,369.899726,0.3699,2022/6/1,2022/6/28,2022,6,2022,6,27,3.86,18,1.07,16.93,16.81,33.870925,0.01,True,True,False,0.01,36,32.865095,-117.21637,0.2259,32.863453,32.866192,-117.221285,-117.213996,0.3046,0.6808
378,32.753993,-117.08895,342.406101,0.34241,2024/2/28,2024/5/21,2024,2,2024,5,83,11.86,55,14.2,40.8,3.87,33.677045,0.01,True,True,False,0.01,177,32.7545,-117.089763,0.0946,32.751064,32.757019,-117.09256,-117.08609,0.6622,0.605
379,32.791155,-117.170012,172.739401,0.17274,2022/11/9,2023/1/31,2022,11,2023,1,83,11.86,29,3.81,25.19,7.6,33.645481,0.01,True,True,False,0.01,56,32.791502,-117.169959,0.0389,32.790466,32.792417,-117.171467,-117.168167,0.2169,0.3085
380,32.705291,-117.150712,184.314036,0.18431,2023/8/9,2023/10/3,2023,8,2023,10,55,7.86,163,79.45,83.55,2.05,33.616703,0.01,True,True,False,0.01,1026,32.705611,-117.150811,0.0367,32.703788,32.706638,-117.152671,-117.148811,0.3169,0.3612
381,32.756292,-117.126048,32.448254,0.03245,2024/3/6,2024/3/12,2024,3,2024,3,6,0.86,10,0.13,9.87,76.84,33.548189,0.01,True,True,False,0.01,19,32.756211,-117.126022,0.0093,32.756013,32.756497,-117.126274,-117.125861,0.0538,0.0386
382,32.713644,-117.141609,109.596431,0.1096,2024/8/28,2024/9/24,2024,8,2024,9,27,3.86,17,0.92,16.08,18.43,33.464994,0.01,True,True,False,0.01,38,32.71327,-117.141683,0.0422,32.712696,32.713818,-117.142767,-117.141021,0.1248,0.1634
383,32.710456,-117.147344,107.96144,0.10796,2024/6/26,2024/11/26,2024,6,2024,11,153,21.86,89,32.38,56.62,2.75,33.389132,0.01,True,True,False,0.01,252,32.710445,-117.147567,0.0209,32.709492,32.711425,-117.148489,-117.146392,0.2149,0.1962
384,32.769439,-117.058769,63.603833,0.0636,2023/10/4,2023/10/17,2023,10,2023,10,13,1.86,11,0.2,10.8,55.52,33.383342,0.01,True,True,False,0.01,11,32.769509,-117.058774,0.0078,32.769426,32.76988,-117.0592,-117.058583,0.0505,0.0577
385,32.74553,-117.129983,136.292693,0.13629,2023/10/25,2024/10/1,2023,10,2024,10,342,48.86,91,33.59,57.41,2.71,33.293561,0.01,True,True,False,0.01,100,32.746067,-117.129774,0.0629,32.744314,32.746499,-117.130362,-117.128766,0.243,0.1493
386,32.772108,-117.081368,142.18285,0.14218,2023/6/14,2023/7/18,2023,6,2023,7,34,4.86,14,0.5,13.5,28.18,33.239235,0.01,True,True,False,0.01,14,32.771699,-117.081198,0.0481,32.771387,32.772185,-117.081662,-117.080115,0.0887,0.1446
387,32.790888,-117.205805,54.63249,0.05463,2023/9/6,2023/9/12,2023,9,2023,9,6,0.86,14,0.5,13.5,28.14,33.217808,0.01,True,True,False,0.01,60,32.790729,-117.205929,0.0212,32.790417,32.791268,-117.206134,-117.205621,0.0946,0.048
388,32.725566,-117.16103,16.696146,0.0167,2024/8/7,2024/8/20,2024,8,2024,8,13,1.86,10,0.13,9.87,74.29,33.214681,0.01,True,True,False,0.01,11,32.725566,-117.161027,0.0002,32.725457,32.725714,-117.161074,-117.161003,0.0286,0.0066
389,32.76627,-117.058904,13.64496,0.01364,2024/2/21,2024/4/2,2024,2,2024,4,41,5.86,38,7.02,30.98,5.42,33.214571,0.01,True,True,False,0.01,170,32.766249,-117.058976,0.0071,32.766154,32.766377,-117.059048,-117.058766,0.0248,0.0264
390,32.779078,-117.248474,432.872257,0.43287,2022/6/15,2022/9/20,2022,6,2022,9,97,13.86,78,26.27,51.73,2.97,33.173306,0.01,True,True,False,0.01,286,32.779451,-117.249313,0.0887,32.775401,32.782962,-117.252228,-117.246086,0.8407,0.5742
391,32.83359,-117.167916,417.626197,0.41763,2024/2/14,2024/12/31,2024,2,2024,12,321,45.86,95,36.1,58.9,2.63,33.03321,0.01,True,True,False,0.01,130,32.833779,-117.168983,0.1019,32.83018,32.837259,-117.172328,-117.163837,0.7871,0.7933
392,32.718813,-117.162859,97.93421,0.09793,2022/9/14,2022/9/20,2022,9,2022,9,6,0.86,20,1.52,18.48,13.12,33.011079,0.01,True,True,False,0.01,250,32.719198,-117.162792,0.0433,32.718102,32.719688,-117.163818,-117.161904,0.1764,0.1791
393,32.708338,-117.153074,5.884233,0.00588,2022/8/31,2022/11/8,2022,8,2022,11,69,9.86,24,2.48,21.52,9.68,32.970283,0.01,True,True,False,0.01,41,32.708336,-117.153073,0.0003,32.708295,32.708386,-117.153137,-117.153013,0.0101,0.0116
394,32.759498,-117.108445,55.392808,0.05539,2022/6/8,2022/6/14,2022,6,2022,6,6,0.86,13,0.39,12.61,33.21,32.929833,0.01,True,True,False,0.01,57,32.759343,-117.108461,0.0173,32.759002,32.759993,-117.108592,-117.108301,0.1102,0.0272
395,32.793785,-117.209231,65.60609,0.06561,2023/7/12,2023/8/8,2023,7,2023,8,27,3.86,18,1.13,16.87,15.86,32.886453,0.01,True,True,False,0.01,34,32.793781,-117.209125,0.0099,32.793379,32.794371,-117.209386,-117.20869,0.1103,0.0651
396,32.711013,-117.150475,67.573027,0.06757,2022/3/23,2022/4/5,2022,3,2022,4,13,1.86,52,13.07,38.93,3.98,32.884323,0.01,True,True,False,0.01,1078,32.711021,-117.150329,0.0137,32.71041,32.711607,-117.150963,-117.149772,0.1331,0.1114
397,32.712713,-117.159726,26.511244,0.02651,2022/9/21,2022/10/18,2022,9,2022,10,27,3.86,19,1.34,17.66,14.14,32.678565,0.01,True,True,False,0.01,52,32.712587,-117.159816,0.0163,32.712477,32.712783,-117.159994,-117.15957,0.034,0.0397
398,32.750139,-117.1238,16.812918,0.01681,2023/6/14,2023/8/15,2023,6,2023,8,62,8.86,30,4.3,25.7,6.98,32.603136,0.01,True,True,False,0.01,60,32.750156,-117.123727,0.0071,32.750026,32.750278,-117.123886,-117.123621,0.028,0.0248
399,32.950422,-117.108639,188.92754,0.18893,2022/8/17,2022/9/6,2022,8,2022,9,20,2.86,12,0.3,11.7,39.98,32.5614,0.01,True,True,False,0.01,13,32.950498,-117.108373,0.0262,32.948792,32.95161,-117.109203,-117.107453,0.3133,0.1633
400,32.723135,-117.160731,8.135075,0.00814,2024/4/10,2024/6/4,2024,4,2024,6,55,7.86,33,5.37,27.63,6.15,32.304539,0.01,True,True,False,0.01,100,32.723118,-117.160754,0.0029,32.723063,32.723156,-117.160818,-117.16065,0.0103,0.0157
401,32.710489,-117.05408,256.632822,0.25663,2022/10/26,2023/5/2,2022,10,2023,5,188,26.86,39,7.64,31.36,5.11,32.231842,0.01,True,True,False,0.01,52,32.710285,-117.053047,0.0993,32.709089,32.712309,-117.05594,-117.051444,0.358,0.4206
402,32.70824,-117.151435,28.125806,0.02813,2022/7/6,2022/8/16,2022,7,2022,8,41,5.86,38,7.25,30.75,5.24,32.187437,0.01,True,True,False,0.01,174,32.708402,-117.151431,0.018,32.708177,32.70849,-117.151716,-117.151144,0.0348,0.0535
403,32.70876,-117.151777,10.880757,0.01088,2022/5/4,2022/5/24,2022,5,2022,5,20,2.86,20,1.6,18.4,12.5,32.119081,0.01,True,True,False,0.01,81,32.708748,-117.15182,0.0043,32.708665,32.70884,-117.151879,-117.151763,0.0195,0.0109
404,32.762045,-117.067084,64.512351,0.06451,2024/6/5,2024/6/11,2024,6,2024,6,6,0.86,16,0.84,15.16,19.06,31.999354,0.01,True,True,False,0.01,119,32.762141,-117.066739,0.034,32.761599,32.762536,-117.067084,-117.066453,0.1042,0.059
405,32.711002,-117.15043,18.466222,0.01847,2024/4/24,2024/5/7,2024,4,2024,5,13,1.86,22,2.09,19.91,10.52,31.863446,0.01,True,True,False,0.01,161,32.710987,-117.150372,0.0057,32.710847,32.711151,-117.150584,-117.150248,0.0338,0.0314
406,32.709358,-117.149173,41.994859,0.04199,2023/6/7,2023/9/19,2023,6,2023,9,104,14.86,83,29.8,53.2,2.78,31.825239,0.01,True,True,False,0.01,207,32.70939,-117.149221,0.0057,32.708995,32.70969,-117.149615,-117.148742,0.0773,0.0817
407,32.753437,-117.144998,66.945298,0.06695,2023/5/10,2023/5/23,2023,5,2023,5,13,1.86,22,2.1,19.9,10.48,31.781111,0.01,True,True,False,0.01,119,32.753732,-117.145117,0.0347,32.753165,32.754039,-117.145706,-117.144656,0.0972,0.0982
408,32.772324,-117.158587,405.312157,0.40531,2022/3/30,2022/4/12,2022,3,2022,4,13,1.86,27,3.5,23.5,7.72,31.692908,0.01,True,True,False,0.01,277,32.770838,-117.158711,0.1656,32.768825,32.775904,-117.162458,-117.154274,0.7871,0.7652
409,32.728501,-117.213838,18.243918,0.01824,2022/10/5,2023/3/7,2022,10,2023,3,153,21.86,38,7.39,30.61,5.14,31.602086,0.01,True,True,False,0.01,66,32.728504,-117.213816,0.0021,32.728371,32.728663,-117.213989,-117.213701,0.0325,0.0269
410,32.72292,-117.160717,20.98043,0.02098,2022/11/9,2023/1/3,2022,11,2023,1,55,7.86,25,2.92,22.08,8.56,31.593606,0.01,True,True,False,0.01,93,32.72305,-117.160692,0.0147,32.722773,32.723105,-117.160885,-117.160558,0.0369,0.0306
411,32.925094,-117.124724,486.512476,0.48651,2022/5/11,2022/6/28,2022,5,2022,6,48,6.86,23,2.38,20.62,9.68,31.580464,0.01,True,True,False,0.01,48,32.923096,-117.123092,0.2694,32.920724,32.926593,-117.129741,-117.119712,0.6526,0.9361
412,32.750599,-117.124968,124.470914,0.12447,2022/11/2,2022/12/13,2022,11,2022,12,41,5.86,26,3.22,22.78,8.08,31.537098,0.01,True,True,False,0.01,102,32.750476,-117.123884,0.1023,32.749919,32.75135,-117.125658,-117.123646,0.1591,0.1882
413,32.766298,-117.162335,29.001435,0.029,2023/7/12,2023/7/25,2023,7,2023,7,13,1.86,16,0.87,15.13,18.43,31.49016,0.01,True,True,False,0.01,54,32.766319,-117.162352,0.0028,32.766075,32.76646,-117.162526,-117.162026,0.0428,0.0468
414,32.794493,-117.173246,68.719901,0.06872,2023/7/19,2023/8/22,2023,7,2023,8,34,4.86,18,1.24,16.76,14.48,31.351394,0.01,True,True,False,0.01,28,32.794572,-117.172746,0.0475,32.794414,32.794891,-117.173246,-117.172515,0.053,0.0683
415,32.792917,-117.099519,15.240237,0.01524,2023/7/12,2023/9/19,2023,7,2023,9,69,9.86,26,3.26,22.74,7.98,31.271117,0.01,True,True,False,0.01,36,32.792928,-117.099573,0.0052,32.792836,32.793017,-117.099654,-117.099491,0.0201,0.0152
416,33.018549,-117.061214,63.006041,0.06301,2024/10/23,2024/12/3,2024,10,2024,12,41,5.86,12,0.34,11.66,35.69,31.236723,0.01,True,True,False,0.01,12,33.018736,-117.061257,0.0212,33.018519,33.019111,-117.061389,-117.061015,0.0658,0.0349
417,32.713614,-117.158153,21.271704,0.02127,2023/5/17,2023/7/4,2023,5,2023,7,48,6.86,82,29.56,52.44,2.77,31.228144,0.01,True,True,False,0.01,566,32.713651,-117.158177,0.0047,32.713445,32.713803,-117.158379,-117.15793,0.0398,0.042
418,32.796356,-117.229387,58.820648,0.05882,2023/11/22,2023/11/28,2023,11,2023,11,6,0.86,9,0.1,8.9,85.89,31.182948,0.01,True,True,False,0.01,12,32.796221,-117.229806,0.0419,32.796136,32.79641,-117.229972,-117.229083,0.0305,0.0831
419,32.738031,-117.079425,42.799405,0.0428,2022/4/6,2022/9/20,2022,4,2022,9,167,23.86,38,7.51,30.49,5.06,31.141513,0.01,True,True,False,0.01,45,32.737997,-117.079413,0.004,32.73771,32.738342,-117.079752,-117.079145,0.0703,0.0568
420,32.70662,-117.158825,293.751551,0.29375,2024/2/7,2024/4/2,2024,2,2024,4,55,7.86,38,7.51,30.49,5.06,31.14104,0.01,True,True,False,0.01,132,32.706705,-117.158739,0.0125,32.70421,32.709198,-117.161627,-117.155759,0.5546,0.549
421,32.744969,-117.120472,96.52022,0.09652,2022/12/28,2023/4/18,2022,12,2023,4,111,15.86,35,6.35,28.65,5.51,31.08826,0.01,True,True,False,0.01,70,32.745298,-117.120465,0.0366,32.74461,32.745803,-117.120997,-117.119606,0.1327,0.1301
422,32.823192,-117.191763,68.1619,0.06816,2022/8/10,2022/9/20,2022,8,2022,9,41,5.86,18,1.26,16.74,14.24,31.072971,0.01,True,True,False,0.01,33,32.822893,-117.191652,0.0348,32.822617,32.823298,-117.192362,-117.191201,0.0757,0.1085
423,32.806894,-117.122345,60.296622,0.0603,2022/6/15,2022/7/12,2022,6,2022,7,27,3.86,13,0.46,12.54,28.47,30.992829,0.01,True,True,False,0.01,17,32.807043,-117.122286,0.0174,32.806542,32.807436,-117.122519,-117.122055,0.0994,0.0434
424,32.739471,-117.254785,24.892174,0.02489,2024/6/12,2024/7/2,2024,6,2024,7,20,2.86,10,0.17,9.83,58.52,30.865519,0.01,True,True,False,0.01,10,32.739508,-117.254841,0.0067,32.739324,32.739589,-117.255,-117.254648,0.0295,0.0329
425,32.760012,-117.066851,58.359926,0.05836,2023/1/18,2023/1/31,2023,1,2023,1,13,1.86,20,1.72,18.28,11.64,30.812865,0.01,True,True,False,0.01,139,32.760187,-117.06689,0.0198,32.759743,32.760494,-117.067266,-117.066238,0.0835,0.0961
426,32.760415,-117.068927,53.129121,0.05313,2023/12/27,2024/1/16,2023,12,2024,1,20,2.86,20,1.72,18.28,11.61,30.768937,0.01,True,True,False,0.01,75,32.760484,-117.068638,0.0281,32.760109,32.760775,-117.069066,-117.068382,0.0741,0.064
427,32.820553,-117.184882,175.376778,0.17538,2022/10/12,2022/10/25,2022,10,2022,10,13,1.86,18,1.29,16.71,13.98,30.764496,0.01,True,True,False,0.01,109,32.820917,-117.184428,0.0586,32.820302,32.822062,-117.186528,-117.183289,0.1957,0.3027
428,32.787277,-117.233262,113.654733,0.11365,2024/7/24,2024/8/20,2024,7,2024,8,27,3.86,14,0.6,13.4,23.33,30.697364,0.01,True,True,False,0.01,24,32.787699,-117.233549,0.0541,32.786938,32.78822,-117.234402,-117.232516,0.1426,0.1763
429,32.746843,-117.250854,17.447309,0.01745,2023/8/16,2023/8/22,2023,8,2023,8,6,0.86,11,0.26,10.74,42.84,30.588484,0.01,True,True,False,0.01,31,32.746859,-117.250882,0.0032,32.746701,32.746991,-117.250989,-117.250759,0.0322,0.0215
430,32.728671,-117.065395,296.206848,0.29621,2023/6/21,2023/7/4,2023,6,2023,7,13,1.86,11,0.26,10.74,42.81,30.582484,0.01,True,True,False,0.01,19,32.728167,-117.065572,0.0584,32.727255,32.729507,-117.068072,-117.063699,0.2504,0.4091
431,32.762366,-117.064221,37.127371,0.03713,2023/8/23,2023/8/29,2023,8,2023,8,6,0.86,19,1.52,17.48,12.54,30.56437,0.01,True,True,False,0.01,150,32.762233,-117.064319,0.0174,32.762039,32.762567,-117.064522,-117.063958,0.0587,0.0527
432,32.71485,-117.158236,11.655051,0.01166,2022/4/20,2022/5/3,2022,4,2022,5,13,1.86,29,4.32,24.68,6.72,30.558883,0.01,True,True,False,0.01,367,32.714842,-117.158272,0.0035,32.714748,32.714953,-117.158359,-117.158144,0.0228,0.0201
433,32.714285,-117.158536,20.520887,0.02052,2023/10/11,2023/12/5,2023,10,2023,12,55,7.86,51,13.42,37.58,3.8,30.521787,0.01,True,True,False,0.01,197,32.714264,-117.158417,0.0114,32.714111,32.714448,-117.158714,-117.158318,0.0375,0.037
434,32.710739,-117.149912,52.194479,0.05219,2023/12/6,2024/1/9,2023,12,2024,1,34,4.86,75,26.01,48.99,2.88,30.438884,0.01,True,True,False,0.01,863,32.710673,-117.149962,0.0086,32.710279,32.711191,-117.150467,-117.149372,0.1014,0.1024
435,32.718663,-117.148543,81.379106,0.08138,2023/6/28,2023/7/4,2023,6,2023,7,6,0.86,14,0.61,13.39,22.8,30.391547,0.01,True,True,False,0.01,97,32.718361,-117.148358,0.0378,32.717932,32.719173,-117.148883,-117.147764,0.138,0.1047
436,32.732528,-117.161125,25.522389,0.02552,2024/8/14,2024/9/3,2024,8,2024,9,20,2.86,10,0.18,9.82,55.5,30.343562,0.01,True,True,False,0.01,10,32.732601,-117.161117,0.0082,32.732476,32.732756,-117.161163,-117.16093,0.0311,0.0218
437,32.827826,-117.166498,316.914912,0.31691,2022/9/28,2023/9/19,2022,9,2023,9,356,50.86,126,57.54,68.46,2.19,30.325177,0.01,True,True,False,0.01,167,32.827996,-117.16608,0.0433,32.825169,32.830507,-117.168231,-117.163682,0.5936,0.425
438,32.748936,-117.163279,42.745046,0.04275,2022/8/10,2022/8/30,2022,8,2022,8,20,2.86,16,0.94,15.06,17.03,30.29852,0.01,True,True,False,0.01,47,32.748981,-117.163302,0.0055,32.748592,32.749303,-117.163584,-117.162994,0.0791,0.0552
439,32.706328,-117.151935,12.229158,0.01223,2023/10/11,2023/12/5,2023,10,2023,12,55,7.86,25,3.1,21.9,8.06,30.277817,0.01,True,True,False,0.01,46,32.706355,-117.151972,0.0046,32.706242,32.706433,-117.152059,-117.151893,0.0212,0.0155
440,32.738286,-117.180579,261.661298,0.26166,2022/4/20,2023/3/7,2022,4,2023,3,321,45.86,91,35.49,55.51,2.56,30.188149,0.01,True,True,False,0.01,126,32.739615,-117.179989,0.1578,32.736947,32.740592,-117.181612,-117.178262,0.4053,0.3133
441,32.708139,-117.153277,17.65247,0.01765,2024/4/3,2024/4/23,2024,4,2024,4,20,2.86,20,1.78,18.22,11.24,30.174524,0.01,True,True,False,0.01,94,32.708228,-117.15336,0.0126,32.708111,32.708297,-117.153464,-117.153115,0.0207,0.0327
442,32.801166,-117.165007,195.713397,0.19571,2023/9/27,2023/10/3,2023,9,2023,10,6,0.86,10,0.19,9.81,53.37,29.96044,0.01,True,True,False,0.01,22,32.801221,-117.164998,0.0062,32.800454,32.801881,-117.166919,-117.164122,0.1587,0.2614
443,32.714392,-117.155484,73.077893,0.07308,2024/6/19,2024/12/24,2024,6,2024,12,188,26.86,61,18.66,42.34,3.27,29.925076,0.01,True,True,False,0.01,101,32.714616,-117.155292,0.0307,32.713881,32.715027,-117.156219,-117.154763,0.1274,0.1362
444,32.763284,-117.097525,31.718927,0.03172,2023/10/11,2023/10/17,2023,10,2023,10,6,0.86,8,0.071,7.93,112.11,29.827168,0.01,True,True,False,0.01,8,32.763276,-117.097518,0.0011,32.763018,32.763455,-117.097647,-117.097418,0.0486,0.0214
445,32.742443,-117.089973,97.247802,0.09725,2022/10/26,2022/12/6,2022,10,2022,12,41,5.86,13,0.51,12.49,25.5,29.61378,0.01,True,True,False,0.01,16,32.742162,-117.089539,0.0512,32.741704,32.743104,-117.089973,-117.089038,0.1557,0.0874
446,32.716917,-117.162206,19.50187,0.0195,2023/4/19,2023/6/6,2023,4,2023,6,48,6.86,21,2.09,18.91,10.06,29.573816,0.01,True,True,False,0.01,38,32.716862,-117.162181,0.0066,32.71675,32.716999,-117.162411,-117.162014,0.0277,0.0371
447,32.714425,-117.157464,19.614534,0.01961,2023/10/4,2023/10/24,2023,10,2023,10,20,2.86,34,6.31,27.69,5.39,29.566028,0.01,True,True,False,0.01,245,32.714426,-117.157425,0.0036,32.71425,32.714593,-117.157585,-117.157298,0.0381,0.0269
448,32.717952,-117.1544,112.779576,0.11278,2024/9/25,2024/11/19,2024,9,2024,11,55,7.86,80,29.43,50.57,2.72,29.443564,0.01,True,True,False,0.01,565,32.717976,-117.154582,0.0172,32.716952,32.718885,-117.155603,-117.153373,0.2149,0.2086
449,32.791014,-117.206009,49.607031,0.04961,2022/1/12,2022/1/25,2022,1,2022,1,13,1.86,13,0.52,12.48,25.08,29.407768,0.01,True,True,False,0.01,47,32.790827,-117.205962,0.0213,32.790574,32.79138,-117.206423,-117.205661,0.0896,0.0712
450,32.723569,-117.158543,69.706134,0.06971,2022/3/2,2022/4/12,2022,3,2022,4,41,5.86,23,2.65,20.35,8.68,29.349514,0.01,True,True,False,0.01,75,32.723768,-117.158961,0.0449,32.722957,32.724073,-117.15928,-117.15793,0.1241,0.1263
451,32.750109,-117.160969,123.763635,0.12376,2023/11/1,2023/11/28,2023,11,2023,11,27,3.86,28,4.22,23.78,6.63,29.190189,0.01,True,True,False,0.01,121,32.749987,-117.161522,0.0534,32.749006,32.751211,-117.162283,-117.159764,0.2452,0.2356
452,32.69299,-117.125451,6.307141,0.00631,2022/3/2,2022/5/3,2022,3,2022,5,62,8.86,15,0.84,14.16,17.95,29.152395,0.01,True,True,False,0.01,16,32.692992,-117.125432,0.0018,32.692938,32.693046,-117.125463,-117.125392,0.012,0.0066
453,32.708201,-117.149353,56.657798,0.05666,2024/5/8,2024/7/9,2024,5,2024,7,62,8.86,65,21.15,43.85,3.07,29.12701,0.01,True,True,False,0.01,347,32.708384,-117.149412,0.0211,32.707692,32.708699,-117.149904,-117.148775,0.112,0.1056
454,32.718677,-117.166631,27.76838,0.02777,2023/1/25,2023/4/11,2023,1,2023,4,76,10.86,18,1.42,16.58,12.66,29.120396,0.01,True,True,False,0.01,24,32.718715,-117.16649,0.0138,32.718484,32.718904,-117.166834,-117.166387,0.0467,0.0418
455,32.75783,-117.191807,389.059032,0.38906,2022/7/20,2022/9/13,2022,7,2022,9,55,7.86,38,8.04,29.96,4.73,29.071805,0.01,True,True,False,0.01,152,32.758488,-117.192893,0.1252,32.754776,32.761263,-117.195954,-117.188032,0.7213,0.7408
456,32.792286,-117.20947,29.587821,0.02959,2022/10/5,2023/2/14,2022,10,2023,2,132,18.86,25,3.28,21.72,7.62,29.063601,0.01,True,True,False,0.01,34,32.792323,-117.209498,0.0049,32.792052,32.79253,-117.209736,-117.209206,0.0532,0.0495
457,32.749181,-117.150654,65.621425,0.06562,2024/10/16,2024/11/19,2024,10,2024,11,34,4.86,16,1.02,14.98,15.68,29.062411,0.01,True,True,False,0.01,40,32.748927,-117.151109,0.0511,32.748655,32.749283,-117.151344,-117.150654,0.0698,0.0645
458,32.71301,-117.155496,97.966407,0.09797,2024/2/21,2024/3/12,2024,2,2024,3,20,2.86,35,6.82,28.18,5.13,29.053435,0.01,True,True,False,0.01,309,32.712577,-117.155241,0.0537,32.712184,32.713559,-117.156537,-117.154669,0.1529,0.1748
459,32.750153,-117.083275,58.529306,0.05853,2024/7/3,2024/9/10,2024,7,2024,9,69,9.86,18,1.44,16.56,12.49,28.884645,0.01,True,True,False,0.01,23,32.749941,-117.083453,0.0288,32.749745,32.750153,-117.083789,-117.082748,0.0454,0.0974
460,32.804982,-117.223169,35.18305,0.03518,2022/5/4,2022/7/5,2022,5,2022,7,62,8.86,17,1.23,15.77,13.79,28.845998,0.01,True,True,False,0.01,21,32.804955,-117.223153,0.0033,32.80476,32.80517,-117.223438,-117.222841,0.0456,0.0558
461,32.579136,-117.09397,464.248316,0.46425,2022/10/26,2023/4/25,2022,10,2023,4,181,25.86,47,12.14,34.86,3.87,28.773265,0.01,True,True,False,0.01,70,32.581451,-117.09337,0.2635,32.574968,32.583231,-117.096258,-117.089337,0.9188,0.6485
462,32.712534,-117.148336,9.666262,0.00967,2024/10/16,2024/11/12,2024,10,2024,11,27,3.86,12,0.42,11.58,28.58,28.65416,0.01,True,True,False,0.01,21,32.712552,-117.14837,0.0037,32.712477,32.712594,-117.148435,-117.14826,0.013,0.0164
463,32.810723,-117.219209,29.008469,0.02901,2024/1/10,2024/2/6,2024,1,2024,2,27,3.86,18,1.46,16.54,12.3,28.642654,0.01,True,True,False,0.01,43,32.810794,-117.219213,0.0079,32.81047,32.810964,-117.219317,-117.219049,0.0549,0.025
464,32.75457,-117.09836,97.179194,0.09718,2022/1/1,2022/4/12,2022,1,2022,4,101,14.43,37,7.79,29.21,4.75,28.440778,0.01,True,True,False,0.01,86,32.75491,-117.098186,0.0412,32.75414,32.755216,-117.09924,-117.097606,0.1196,0.1528
465,32.71356,-117.152391,19.653311,0.01965,2022/7/20,2022/8/9,2022,7,2022,8,20,2.86,10,0.22,9.78,45.66,28.431056,0.01,True,True,False,0.01,11,32.713588,-117.152385,0.0032,32.713512,32.713684,-117.152549,-117.152184,0.0191,0.0341
466,32.775398,-117.098357,478.92561,0.47893,2024/4/3,2024/6/18,2024,4,2024,6,76,10.86,35,6.99,28.01,5.01,28.390684,0.01,True,True,False,0.01,92,32.775936,-117.099137,0.0944,32.771584,32.779314,-117.102805,-117.093973,0.8595,0.8257
467,32.719588,-117.142316,21.805137,0.02181,2022/6/15,2022/7/12,2022,6,2022,7,27,3.86,13,0.56,12.44,23.05,28.353235,0.01,True,True,False,0.01,21,32.719596,-117.142388,0.0068,32.71941,32.719746,-117.142547,-117.142129,0.0374,0.0391
468,32.757856,-117.21518,52.809289,0.05281,2023/8/30,2023/9/12,2023,8,2023,9,13,1.86,23,2.8,20.2,8.23,28.270679,0.01,True,True,False,0.01,118,32.757868,-117.215157,0.0025,32.757407,32.758075,-117.21571,-117.214635,0.0743,0.1005
469,32.750703,-117.133669,14.779574,0.01478,2022/11/9,2022/12/20,2022,11,2022,12,41,5.86,12,0.44,11.56,27.51,28.211515,0.01,True,True,False,0.01,16,32.750764,-117.133614,0.0085,32.750703,32.750807,-117.13382,-117.133557,0.0116,0.0246
470,32.739056,-117.160481,19.146501,0.01915,2022/8/17,2022/8/23,2022,8,2022,8,6,0.86,12,0.44,11.56,27.07,28.023221,0.01,True,True,False,0.01,63,32.739044,-117.160456,0.0027,32.738895,32.739219,-117.160648,-117.160328,0.036,0.0299
471,32.810086,-117.214375,290.632929,0.29063,2022/7/20,2022/10/18,2022,7,2022,10,90,12.86,21,2.27,18.73,9.25,27.995247,0.01,True,True,False,0.01,27,32.810346,-117.214055,0.0416,32.807948,32.812164,-117.216257,-117.211359,0.4688,0.4577
472,32.75044,-117.078578,297.633576,0.29763,2022/8/3,2023/3/7,2022,8,2023,3,216,30.86,80,30.32,49.68,2.64,27.946234,0.01,True,True,False,0.01,153,32.749733,-117.079932,0.1491,32.748148,32.752854,-117.081663,-117.078535,0.5233,0.2925
473,32.717412,-117.161513,49.750673,0.04975,2022/1/1,2022/7/12,2022,1,2022,7,192,27.43,47,12.43,34.57,3.78,27.946,0.01,True,True,False,0.01,76,32.717624,-117.161461,0.024,32.717117,32.71785,-117.161998,-117.161014,0.0815,0.0921
474,32.746329,-117.189339,399.49601,0.3995,2024/3/27,2024/4/2,2024,3,2024,4,6,0.86,22,2.55,19.45,8.62,27.942789,0.01,True,True,False,0.01,362,32.745983,-117.190322,0.0997,32.743384,32.749021,-117.193575,-117.185554,0.6268,0.7501
475,32.705962,-117.14938,24.311554,0.02431,2023/12/13,2023/12/26,2023,12,2023,12,13,1.86,9,0.15,8.85,59.59,27.93818,0.01,True,True,False,0.01,16,32.705985,-117.149365,0.0029,32.705744,32.706133,-117.149458,-117.149163,0.0433,0.0276
476,32.750503,-117.063111,169.55028,0.16955,2022/9/28,2022/11/8,2022,9,2022,11,41,5.86,13,0.58,12.42,22.26,27.919286,0.01,True,True,False,0.01,16,32.750745,-117.063219,0.0287,32.750092,32.751831,-117.063999,-117.062867,0.1934,0.1059
477,32.709202,-117.147215,81.762927,0.08176,2022/7/20,2022/10/25,2022,7,2022,10,97,13.86,55,16.42,38.58,3.35,27.90931,0.01,True,True,False,0.01,182,32.709392,-117.147347,0.0244,32.708616,32.709793,-117.148065,-117.146459,0.1309,0.1503
478,32.764968,-117.15371,83.979571,0.08398,2022/11/9,2023/1/17,2022,11,2023,1,69,9.86,18,1.53,16.47,11.76,27.889955,0.01,True,True,False,0.01,35,32.764956,-117.153929,0.0205,32.764326,32.765591,-117.154522,-117.153089,0.1407,0.134
479,32.788929,-117.096925,9.144147,0.00914,2024/4/17,2024/4/23,2024,4,2024,4,6,0.86,7,0.049,6.95,144.3,27.852056,0.01,True,True,False,0.01,7,32.78896,-117.09694,0.0037,32.788915,32.789006,-117.09697,-117.096922,0.0101,0.0045
480,32.774992,-117.111074,347.755753,0.34776,2024/3/13,2024/7/9,2024,3,2024,7,118,16.86,24,3.16,20.84,7.6,27.848207,0.01,True,True,False,0.01,29,32.776007,-117.111627,0.1242,32.773243,32.777878,-117.113566,-117.108339,0.5154,0.4887
481,32.777749,-117.139593,180.699149,0.1807,2022/9/7,2022/11/8,2022,9,2022,11,62,8.86,17,1.32,15.68,12.92,27.812004,0.01,True,True,False,0.01,23,32.777885,-117.138851,0.071,32.776688,32.778459,-117.141501,-117.137846,0.1969,0.3417
482,32.722957,-117.156022,46.431789,0.04643,2023/4/12,2023/4/25,2023,4,2023,4,13,1.86,11,0.33,10.67,32.96,27.783003,0.01,True,True,False,0.01,25,32.722944,-117.155778,0.0229,32.722629,32.723305,-117.156454,-117.155618,0.0752,0.0782
483,32.713196,-117.144043,62.291072,0.06229,2022/5/4,2022/5/17,2022,5,2022,5,13,1.86,22,2.58,19.42,8.53,27.742377,0.01,True,True,False,0.01,203,32.713128,-117.14406,0.0078,32.712648,32.713753,-117.144589,-117.143658,0.1229,0.0871
484,32.713621,-117.149861,33.474595,0.03347,2023/9/20,2023/10/17,2023,9,2023,10,27,3.86,40,9.29,30.71,4.31,27.699365,0.01,True,True,False,0.01,259,32.713599,-117.149857,0.0025,32.713411,32.713825,-117.150206,-117.149513,0.046,0.0648
485,32.76063,-117.062762,32.383307,0.03238,2024/9/11,2024/10/29,2024,9,2024,10,48,6.86,12,0.46,11.54,26.08,27.594831,0.01,True,True,False,0.01,12,32.760646,-117.062759,0.0018,32.760623,32.760687,-117.062833,-117.062416,0.0071,0.039
486,32.747939,-117.153578,16.016319,0.01602,2023/10/4,2023/10/31,2023,10,2023,10,27,3.86,15,0.94,14.06,16.04,27.560264,0.01,True,True,False,0.01,28,32.747963,-117.153501,0.0077,32.747816,32.748078,-117.153654,-117.153435,0.0291,0.0205
487,32.799394,-117.243385,112.326609,0.11233,2022/6/1,2022/6/7,2022,6,2022,6,6,0.86,11,0.34,10.66,32.24,27.548152,0.01,True,True,False,0.01,51,32.799299,-117.243117,0.0272,32.798652,32.80027,-117.244288,-117.242189,0.1799,0.1962
488,32.753115,-117.252479,51.195792,0.0512,2022/2/9,2022/2/15,2022,2,2022,2,6,0.86,11,0.34,10.66,32.18,27.528284,0.01,True,True,False,0.01,61,32.753147,-117.252378,0.0102,32.752669,32.753568,-117.25284,-117.251949,0.1,0.0833
489,32.710719,-117.167879,427.113255,0.42711,2022/3/23,2022/4/12,2022,3,2022,4,20,2.86,53,15.56,37.44,3.41,27.525646,0.01,True,True,False,0.01,836,32.710494,-117.166013,0.1763,32.707084,32.714459,-117.172381,-117.163361,0.8201,0.8439
490,32.749672,-117.09436,16.643313,0.01664,2023/9/27,2023/12/12,2023,9,2023,12,76,10.86,29,4.9,24.1,5.92,27.48659,0.01,True,True,False,0.01,51,32.749745,-117.09439,0.0086,32.749565,32.749819,-117.094448,-117.094322,0.0282,0.0118
491,32.748508,-117.141095,110.125636,0.11013,2024/6/19,2024/7/23,2024,6,2024,7,34,4.86,33,6.41,26.59,5.14,27.469361,0.01,True,True,False,0.01,193,32.748145,-117.140812,0.0483,32.747523,32.749464,-117.14194,-117.140004,0.2158,0.1811
492,32.759548,-117.196118,80.664749,0.08066,2024/3/20,2024/11/26,2024,3,2024,11,251,35.86,66,22.55,43.45,2.93,27.444279,0.01,True,True,False,0.01,102,32.759306,-117.196137,0.027,32.75885,32.760031,-117.196768,-117.195339,0.1313,0.1336
493,32.552157,-117.039992,387.093258,0.38709,2024/8/28,2024/11/26,2024,8,2024,11,90,12.86,46,12.13,33.87,3.79,27.441047,0.01,True,True,False,0.01,165,32.551703,-117.040256,0.0562,32.549068,32.554917,-117.042679,-117.036493,0.6504,0.5798
494,32.740994,-117.140619,20.978308,0.02098,2022/8/31,2023/6/20,2022,8,2023,6,293,41.86,116,53.41,62.59,2.17,27.397323,0.01,True,True,False,0.01,182,32.740962,-117.140678,0.0066,32.740815,32.74112,-117.140834,-117.140469,0.0339,0.0341
495,32.724051,-117.162955,69.855809,0.06986,2023/5/10,2023/6/13,2023,5,2023,6,34,4.86,24,3.23,20.77,7.43,27.373171,0.01,True,True,False,0.01,69,32.723741,-117.162953,0.0345,32.723425,32.724619,-117.163579,-117.162287,0.1328,0.1209
496,32.705322,-117.162621,338.853422,0.33885,2024/5/29,2024/12/24,2024,5,2024,12,209,29.86,128,61.5,66.5,2.08,27.339011,0.01,True,True,False,0.01,372,32.706833,-117.162188,0.1729,32.702474,32.708366,-117.166007,-117.159445,0.6552,0.614
497,32.713668,-117.145053,140.27939,0.14028,2023/11/8,2023/12/5,2023,11,2023,12,27,3.86,47,12.66,34.34,3.71,27.322218,0.01,True,True,False,0.01,355,32.713045,-117.144694,0.077,32.712506,32.714279,-117.146468,-117.143661,0.1971,0.2626
498,32.74519,-117.07777,76.014108,0.07601,2023/5/24,2024/3/12,2023,5,2024,3,293,41.86,108,48.22,59.78,2.24,27.317952,0.01,True,True,False,0.01,132,32.745388,-117.07786,0.0235,32.744843,32.745869,-117.078575,-117.076967,0.1141,0.1504
499,32.767433,-117.055843,18.290163,0.01829,2023/9/20,2023/11/14,2023,9,2023,11,55,7.86,28,4.58,23.42,6.12,27.282808,0.01,True,True,False,0.01,67,32.767488,-117.055826,0.0063,32.767394,32.767559,-117.056022,-117.055687,0.0183,0.0313
500,32.716845,-117.154141,35.071294,0.03507,2024/4/3,2024/4/9,2024,4,2024,4,6,0.86,15,0.96,14.04,15.67,27.236411,0.01,True,True,False,0.01,121,32.716859,-117.154201,0.0058,32.716539,32.717128,-117.154507,-117.153876,0.0655,0.059
